linf,k
141.52607617723163,0.08739596488301829
139.0995357074436,0.09411762854918249
131.34907800821972,0.09031920767266331
131.03608980552676,0.09585742516026496
131.17848556743166,0.08564999555987526
133.04263244570387,0.0852160390216235
137.51970810405453,0.08942250891212766
151.6002786118268,0.08788382522444989
139.03650343906818,0.0931071787458811
133.69290495938586,0.09593374892984453
134.66566068883378,0.09524997215123389
134.86412824888703,0.0991061750387352
140.66268138668914,0.0982837802277948
143.5106082020813,0.08483638616423228
141.0708094443141,0.08703458272917267
140.3675906161345,0.08998440969322821
142.01915180099658,0.09121604116573452
135.22377069938477,0.08553201654294505
137.11198320341254,0.09578738421518271
151.19577453785013,0.09075610759053594
142.30561145685354,0.09335025275649465
142.92358600250446,0.0861394857850948
142.08653883113587,0.09469902543314389
144.7932902700307,0.08704243723129154
146.60370688077003,0.09081121035867613
144.5871192815498,0.08926892046517375
142.49729272293376,0.09570903929737049
140.4093673372958,0.09617632257588868
147.80882168962953,0.09264365183292214
136.6467849873537,0.09470167528347584
144.94223007125694,0.08570272052080445
141.79650505915998,0.08766674540627205
139.68562444390741,0.0912754729380134
148.24286885950937,0.08987806236081063
149.14538635269,0.08909606343984795
140.6101924949748,0.08505615590718013
140.09096553235386,0.0941871566741747
135.24782326939157,0.09248961974114969
144.33140875232402,0.10216572112174889
142.55653307436847,0.0831401633757586
146.92614661095013,0.08138829876381182
140.64076388906417,0.09842873753588555
141.80705156242547,0.0908246288020861
144.67252717090648,0.0871701428261636
145.1153300564681,0.08615935555965842
142.1626959966366,0.09224926736425006
141.98654950664874,0.08585123820895683
147.2438622678778,0.08459117225584084
150.5982280185833,0.0884371140657755
154.63852155865936,0.08579096029613312
139.65695832198813,0.08312293928751123
134.8590919721761,0.09533823940240567
139.2505676336025,0.09786266974244318
143.3127210621234,0.09419544667527424
145.55861867820306,0.09448898454777259
149.24664389128384,0.08583653765304666
138.5686362940023,0.09331674474676876
150.0433322663172,0.08556012362886219
149.35850199652987,0.09490824494047784
142.5603255034468,0.08619096032572338
152.6621719171445,0.08039118023340229
152.75001971370858,0.07922807642547924
147.43193093497013,0.08299826166037165
142.17458884605688,0.08536569208043324
147.8985694584923,0.08551410247613876
150.2511739203877,0.08741447983037302
140.47476339757333,0.09318225245138782
142.99580702484948,0.09140128641891161
138.38549332961117,0.08813093072878019
140.25461961900385,0.0833457248094483
139.06431543928605,0.09940782354671673
137.70041723594665,0.08924057996191494
143.81221081148846,0.08008701320021779
148.08226467097742,0.08186379455553061
143.3541662669115,0.07983672165755919
144.1828476594282,0.08888495984585798
145.0314548451113,0.09140515972924419
147.95331886696906,0.08945501701988592
150.29212337921,0.08629917141363734
154.1727649055949,0.08576121817649997
156.31551567460247,0.08849560716192646
144.91015525987942,0.08142540559465843
143.5552239808001,0.08394318183380886
144.08809016412346,0.08519098248769985
141.28870242688316,0.0996579861249481
139.79731684354746,0.08562764794615511
139.50391824823492,0.08733266818488035
140.96477987629513,0.0918739951916515
141.26170785954065,0.09658586970431665
148.29392146999663,0.07940351522845497
142.1518190504114,0.08823738829948688
150.1240410325172,0.07847352105965621
147.20703620440594,0.09105803437255555
146.82234200263133,0.08722189059906614
149.5928591537812,0.09229911108780035
149.00996508524005,0.09496266585689833
144.05848252318407,0.09145351955708822
147.1344758052824,0.09215700006656792
143.52302520205836,0.08558130930650862
151.6737612047293,0.08694604235224589
142.83336823428158,0.09393871479386026
143.1673056714161,0.0933884450000388
152.6379632992851,0.09262211626676917
139.12849017801776,0.09372339774315791
140.3705378795533,0.09852001800821863
134.93062097900852,0.08874391039003632
153.1619287846285,0.0857113615269882
147.5332250230897,0.07800334133281353
148.29950398867507,0.08476486956825412
151.58238329555738,0.07406451110544762
128.00637740487937,0.09653637716831637
130.40912051529645,0.09008407874909656
135.58311433068727,0.09419732010684868
135.57348530856427,0.08617412993955904
143.16438332450252,0.08748118397794989
143.16366396569208,0.09461545323595288
142.99138730601732,0.09844597284677246
142.6451709345589,0.10077475191578035
143.34417005763606,0.09748211571096138
152.19742021701668,0.08427485669878344
144.767010082428,0.08371765784885893
149.42449876392772,0.09023798751125944
140.08519300514178,0.09113193788343935
146.843780727775,0.09354760695644658
145.72903728005554,0.08845297067469751
148.5702942944269,0.08575191182168203
137.30141016160965,0.08858807038844009
149.9609337203274,0.09166530152430634
136.59202486119167,0.09232034247653938
133.55824655107796,0.1018942222589095
132.19670723648107,0.09952939766473302
131.53109014505833,0.09356305201841815
138.48913417140943,0.0881418312339486
144.17120827620144,0.08129499200510433
140.7278399077901,0.08545167208329241
149.26786926381178,0.08256577578018379
149.59603587776863,0.08148719625684868
152.32101536136133,0.08208621566876564
140.57467655325542,0.08590289655887895
140.91686497831594,0.090952871619869
143.1344391716658,0.08943495524357412
143.9248804853461,0.08281357119795081
148.26384394727677,0.08830750362344322
144.54194184062135,0.08640585496751345
155.1533619317674,0.08947510337755621
145.12741519438998,0.08578622677948793
135.39256412982039,0.08613508375695145
139.66205214959962,0.07923439591772691
158.07208132588295,0.10168432571259753
155.40657245809487,0.08853930983537517
151.25569816136283,0.07657088739787102
152.53486738736524,0.08092033964318818
141.2657139154866,0.09987882305682248
136.23925343175648,0.09520760690493918
147.4333617323436,0.08871086808220136
146.7602484333575,0.09281682114854742
146.66001776329475,0.08790406898323996
145.83602231603385,0.09184216630960679
142.54671238087298,0.08740483292791325
142.8880009728402,0.09302422597854373
147.3485754882391,0.09889639885403424
144.04826335200974,0.09604970862434146
141.22046733359693,0.09354241136734538
140.0714926381406,0.0862530252985027
145.16709144720716,0.10116299956996254
151.6028104405828,0.08628279210146929
146.5466320720049,0.08529749893632559
144.90736732052804,0.08664073936281327
150.73244040412797,0.08614369631012368
145.8171976763976,0.09009164158036197
143.98649639482718,0.09095286673731402
142.67646872089034,0.08836792763870092
147.16142605707614,0.08692907352233509
142.1893669380947,0.09335981796198224
141.644035570087,0.09244930094925309
140.68083815041177,0.09641647000669697
143.057969077175,0.0812643649090205
140.78156291534586,0.09456462861806011
135.48926631645358,0.09581718984148953
139.3752542458242,0.10323246388400208
141.1204644988232,0.08936065319392161
146.88882877994382,0.10234929674237432
144.6096777495277,0.10008326284785678
140.96847754838933,0.07985104618833866
136.93628845832393,0.07589501399201758
151.83257697955455,0.09484301642357684
138.92677966564938,0.08723825901928939
144.14911494551748,0.09013133698802402
146.96508779128763,0.09139685095963712
142.28393052009068,0.0861276895181837
139.75819446232452,0.08774664329865406
142.51834815007012,0.0923909661589992
142.11152635745538,0.08706022979746805
144.32642705650576,0.09025081348319122
149.80054088372725,0.08910291173934996
138.5308742912056,0.08990305667450843
151.21415515828804,0.09499354055928352
152.91399500064318,0.095715333554768
140.95419127764234,0.09582379034123249
151.39481674641456,0.0819269192777098
150.9522012242996,0.08351476764245243
148.60211038464533,0.0934427257073989
148.27978290292552,0.094218040121424207
142.56754470286378,0.09063150428620363
135.5521696766749,0.09852915601275435
152.2691365303109,0.08430177725487058
132.83184778884066,0.0944394694163007
144.99855105290277,0.0849604845005983
142.68256619880313,0.09173686478901653
145.75738219480778,0.08897662916301499
150.53396252475665,0.08822474779081045
151.87511322638957,0.08987892127262714
140.12422451499438,0.08573676316918083
145.16787077578022,0.09918635757752008
145.974698081185,0.08744647117996741
142.8982384106292,0.09155978055965693
139.12366334765244,0.08937256063288429
136.980931039629,0.09183541160376794
142.16414417667752,0.09460011695458583
140.92401643806912,0.09264042826489165
145.83098863350114,0.09296252527713754
143.61896654020848,0.0910859163141882
144.24758542684458,0.09193299642715032
144.47070468168573,0.08843235435363359
157.42050754328045,0.08755126994889946
141.71704770806662,0.0824104879842017
134.8892115133458,0.08731598126732418
148.61509661718648,0.08681609135543966
147.1631390754104,0.09324479924647909
146.50269735100656,0.08055027552444347
140.43815395288914,0.08327569302750969
147.35576969057118,0.09311454672770209
142.05238531334246,0.08533887764856468
143.98425890536484,0.08356147408596493
148.13481454114023,0.08974109925642132
150.05673635397957,0.09083891106321614
149.49246172191664,0.08832793303315167
141.72828646269681,0.08796706177732223
145.47712465542543,0.08971454675031501
145.75190899501436,0.08962452276543355
143.54227389103346,0.0890897662592367
146.29974852296218,0.08297109417002199
145.24398511235356,0.08682105255962372
143.23131853245957,0.09635872760488122
143.85772355207516,0.08658703165466343
138.32595612004118,0.09566621204395837
146.81746484953965,0.08182190828994972
150.19180230656076,0.08580808683743586
154.09977986424818,0.08271144244517536
135.75592083103405,0.08762902193081099
152.02754551676895,0.09252349426181493
136.8271305474921,0.08933369383207941
131.93768188519718,0.08865861050506066
131.48485575394898,0.08685686698527784
134.2393494064333,0.08538209856423815
133.59303682045626,0.08174618003689577
135.93438978784698,0.09034351486271665
141.4396195805553,0.09346962199922149
151.39769677156684,0.08081956034660218
151.605975388291,0.07129749157580785
133.3053541376874,0.10000059771990057
146.01950813658095,0.08724667984482443
139.94772138565878,0.09194209410888363
140.38049467877894,0.09282632569905847
137.84608801643685,0.098812234808779
142.02836721976445,0.09977754041261977
148.09208866975092,0.0859919884980741
139.34168218875735,0.0871483721398986
138.64486452426198,0.09128335680530711
139.78251416089867,0.08965312045153713
139.10673244635922,0.08926700032878918
138.68742324040068,0.09428253032785572
141.10828283737882,0.08768839423677383
145.0068351995894,0.08188642900970701
140.1137875674379,0.09182685801164771
148.40261468150703,0.08616217148322707
132.2096508806881,0.10457338353120606
130.153682275537,0.10116316187140116
142.75443043904573,0.08733831856353833
150.52237061908082,0.08718577231862897
146.34285147912595,0.09400256989235724
146.57020270569103,0.092198625624035
139.25722382607634,0.09427030310183673
141.9840800277245,0.09251673771101965
141.69973854412044,0.09468480376462193
147.69974116951101,0.08626188073809254
145.51408566088884,0.08501291922887717
146.26075523440065,0.08927024663698092
147.0354784226786,0.09503198834315263
139.86491681624577,0.08308965831252843
144.5019209507333,0.08452116850533915
140.07586714862825,0.08488846776845665
145.41447589439488,0.08172801116381381
151.51919643946653,0.08671992395195481
140.69962542675054,0.08400341853032726
141.37888512258294,0.08382774779700829
140.46716045773587,0.09314928961636544
142.85019445550512,0.09178529392087914
139.65114520453577,0.0916746042058141
146.04213802192504,0.09019605655473706
139.07077032279904,0.08750306012275647
141.113813159059,0.08780346539922067
150.32237756029818,0.09477702612453051
139.02533839002385,0.09413147648587396
136.78330954526035,0.09410161770054389
143.65652945985946,0.08953181251356973
142.67772080416256,0.088947051620828
146.40390310824978,0.08179950028914659
139.4018968103989,0.09640647124403383
148.0268252798823,0.08698447345337516
146.94231340494431,0.07864522030764187
136.3258958477506,0.08936511605351607
155.081563450114,0.08249592296878476
150.08973976829685,0.08430521321912002
149.0296342879722,0.09099118838859678
141.43488370992878,0.09173821129905164
148.34549631036407,0.08966765869980342
144.48643538397224,0.08775540494091354
145.0521151074198,0.09052130499982529
142.01579484068247,0.08200570711856535
138.31627501265544,0.10167084664564985
137.82979955278248,0.09952050941783161
143.74913900087716,0.08648883373209157
146.37780217088417,0.07994414063955028
144.4248191996633,0.09308596340910673
147.26770435503587,0.08771115219274518
146.20976334416298,0.09053864185868829
147.00296757954226,0.08606748511502488
151.74960829718856,0.07916908566460479
150.29784386643752,0.07812725180549328
149.18095018924177,0.07740751689461582
149.9146388354308,0.087357685579605035
144.6456969407878,0.09027966471403172
144.488248549661,0.09461223752293635
147.61866527075247,0.09524265106137353
144.0610642845773,0.08512954602826191
143.7553805042911,0.09096561188946932
150.55073640696895,0.09051268503845711
133.38041474409485,0.09841367567890989
153.88109504166306,0.07738625970900348
148.837973431423,0.07799288063564311
151.89564256016658,0.07766350593062546
150.6098086098749,0.08104764166651296
143.38580517568525,0.08626194939925001
143.5627550217093,0.0858070847143843
142.39065249567685,0.08631385871642452
133.60088724576684,0.090634523475692
145.44459733747942,0.10225668057206572
144.60019267930153,0.07256214006881315
141.33942394911904,0.09384697276270396
136.69305542546635,0.09448704670983227
141.59669322236118,0.09055589966763308
139.18375010630277,0.0892315436254415
145.9882257928145,0.08260187670065407
142.7062728595541,0.09545501015957203
137.4785512839799,0.08437672222659497
148.96637543152295,0.08654691977162333
148.4945435263442,0.08429534780021802
149.37496476749968,0.08735886889103418
139.3074151092041,0.09725779379008866
147.11021873849168,0.0800280260342168
144.7295539005589,0.09920017445922473
145.5095024091182,0.09541810508759153
149.59765737417868,0.07823702527857292
137.7791082596439,0.09968007226604035
146.88318774404522,0.08304761343845529
150.52810543703697,0.09359559478779808
149.4111326393601,0.08794474177589277
143.65033606228732,0.0884528807771196
142.1602646077587,0.09043737823302542
149.4968900408772,0.08851438178793594
154.434137586949,0.08649617224213695
137.5299829079832,0.09099012694569568
140.35090025608648,0.09787995683993389
147.6308996762013,0.08701799438104899
140.47234043016454,0.09110644903485436
148.27140355944812,0.07793813623527036
148.3692856658544,0.07847251312750972
151.98737506572493,0.08171906046124477
141.37045165534795,0.09566653379511215
140.73737834449608,0.09327006282711924
146.4249564187033,0.0852499690793403
137.9573905677311,0.08084049503666282
147.69248419753293,0.08636624296964521
150.51155517490562,0.089494444903707
134.442296048564,0.08387574036972534
144.17177637802416,0.09246967934011215
147.66655468105483,0.082536787963235
137.07426910028593,0.09045671327073418
127.74380028402464,0.09924830314937198
154.35946683190474,0.08167207708259484
146.85863371700506,0.09758406861480184
155.06876428074926,0.09253519964360606
149.54788782282674,0.08851021508731544
154.7783329132585,0.09041311359641215
151.72991876468762,0.08828988476728016
143.20232180355939,0.09030561812372155
157.13675610364385,0.08152773442871959
128.20313654514217,0.09342832578297859
156.86394016472525,0.09232142059310962
145.35621492791685,0.0839759281162511
145.35621492791685,0.0839759281162511
147.36823957958134,0.08417493111057688
141.93330672953786,0.08598783102025809
140.85190985211997,0.08579530149168545
141.55287238455816,0.08357981743345944
137.3797165595677,0.09576503909518304
144.1720182023434,0.0950215826112917
141.3349425367999,0.08895437970003278
145.80179376978975,0.09461603341361036
142.09205489512004,0.08681770445227777
146.27097192568004,0.09445419802285132
145.18062505400317,0.09123600874720826
151.73077328017155,0.09527663275291508
129.485885481173,0.09862342922903675
143.75156286739323,0.09584569404796399
149.35844132830078,0.09091496966607239
147.36935238629684,0.08673168455266082
140.7127928734844,0.09442546001586387
146.95195168565638,0.08914605217894274
146.71207315939017,0.09010270610507724
141.16574200953733,0.0890854154059171
142.27806081785624,0.0904066191996157
142.04495329621844,0.0932457804997245
138.41555807522815,0.0792661027180478
135.145953187066,0.10038567758857758
138.28691422114483,0.0811152128549459
144.632611875363,0.0969317796415654
144.0470053125519,0.0926256028550311
142.44191606358504,0.09671911711288776
154.70666299310426,0.07958898346352554
134.0197046036692,0.10651100986816421
141.2902848597543,0.09879808927091754
143.2863466799959,0.09767980140783508
138.60863499984507,0.09613049673237162
143.52471626862302,0.09411976083812558
144.29284187097147,0.09378382131938835
150.5001156037444,0.08845443569518144
151.13212068555083,0.08658238095981344
147.65643641328177,0.08490754732385654
145.0003666653985,0.09282663507576835
142.55368539456958,0.0864829518022508
138.86326513404106,0.0852134807905198
138.2929023406325,0.08633503699098224
141.83598612998165,0.09165295594857749
143.43128686896358,0.0864350336927917
142.40145493981996,0.0885704733819206
141.0912128607304,0.08321889577913337
143.94977397756128,0.08937164457525448
145.80446814566938,0.08713735478617894
139.61913779764083,0.09340336627126421
146.19809471484413,0.08421799032005765
150.70622843357728,0.08612532049487052
138.4911103529903,0.09422581214432227
140.14245314928155,0.09809009436244015
146.55904766117538,0.0914439362371387
147.71966754579202,0.09242923966891055
135.01945238270238,0.10092968840445168
144.2338323227911,0.09685486284722271
142.69440583063889,0.0831391668691772
141.39381906207626,0.09447346231067805
141.70547782336178,0.09321722318607492
141.98238853239488,0.09472510443849211
143.79466860312561,0.08126639451710917
144.21587448788893,0.0912968815626175
142.78754109284554,0.08832534386224399
141.8577417090916,0.09044945039557101
140.06882676647584,0.07892030613558494
138.42590984998532,0.08777948665879587
147.44482602416628,0.084746369256202
148.04124581272347,0.0915555555773349
136.93585436343977,0.09313526506263674
142.69336582017354,0.0944442304320568
133.18462566559316,0.08599298540777378
145.71614388114202,0.09176947825395389
136.47007884594524,0.08503843850147016
135.33181830812097,0.09986859215892102
147.8922512196078,0.08593306490062592
132.5846606769114,0.10296487071358097
147.40238879373368,0.0846113282519912
143.13353380400707,0.07912825962887032
151.32465666027935,0.08255757259320415
148.3091934347655,0.09111937056049695
143.33751670809406,0.08945867333534052
144.576183139174,0.08968304507084691
147.01583775217983,0.08599735849257957
152.12192267636178,0.085513308658573
142.85832282762865,0.08116148152198811
137.0278929578789,0.085441093268537
148.39547069414607,0.08626156823685849
139.69700653478634,0.09492899573441266
143.52262417915878,0.09230395761266368
142.45194763909768,0.09300353949002767
148.82184886903195,0.08580915419392347
142.25848910024305,0.08209129654301266
147.41061216091876,0.08620073765691898
152.95812333482036,0.07838148121410032
147.30658689503483,0.08866530708382656
152.60166013498178,0.08848435904003457
137.89462045265074,0.09576547366649019
142.50261775204936,0.08920281796694676
145.4603203231782,0.08502745203788906
146.89012079388823,0.08834914713612156
149.03179426846262,0.08989322684830528
136.44585534973524,0.09341018892448064
136.47971016044588,0.09090479958880271
151.03636635761765,0.08329771240667087
164.455914461284,0.08465903318581915
164.9036185067058,0.08303394694862008
164.83042085237037,0.08613921411073337
159.51215553320247,0.08690300492451358
136.5056736481233,0.08179532960735172
145.64544513841994,0.0745326931102321
142.99848991208714,0.08604201663224255
135.558148351865,0.08978078068089328
145.63346713391184,0.09230616561264801
139.72927856270599,0.09776191997454313
129.36350238274298,0.08416351804038667
131.67725761986966,0.08387769621454352
149.11272563737674,0.09697791681438793
143.62523921790756,0.09143361897859298
143.37432713452952,0.0875114574323148
143.01214725693052,0.08050535217169008
145.85795858283086,0.0861900802303891
141.60984611760128,0.09399311327158771
137.2239033729318,0.08558097348406951
139.41329270251285,0.08921623562376926
139.36537644522028,0.08699890723033635
149.2543950670889,0.09226945359883235
154.1644741838791,0.09028643516898001
137.49327363157383,0.09138202137466464
149.46916481578313,0.0894444195883142
140.4640790818645,0.08177014312399358
142.7699313467424,0.08183181413465672
150.3801558139025,0.0851611749240198
145.3741874800141,0.08543685493790754
141.89627590453588,0.08804252154351914
142.38893609992402,0.09356389333578521
145.69727430373146,0.08584608774928379
145.1460794961781,0.0957813709617964
141.66555006272722,0.08515297294881057
142.9381253552561,0.08215143364661445
144.5944046091108,0.085760263490721
143.0656246790359,0.0921834926282526
145.34216971402196,0.09339375437487415
141.8804133536411,0.08910661351084095
138.5483223571618,0.09159582433737855
142.01150991846586,0.09128970588123562
145.03411534601705,0.09283569510286079
141.4102317970784,0.0950043213812283
142.39938627396364,0.08906220332222962
139.83973947495295,0.09578369407267652
135.0304566359787,0.09122898970196833
143.08875183868273,0.095585972244235
142.05416061911058,0.096929550561983
139.36230150389304,0.092046395822137
156.6480988600402,0.07898803135708042
144.91405806673012,0.07922772090726941
145.15515229417056,0.08902455896687284
138.6848649105526,0.0961659158200751
138.41310732627772,0.09652548294883856
132.25790249096235,0.08152789169386489
139.1407723950792,0.08332046033899572
138.20247720218293,0.08406501632547796
149.77939338166652,0.08773369397303249
139.9171441130912,0.08957507071154996
139.9171441130912,0.08957507071154996
139.78092179289627,0.09084634834235468
143.65431231216604,0.08749209776123046
138.6616886571111,0.07719922491014884
147.53094619986572,0.07873818984857428
137.12520470004495,0.08493125819114988
127.67726502750105,0.0852879661487145
149.3366744492064,0.09440183094007867
150.10261508725353,0.08754541950691402
141.49200712006294,0.0848355113772242
143.12368095382428,0.08344439251392954
159.3840693068981,0.09417205108626543
149.27311748089392,0.07931792224259543
152.72197962759313,0.09064148043965453
145.91464564351227,0.0838951600051593
146.41463726126415,0.09438580893672081
142.58343474036147,0.08560706518540095
156.7441422773327,0.08802594222045595
139.21618353894024,0.10180947478777679
147.83748441842877,0.0828457129094688
147.41266243209031,0.08089808426323454
148.63188070049037,0.08789534434966627
147.23551618032388,0.08853140492034173
151.49021172807147,0.08699489363127752
140.95942930712883,0.07840962035347941
146.44742203870706,0.07697797454798273
144.89906216286326,0.07709937010521895
143.39312828011845,0.09632325132600975
152.33673265499036,0.08473981600421217
133.97402260363734,0.09430238763075197
135.87911580042788,0.09632319367540183
150.1286687380535,0.0872790617866154
144.815859678738,0.09031042673686276
134.38798653924442,0.08889768652077919
138.03055580907554,0.09256837684984189
137.67771826170795,0.09146899461479369
136.17297859521142,0.08376416727196316
144.6870064114882,0.08475628972117522
134.71602562906023,0.09488038609271345
137.48380103966662,0.09305584809262671
134.75625498094536,0.0939395399065504
152.78233362905732,0.08085979181177803
147.62576676999132,0.09239956830662237
142.0043430351464,0.0934415093892211
146.301921562965,0.1000599472849333
145.24240509175215,0.08497282085004253
141.09815135693609,0.10020378282692823
138.84814060498195,0.08864956968309361
135.79741544518615,0.09157563646388006
134.2849767877479,0.09170792427003578
135.15889452645578,0.09783357260965708
152.03372851795115,0.08036167476045747
143.36980213387395,0.08653654308479687
147.61940577712457,0.08722638541822911
143.87938219150135,0.0858328147325149
132.00514141955924,0.09743885106196291
129.00625200610878,0.0977537800220383
141.22259838355092,0.09129538845796228
140.34954245475936,0.10010114914119723
141.01884836632703,0.0961167751543556
142.65342330316224,0.09376998456275067
144.25689823334986,0.09603134848848548
145.81734796461137,0.08579817898746359
144.87357592262558,0.08724328443430594
142.1375643684397,0.09269804117979547
143.5459190420463,0.09036065808154098
137.95046072300826,0.09142324815052053
140.31813882269591,0.08676604755061199
143.90139777065983,0.09668926653181957
144.93358390837864,0.07873995929571473
152.27584258254177,0.08723678167562436
146.1542056429979,0.08650233009514352
150.67802865709183,0.08734720873043332
148.99820319624737,0.07874633755007339
140.314515779344,0.09614717355763716
141.79262008728548,0.08644573113733639
140.15701587175334,0.09461965991422036
145.73089150905383,0.08629688001228746
143.9219966571454,0.08213472284577993
141.59833022672342,0.08106447886752083
151.6171957635572,0.08398007255688085
154.52481486309037,0.07433035593979755
153.91928093931207,0.07919891500881113
146.16179531160225,0.0824887890355512
145.237024128696,0.10480739752844798
145.39053701290658,0.0981155138926862
149.39156429400896,0.09610618090465504
143.01940001401326,0.08304291254227845
141.97501478915197,0.09593059899517327
140.5218276845881,0.09205595186076809
144.76756497065844,0.09958611733776261
149.24704200775074,0.09355074196355065
147.3551878461743,0.09208051616591732
145.5315531996632,0.09285552775892535
138.49923977716057,0.10113201261433905
137.0998494029376,0.09952860337601903
139.30296765144212,0.0989291697167238
135.15297186702065,0.09088871474593069
148.158533169835,0.08772970654336534
139.53923481702293,0.09172553270560964
156.49842024624655,0.08470019213853106
141.71968179998828,0.0882138949481121
148.11022024950867,0.08003933329284244
150.45503026121327,0.08656925665530381
154.76484463003922,0.0851731945495729
138.5591589650173,0.09377457867516294
134.81050005457513,0.09720002803120348
141.20696099628526,0.09283064908937089
149.9445519627113,0.08991559339028504
150.53785771744597,0.09732546159374672
144.34652657625492,0.08835649127617097
150.39572494962462,0.09134406723322572
152.06129509949014,0.0889513818771526
149.42334917235877,0.08985403618591269
145.12913337376796,0.10043085818232543
145.34546764387167,0.08353042592409242
148.34455708643083,0.09236620138877812
148.58635878935027,0.09693563622352162
138.98572858640816,0.08958392037891036
142.3621813333606,0.09500916052632619
141.5827304378315,0.08441878555215805
131.3579556857212,0.10012579967554162
147.43961041985776,0.07516107963479418
148.9714573950499,0.080057668525276
146.90123685911243,0.09748224638198118
146.48092271651024,0.08435929172704111
139.83461966955352,0.09296542592483563
152.27953763650223,0.08507478547142105
152.10237361354172,0.08788580407994288
147.94996258033518,0.08204507735016835
147.5590172587978,0.08066412718489559
139.20075800716984,0.09747701734268624
136.67611049078917,0.10017253432198353
140.62308880181845,0.0848542584677906
139.57640225003317,0.0882790705657206
131.89384805423936,0.09367706747427666
134.14153643465832,0.09651740346231137
139.93997634603042,0.091105466866336
139.63399275441353,0.08406229873595505
138.62681288042162,0.08744751327920224
138.20859010762865,0.0946319824086025
137.53356254532576,0.0864829650738881
134.90044629422744,0.10053519568899917
141.71699523815775,0.09082648309768641
132.4391010114944,0.08935126277268933
134.50445038918394,0.08874261049864655
149.7935604139923,0.0961373318278455
136.52489849806344,0.09626237280151063
139.95417782546699,0.08814060361231493
143.51628179919229,0.0823733663241461
149.5504889855056,0.10023988346479429
132.51521246211456,0.1025878047435659
146.89671194338837,0.09150638196435482
149.3932114542439,0.08287129856798564
141.7264216081406,0.0974151386429299
144.27838223841633,0.09314094633785573
144.94937971637708,0.09296807703003276
149.11090236517785,0.08304976468052405
142.8459690358146,0.09031822399427003
146.6212448211678,0.09255959732098593
141.6464067049115,0.08563202422242007
155.33273888609926,0.08603768692687976
152.68816052658374,0.087086529414072
142.5483502288209,0.09097903114313154
144.36006351402966,0.08197663057822561
145.561370119698,0.08401674615878862
141.50868324501252,0.08694372378959846
141.6764496490684,0.09397277751008981
142.32798804370066,0.09684980259315544
137.39820189050965,0.09283792849445827
134.6099893652775,0.09300833214369456
129.87713997553362,0.09992905809785418
139.68406002191733,0.09214141906185744
142.50226114041607,0.09301414901156747
143.40821282234467,0.09000741958460232
144.88880102330745,0.08870923095311717
150.80614613974495,0.08729596140826401
144.05804144339933,0.08785914191120227
139.85537573990433,0.08500602927089179
146.55131452308677,0.08645049443893613
136.42177697696613,0.09498526848751215
145.14128921576085,0.09047406058688116
140.21516039942338,0.08519414510307217
147.71951493352032,0.08286636411998544
151.18472227536913,0.08184268585448574
150.8233472230005,0.10314275927441445
150.1267466544204,0.104432444739863
141.48121055904286,0.09882601150051398
149.20565881796387,0.08889378482569155
149.54490809702966,0.08168236447647857
146.49209098188877,0.09404190684929642
159.59251446226918,0.08692647843211418
143.5701483674116,0.08242586459846023
141.06626361412287,0.09162442584779966
139.57853309563998,0.09325155695857279
146.01243323310152,0.08861967439699987
139.670028832305,0.09194929462608259
146.24331725407606,0.08905779279001297
149.69567564689044,0.08949797264412747
132.9247898843387,0.09805795996105639
135.35020529137518,0.0982296803234545
150.3677719478828,0.09743274341451545
145.98571825133996,0.09844763254489665
143.32033946928897,0.08536952952655509
143.26249754405504,0.0850592630762273
142.75876374364535,0.09609524751119725
141.8476935401811,0.09824957605928669
145.3266699367841,0.08073474902391
143.76097325597175,0.08077226405876914
139.24253713749133,0.09118930039660267
139.04518007653323,0.09688473247571767
150.293272424884,0.08181059805561271
150.69584247130854,0.08176640890210163
134.52772062172184,0.08923231684125311
137.81402281011214,0.08813014889499018
138.40180100779935,0.08280546295637987
140.06468203246772,0.08230798497445022
141.96909719847437,0.08955078618306536
140.30683841258377,0.08676650897353876
143.96927539249424,0.09296453435072724
149.81562051043736,0.09445742298724315
142.93848263106213,0.09712090077830897
142.31812274306904,0.09414324655464822
148.76052137939604,0.08789511318613537
145.2115034010164,0.08303494566002283
151.475642315817,0.08262072431501281
154.66214551672016,0.07769573447730785
134.62228821675134,0.08798375617628822
134.9037599655979,0.07660942553977033
136.98606670774157,0.09462939331657699
134.49659041832902,0.09208776701109785
133.76161503194024,0.09451295439649031
140.68851626966475,0.08688099329863863
138.56313257465624,0.08833080767164708
136.07309222012321,0.0870288366244133
136.41156035348882,0.09477726574761682
129.8314884745425,0.08754392978899389
133.6260092129261,0.09479265101507725
138.10051655863603,0.09544208098130175
150.30045126259975,0.08422714209157989
143.42440622063992,0.09128468477309021
145.85137129250444,0.09127484405758582
134.8214960442791,0.09273241005357086
136.84024689083896,0.09844057877251265
134.98734426840028,0.0984271617331597
134.34691747925027,0.09781764801256375
137.6511443769919,0.10036369773603435
143.5264363820015,0.10071118821693271
140.82655051413985,0.09677601933416669
145.79235670319554,0.09317367230709353
145.46538234172283,0.0866660267954837
149.65971000530527,0.08654657593282399
143.76327339866054,0.09352342304517963
134.6162277122407,0.09873896237651743
150.73474328525285,0.0800919896503972
128.95000757086268,0.09904537557038173
139.34907302727714,0.08710641549473633
144.91648271100001,0.08423646118051235
150.6805847106458,0.08470465176591548
143.4913867382894,0.09793828175520489
144.67758397907107,0.09459617477796647
132.15942281925197,0.09575255008850515
133.0273030572057,0.10229991959457937
159.0077603616747,0.08262236743244822
151.53994696880142,0.08227497895983664
130.09715597342316,0.09884644791064116
134.24726163581337,0.09794317455486765
143.44469661566768,0.09578888361244951
145.78894731617189,0.08477347942393323
144.512592269772,0.08885415229892546
143.44351493920377,0.0937997518837718
146.83805599051462,0.08256419791225897
148.20645356817496,0.084761621678237975
145.68857774941787,0.09366129646499363
140.75826711871179,0.0814749711679766
140.3121851878358,0.09856806502757291
142.1412531089005,0.0921209021245716
153.921898412125,0.07942229530538782
142.93379372890897,0.08778663338336631
144.85087963500263,0.09037598903558355
148.63874996502386,0.09164802163771052
145.88606763163753,0.09239477718338907
148.10116435232078,0.09389130877700934
143.63452600784987,0.08710423590442044
139.57256176421228,0.08260399897349573
155.363333691891,0.08674684848512262
142.21193536120862,0.09234885569736288
140.41103128312145,0.09182334548984813
139.94512337866217,0.08960714290163214
140.37349622045326,0.0815807487331469
143.48196342997264,0.09368640200980649
147.4500921163676,0.0811437968753824
134.92299059601342,0.09581057598312946
134.88502659635702,0.08676036245526754
141.35346183325268,0.09189144944299352
143.94959227071286,0.08653901290559743
148.5958952566536,0.09094631286303097
136.97714166762194,0.09364534624828671
133.37796711247037,0.09026341056910085
136.01513977364863,0.09661106170862406
140.5251697904412,0.09595236214982256
141.44916767986032,0.09739073745458782
139.6039397356898,0.11150473800688038
131.90907756185194,0.09449319315244614
149.495429332514,0.07896066857089609
146.2472705143625,0.08082288484088572
151.76600486745718,0.07808925544623642
145.8642099278167,0.09527757548644922
148.10848446101485,0.08313908030346555
139.17402117707658,0.08529917392496723
149.07096049526245,0.09325779461492426
141.0339452588562,0.08831571686238678
143.74051799934858,0.08487535267503762
147.9606207237575,0.08361479221029568
146.23791824728093,0.09470204062920097
140.9248104133409,0.08909675457786888
142.03889906143104,0.0905293075209475
143.76479674728364,0.08181537387984811
145.48167361156095,0.0923168397010818
138.65033196295545,0.09672442370605559
142.0181547325178,0.09131934930882224
141.73086676881223,0.08592162648563804
149.34778380130078,0.0818828464621741
143.49932895425258,0.0882165514142076
130.79767755290996,0.08930751402658987
161.02394642773737,0.09254912149324594
132.2809115964148,0.09125569507821221
132.6268687971508,0.09043313738380442
130.932846709474,0.09176289467134323
147.53175977394437,0.09392687372889151
147.2267685873429,0.09235706385283536
145.49441802861313,0.09355309195133471
148.2216993519301,0.09889225914606511
154.30908471764522,0.0870995233186724
145.4475436915959,0.09168135826103037
149.33166821985253,0.08183769471401327
138.94152723356186,0.09616961195440471
149.7261083893934,0.08484015034758291
145.80312688305617,0.08868532825792699
135.5365996926647,0.09557060588072579
139.57944839053934,0.0959561349025849
129.0215554577629,0.10734166635214197
145.69058568427394,0.06879772427741011
150.94171034510845,0.08244712832199123
144.38075799419224,0.07192402742448989
141.5319214065908,0.10555008841296167
150.75240548228504,0.08465905068319111
147.21611900217152,0.0839674467533377
148.31951540272618,0.08563300598999109
149.03653902047907,0.0832231335374469
144.6645183486944,0.08056239019841935
135.6264769221489,0.08626430393053611
125.36685638425301,0.08456726126931625
126.53839499079392,0.09012565803185965
139.83529879219142,0.09703135353134273
135.61193450319666,0.08264509818271341
131.86320718546747,0.08502648361383508
146.14283250078785,0.08614991659314228
144.95490758071048,0.08570518836550169
134.66652860092714,0.0955890441372567
139.21388015091858,0.09605797575757682
137.01529145997898,0.09825635672508315
136.44672699734318,0.09693659535753353
138.00446978856843,0.09766212045007612
138.24909179335796,0.09631861730759028
152.33477264531464,0.09129217534984849
142.44540606770752,0.09549121685992744
146.3909528534778,0.10490206221375115
150.6456086864375,0.08070467284521524
148.26341203313217,0.08097290730656773
144.49676556895162,0.091956725772062
143.84261225386282,0.09490273933615481
130.39884671998726,0.10051478917424275
135.04116216963877,0.0985741734801599
144.65210016014848,0.09052011930304268
136.0408778796596,0.08422023261570058
145.26342440389712,0.09516663070470337
142.70219383682456,0.09636235483683138
152.0644342700846,0.08404961687548872
152.45152024795766,0.07689329337732081
144.47645182998858,0.08447654708082125
148.05333556847245,0.09535854273587754
147.85973057467757,0.09633766509496491
152.39588446202728,0.0977583268839885
129.75477642364626,0.08857403227290178
137.85716638315807,0.093966127879016
138.25956858471082,0.09540713748741067
132.77440043931773,0.0880182663148056
147.0272463123989,0.08354574925044625
144.28623387690365,0.08005572230267406
149.25885774909,0.09168953883410993
146.74223364558426,0.08909196132066223
150.08290895855765,0.08982653690866292
147.3396161315723,0.10650505944700767
143.25124679942098,0.07633938818644771
144.11168473865033,0.08961692829704962
142.8164419378883,0.0852158096992592
141.65453646451144,0.09272292000540873
139.96086998306365,0.08984061507875894
143.03287481300637,0.09412768158654293
147.7621400255232,0.084318173290832
149.23240545604486,0.08732117055744683
149.23240545604486,0.08732117055744683
146.5616242989401,0.09237243980591982
148.82152903357448,0.09156413820077478
144.45836423302626,0.09019902549187839
147.7859648712944,0.09349696256554633
138.00493663605067,0.08267319760123819
145.9977892627139,0.09244194204525727
148.70714792142266,0.10202381913727186
146.14707144111597,0.0951725485676192
138.0843960852482,0.09571695574010146
144.45272689113267,0.08307899725883242
137.1808595516268,0.07852646551453452
136.81473136168918,0.0818455698371371
145.58484847334964,0.08318017411395136
149.99031352957343,0.08540015353906055
144.11697522652304,0.09075394228939371
144.4578284513135,0.08258859725471014
144.99790947924296,0.08093905253867047
151.44966262150126,0.08621050517448624
152.43607005982085,0.07808470622706115
141.08215587753813,0.09850255594089202
148.10749892379502,0.08750131432120717
161.38993278859758,0.090634655964939
154.99456971297025,0.08675705977223507
148.53095353459506,0.08161929242280883
144.43463507567617,0.07898802341680951
148.3352565821664,0.08958120643107617
151.65626685276231,0.09338880899886584
130.5170350438722,0.08920769765100693
135.96322496363553,0.09375152942021502
151.10667339376772,0.08962010691737307
140.3343661527559,0.09634837915718347
147.9263128318008,0.07981427688231016
147.9116194956025,0.07886476530474577
135.64113560195148,0.10003716670549993
127.75104323053054,0.09608530055058447
145.2266140384205,0.08918828235012796
149.39896307642283,0.09345967850348327
148.14363588458596,0.08282468141956612
150.3491901202698,0.08102601841802183
158.67985625987458,0.0667648553629704
157.8785247450461,0.06729883085305151
142.78413099563454,0.09762804537668665
146.2947223308863,0.09176873668672457
143.0522807193645,0.08471100319783034
147.7821445403782,0.08804775683204605
146.7956467333528,0.09359484421744046
137.43096859783495,0.08381207925108053
149.40934672238987,0.09252900513415467
145.28702950979618,0.07926423982986076
140.9768763304421,0.08289469586730208
139.99906071613168,0.10006137828918499
145.34894532195835,0.0933031088670595
148.1928645510423,0.08633131759279174
150.80111367422262,0.08679174256275557
149.87813487049303,0.08889688449805587
147.2396145993663,0.08824798693257704
150.42411297342397,0.08582387244014196
144.2542515526549,0.08674956781990804
142.56396057150008,0.09030107635903419
156.26351966427637,0.08945111124904433
152.97339865884973,0.09098300662465479
142.42146350264406,0.08549228268316489
153.28791235211816,0.08600583345632917
129.2324930005352,0.07118751761871958
134.47307857413819,0.08863125991383863
142.21696373740482,0.07696778026158071
154.06607169310837,0.0945464862160631
155.61246148585806,0.08484518332840102
133.07577037831499,0.0916438074746209
144.60072429837697,0.09366289935617383
145.5841287665495,0.09199850813687387
152.11503666748357,0.07956947749896352
150.98968269259979,0.0775087898206782
139.97441152786672,0.10252856825690233
139.48063897560826,0.09545999426648155
139.91327602089564,0.0925547506182549
149.73673025089198,0.08050764049795062
152.24906328375425,0.07529583677956712
156.17755837357552,0.07974578908327665
148.63254550197018,0.08794758288378698
145.5170329649177,0.09352228280304825
145.36023804845027,0.0893146778417906
138.47704324836104,0.08638141381454366
152.6880531672018,0.09292080696738582
141.59462297061287,0.09320852715193592
142.64087815438631,0.10235499559211901
144.57392029348833,0.10067309534495394
150.98162550669178,0.10149763483369517
147.55007915876328,0.10011509946182577
144.21469679255242,0.08327679885769847
142.04418114357165,0.08214345454914018
146.70207460043864,0.09612689226126386
137.7262261896349,0.09136974422968852
138.70942198113107,0.0924578082578082
149.7347202834384,0.0894910255758247
145.99883551562948,0.08173475147079572
144.85542075368966,0.0919397734159846
146.77864484742767,0.0906447643448481
146.1012838737599,0.08765124503478428
143.53282624496336,0.08668196297887194
146.59812727049683,0.08860097570899313
141.36267241608593,0.09048065962026623
143.43558621732964,0.09909793794261848
141.89359397896044,0.10084329231811923
149.24883768008362,0.09913574431806961
145.2450042822128,0.0856048051877018
142.73709768693323,0.08856983907348241
151.70797263329553,0.08842264655890078
154.5230491965378,0.08422730942689867
132.85608159622555,0.09600130431132323
143.42275391735623,0.10006162498018333
134.54725534231974,0.0839580042397042
140.757991488404,0.08655929399974077
149.75594875519215,0.08865694649144927
139.60367034497096,0.09691407954653498
148.44307956631764,0.08777327111085526
149.31565531823995,0.08559171543312377
149.31565531823995,0.08559171543312377
146.33134970375747,0.08778538525989811
138.90216182463357,0.08093745950292341
161.29903229310452,0.08547875134026414
147.76234211723303,0.09034457922556911
136.33794206776523,0.0927850430478009
136.33794206776523,0.0927850430478009
141.27146101362007,0.10432011058090779
141.157163124242,0.09885203402496832
146.11473561933443,0.09679095929082462
148.92195442357294,0.09991196509883912
141.08666108877063,0.0821256264499534
143.43560210943576,0.09613448376451862
146.63789529634127,0.08476634945965171
145.23356576010812,0.0798286255182602
145.4117072761157,0.07774659574290295
144.3832323445694,0.07938765953710669
149.27512922648947,0.09015458580901674
150.63920935272753,0.09465762385730173
151.74524328203577,0.09366853535348979
148.60080262948452,0.0869291830870695
154.61392479596987,0.0921548906611756
143.6739515007162,0.08498136757886784
143.5572742669956,0.09590362309241808
149.0538965304274,0.09066956055008493
150.82529256854679,0.09217973446967312
150.61268223220202,0.08686161110448366
148.95003948970069,0.08838122324169102
146.8874207033857,0.0930730174890258
145.55347418265993,0.08814561162124579
146.48971564021755,0.08789674698172531
148.523831374889,0.09383396328671932
131.3988986370774,0.09669005503332546
157.63734715591562,0.07380232497553672
141.16129721468442,0.08976348230310495
139.05254582381795,0.08958833137369876
139.64737676534682,0.08987255642671955
141.54379181067185,0.09007711512386497
142.25177726596033,0.09420329253141117
141.63377398926383,0.09443836551800129
145.5292509009353,0.09375569169854835
153.02548050825166,0.0862668733798746
137.87164742991268,0.09032244581196376
143.5670647298473,0.09201988524711674
144.99951480165763,0.08673269768806517
143.56358387893252,0.09397917496238774
141.84836142853342,0.09145599469156065
141.3419226998954,0.09096745578438985
164.3963426645074,0.09523182843920171
150.15927075018706,0.08359468349331223
145.21918117268967,0.09473145728257824
149.05417368874544,0.09235042273179128
138.40618240058643,0.08839580443917218
134.66089565548697,0.0862724654358758
140.74042510821386,0.08576119783453445
150.45410838463158,0.09059287643629886
139.06129976564753,0.08604437462341018
146.5640385834155,0.09768124543379732
140.92059066187278,0.08679945933178142
144.0123039933194,0.09109715128820528
149.82264903639054,0.08487878675771557
146.31895148435075,0.08537328214912855
142.53604706822605,0.09335622361398363
137.7712380829444,0.09216788231694464
155.5998759022021,0.08795291317718226
144.33559759412694,0.08435759080837772
146.5414246524555,0.0873097424488376
143.73916840251192,0.08952279405308161
141.33107615506535,0.08830053645488574
143.28200880760747,0.08960099733507522
143.359600757785,0.08507246597002749
142.04377084988948,0.08503343351565543
141.1085882274679,0.09151417253847464
140.9133918071416,0.08981532261428911
145.84736781556944,0.09100924264443482
145.87737272000246,0.0886576408771093
147.95879626724246,0.08694950206006481
144.2294356947161,0.08964611918692653
138.54665911406357,0.08414665289722666
152.33673052416137,0.08544138787928005
157.14380145536617,0.08350996262532841
151.2207150510521,0.08356856882460299
139.32255589883815,0.09607911926158023
140.43573890599666,0.08837329913238023
140.37590024166113,0.09035031143236799
151.5731665702573,0.08892254891748885
143.79710000911135,0.09267396727490357
151.18056212286052,0.09254746521491933
147.17353955911616,0.08846473506893725
154.48292590482683,0.09390700851725772
157.5960284025942,0.08466992485141885
162.15022127566576,0.08660080410216384
160.64414748047574,0.08876998481695646
165.52943971234566,0.09077250383444554
150.7646608884453,0.08948221850888555
145.96124052412566,0.08923085565043218
152.06698689813643,0.08491372207093315
138.31818922278904,0.09445711524138643
153.28631908951903,0.08003536509343431
144.74731401154895,0.0972844947630141
151.79624430452392,0.08486640257033419
144.70430473545994,0.08581731060832898
146.31507387604773,0.0893052621612495
142.0697722207583,0.09285986632681563
152.29460991143256,0.0905178816478025
151.34112914677797,0.09137466888271754
154.5706828394199,0.08526135674856898
154.26854382478447,0.09171510902553237
145.9801694256078,0.09618540352512892
137.8242634628656,0.09666984990497984
154.90780571694154,0.08204726743898215
148.4501862146895,0.08319253068537487
146.03854936440254,0.08695964775873444
141.90747823193436,0.08532909735274741
140.96382766121843,0.09267119685365066
145.2076092114076,0.09529192549633698
146.07285527703866,0.07966989027238358
147.78165796486417,0.08844507944763574
138.373913527049,0.09265071515223286
143.87880819958232,0.09232152769681659
142.12266544742914,0.08990396851439235
142.37081533971875,0.08963876118748389
144.24308066021658,0.09340110774166432
137.14125552574095,0.09920255033662223
139.29643386084857,0.08315791261595683
136.08792459336988,0.09045619469222367
137.31827083637768,0.09352523735584702
158.61285799607904,0.08240968026806939
154.98075641791453,0.08188869766652443
137.47561702187764,0.09488444850178498
151.08074683256007,0.08059733596519084
144.72727626715331,0.08709142277890786
141.25841185192127,0.09728974761005514
142.46083605736192,0.10452635950184772
142.5004819647402,0.1050179048329722
142.2141153675193,0.10683606515220828
151.27507663110927,0.0892254039895062
153.29275108738798,0.08836549716453254
137.78081404449932,0.0928901906385171
149.5584634300681,0.08727032030302453
150.66142350997845,0.0887150383264321
149.13435232628413,0.08675866948996348
142.81018312637147,0.08799344730224663
136.09753286233882,0.0962739767944474
143.45804454610303,0.08773156508892543
138.23629526106072,0.08621669536081208
143.05741867734645,0.09057970411011912
151.08819250438054,0.09048110624312443
145.82521374082444,0.0897360255603186
138.65071977842453,0.08659210300576307
152.08964222677469,0.09133663838998095
138.5305311236474,0.0801804646833085
126.02298349592328,0.10103668119534182
166.37809319004162,0.08386998638668652
153.73730037711718,0.08684144034026191
149.7154563858485,0.09092239255866158
137.3390173213777,0.08783197406735227
152.8841579532508,0.09202410750533865
141.9437925177513,0.08779483577215906
149.22136245741714,0.08301118968496736
146.50957721859044,0.08232032682675446
148.96683505965294,0.08586824321041887
143.18012704030153,0.07932823021186354
139.77870893203882,0.08097676368715319
149.96707784127946,0.09754582580524798
150.18770754791825,0.08772613229909067
137.2823223493783,0.08963644972091109
149.01949016392805,0.08996725186932808
140.50589836925786,0.08979142779535301
138.213522888108,0.08532402622849326
148.45108263973955,0.09219726492912039
148.45353201756473,0.08901079532110628
149.63442949886976,0.09218890084823761
150.82193636236195,0.08674619304471337
137.76568297772536,0.09154729949219424
151.24606199341846,0.08643646814726262
151.6388636228416,0.08281021362064797
151.22702113951334,0.08441865940039539
146.24186496923954,0.08219414595451198
145.43802534119288,0.0816252586322748
132.43834278087942,0.09140552790861305
132.62879857558127,0.0915329125931156
130.57973700454238,0.0911064085549481
146.37066870549265,0.0880465489083123
146.49172423014548,0.08787856377372076
135.84302534679438,0.10113560635687471
134.8666493681418,0.09611283272803994
151.69149592961043,0.07821398154319709
143.22661033901005,0.08796604970325266
139.43719426820564,0.08660595816740231
142.55300611938577,0.08160982251060155
151.03722750487094,0.09257018494235594
145.52469252482544,0.09225071755572044
146.1609725577895,0.09714077383647715
139.23418853185282,0.08639921713943399
140.11544924601944,0.08834795495940347
141.83783348041243,0.1023906324591125
141.65088398106727,0.09768029157312406
150.4761368422184,0.07637371192677099
136.8065032397227,0.09638628125122567
142.319890055985,0.07878350510582766
160.12660902497925,0.08456953028810106
146.15969068490003,0.07831179138817321
138.16298731458062,0.0950702043832129
144.8138659874794,0.0915832220556956
143.9563303590607,0.0913322989458431
153.47958708569547,0.08977284844562014
143.81860292562294,0.08838535741993832
142.6508315150066,0.10032629664944
140.6953063241341,0.09920600076829207
142.04833473490706,0.09139469154899807
144.2554266854752,0.09235699839615542
147.47797458195407,0.09269143771760291
132.9567611592789,0.0824800844312006
138.85208058334035,0.08700285738536506
146.1998590114418,0.09035212454423891
143.073528110162,0.07778768323533684
144.085229559528,0.07795392295111096
146.94528827159826,0.07904668146357582
144.93071475598822,0.08378931516384015
149.32272533766726,0.08593655948039583
146.0728669255481,0.0861738631679484
149.75516620366412,0.08789314067727452
149.0694248643367,0.08720975142793255
139.09714003915946,0.09163886178970808
143.41201828859997,0.09646996091294924
137.99935198350764,0.09150100650053677
148.34926389166193,0.08938964501531245
144.89757792379774,0.08669501069289469
136.63661217782231,0.09167459110675232
141.46662356258742,0.08135116350540275
144.05496300078812,0.0859710108209869
142.60832796270387,0.08901766431487416
141.8107351855903,0.08739380055229698
153.05811511798555,0.08034551518320086
134.09319337038912,0.10054489571627287
142.50580132635798,0.09719867487779872
146.3958069002362,0.08240793030861807
131.23287630966632,0.0870470467131833
133.3624659631234,0.09089202006937436
133.18844107387883,0.09251069490449645
152.5697799533604,0.07695341313095022
155.507225906009,0.0814747293633134
130.91428442158983,0.09721080251726742
133.69752729695546,0.09180195483553408
130.56430636660863,0.09211588608351984
144.3404958134983,0.08627459761024418
145.44547988865656,0.09007315631581489
142.9906560637941,0.09251382424672602
141.72586222679323,0.09505505193101323
152.27251352826823,0.09210977599077996
146.68792879134355,0.08684070700626798
149.08678486349092,0.08078678628650167
132.39701497054472,0.07871593607312304
144.58839133516688,0.10508285931802781
142.2265592311672,0.09125013035277822
140.8301821443435,0.09670079931100106
145.10240948388596,0.080909560374630915
149.52786673327347,0.09020147391673444
146.2240657141969,0.08052893127061303
139.24679944925506,0.0854201107506397
144.89585590047145,0.08874795152408432
145.7031176987632,0.09222659882244011
136.68730885786937,0.09954363417253846
145.8783764554976,0.08844423261664712
144.25832537868084,0.0876566893378076
147.61993866350184,0.08858884547052409
146.47686460558842,0.0857995738967181
142.78858352240698,0.09594509530568882
146.06281858391716,0.08722206736570248
139.18748298461583,0.09493752662098955
141.0519168984366,0.09676078387897072
139.79357002297124,0.08620573225662308
147.8179872424597,0.08606458741229142
156.38106761655428,0.08378634087068809
156.35830517473022,0.08609091532208465
140.79024725130168,0.08974495259442478
139.6932336090571,0.0836813192097915
144.734392985866,0.0871941740256874
145.298784071136,0.08951557831363431
147.52598578198916,0.09102938649888759
145.31099638883413,0.09167591004282993
140.1793469656406,0.08537546828084411
141.86544129915174,0.09646967966024031
143.2690294674176,0.094249574135307
146.70515627634347,0.0973727311425267
141.91327567467465,0.08431733491473645
153.34207199678536,0.07717380869303896
157.14467709628502,0.0832344303360023
136.20384117205788,0.0933149432547643
161.5484079668742,0.09409776396803383
159.6902006114179,0.08701690871242009
143.42438258930355,0.09117905651658652
149.31730899547486,0.09193277747622361
146.90027746491947,0.09195442544600174
148.42848968974485,0.09369815084596782
149.27179566278372,0.08930973913422481
151.46969128065507,0.09343632486494058
152.63034317405862,0.09385122162023991
146.63510489544274,0.08247996582066952
141.03562615179547,0.07979060939625118
121.49564018593851,0.08775489973352683
130.4004078192532,0.08748740763682009
133.58101382151204,0.08890375478342935
152.11239581159427,0.08538874545289975
141.89773724722073,0.09074484637430626
144.1836007724145,0.09137033637584115
144.76947363028614,0.09082549717407241
145.9910137689941,0.08560865344223718
146.9638684112677,0.08264615815514742
147.66887268093456,0.08597800839856205
143.47013714192045,0.09441056743242028
143.68112427619855,0.08911449509226016
141.3688692057622,0.09069451824998831
143.039026198514,0.09020113730245911
140.82682849712168,0.09060284115155233
144.69166326676094,0.09334704336432488
141.01493838805897,0.09175792913960988
140.04595784674467,0.0894168910706273
146.6097971633063,0.09032790504830952
149.51474187816802,0.07672397616730539
150.28203784789366,0.08113434048998759
148.91010700401307,0.08133950445475982
145.05564237052278,0.08318801274312601
137.3993781186664,0.09167728235304176
144.79252006637662,0.08180616099825352
152.11899014234356,0.07900368579064149
137.20623061718928,0.09621584249963644
151.14489071301588,0.08582746507737801
142.45931778268027,0.09055059601838028
143.88491855029926,0.09096266308991355
143.72522717322033,0.08857929367751001
142.13455658962653,0.08222847796369351
144.06053563144857,0.07956903065030445
148.1227107912549,0.09444296510189552
148.5774171845882,0.08837129395742843
147.42413906979786,0.08328195195977113
150.12122315362055,0.08303540228466323
149.7026210174215,0.08250751496554055
148.22660036916088,0.08895840520027284
140.916853641918,0.10428328577806914
142.90889800244778,0.08364251777138437
142.22539929336222,0.09900911387305508
140.939296856001,0.09692083397786658
135.95974015512897,0.08772408136554502
146.4397081382851,0.09536984829799075
150.15011943055853,0.09591668039599201
150.10554418672425,0.08912238004785644
155.31223928192856,0.09603223000368591
144.2190802182935,0.09103693229027182
143.94810990757492,0.08728085242949818
142.46520048137452,0.09100635450698803
146.00617399581725,0.09434523891764689
145.16829279404897,0.08473668559864898
137.8568736567248,0.10211104097827352
139.00557968643648,0.10440279695883573
140.38648710610164,0.08804248074546867
146.9157157723603,0.09191749588423205
148.08858555060914,0.08950279096601355
141.15500491675243,0.08037419318630709
139.00006236952504,0.10265728289005473
148.75279541373365,0.07899578103037165
142.66135109119392,0.07853513388556027
156.15079505390432,0.08401803215994877
149.4909429030169,0.08023988648840563
155.22359014789626,0.08483274257267714
135.0431940103687,0.09521309223552675
147.7603032715378,0.08476746996461539
139.12764044243315,0.09693883237901181
151.6917133359772,0.08782586770073426
144.54677082575571,0.08228513678706958
136.72093632656964,0.100208720796681
154.78368735489778,0.07746929786199731
148.0668307925152,0.0988885011161087
136.37388076352948,0.08311731498399821
141.68203362709875,0.08619057835032982
144.10741752931068,0.09258460925620247
142.4797189690208,0.08735282768928265
140.04414251293878,0.09752288635128364
139.26390117912564,0.09624609061324474
160.14335067975222,0.0800055243000646
148.23965855259146,0.08245478168609469
150.34968840800656,0.08710193302324049
147.18851849398948,0.0889815453548181
144.80140815006027,0.0877046437372108
146.14846610527067,0.09004741023105892
148.09472202052947,0.0872534997445562
141.11679983131728,0.09219894376164527
143.7459883571399,0.0936703003353732
141.64002422167366,0.08548469547912733
145.36259880157948,0.09482474684817899
143.0854020491773,0.09680950296748614
141.13719153954995,0.08445779344794141
143.60854978458266,0.08719685449866911
139.9300036671282,0.09631048748356048
153.22065283937337,0.0749808893828558
154.14840625873111,0.07799420445382581
157.17101544800764,0.07999703207826446
154.94125072740107,0.09232374314109076
133.2085007599043,0.08693195853069687
147.23985388806264,0.08314797480535142
127.00052849230762,0.07899379102381285
138.37263199132636,0.0906359850141879
158.31542092699408,0.09832270903442834
145.10987355315203,0.08432723749211497
158.7788143825395,0.09739468925978355
150.4972011407886,0.09050299963725787
135.31932003445647,0.10670231342065598
142.55550263126116,0.10441572598842391
144.78403205373533,0.07886225535682803
147.00559959911885,0.0779223580596
145.15690003242656,0.0987994594757491
140.44820172034036,0.08267608716622989
136.49341256583918,0.08639658428569717
139.9886637031419,0.07985420032095687
133.21135477078803,0.08445947072226555
133.87749089638754,0.1025296171289715
150.37051885509965,0.095013371451969
143.1609049483639,0.09037017856936859
141.4976237492293,0.0966935938601409
139.67868553914997,0.08323102451656467
139.88545623113532,0.08329482761105407
143.3826552228233,0.08790357503917033
140.4213117352796,0.08354585503626626
143.04827520083975,0.08765017007307209
152.74696566205495,0.092591084950208
157.42389788837463,0.08927590408519999
147.51650599926384,0.0977581260951028
141.35266674454007,0.0904552013129919
141.38118365605018,0.08997729790892384
150.8963062365656,0.08389382768424657
140.88622794117134,0.08215126055465115
141.241219105808,0.09824606077992608
149.5443518858842,0.07533081634860579
153.64755178510117,0.07686595278034414
144.2085980728808,0.08049581683754026
148.7872914130269,0.07817229226767525
137.7194999076751,0.0995819927467109
145.15795928734164,0.09509081231742636
140.95715937602813,0.08555180884113305
152.90421461512463,0.08108625818733005
140.94428930492197,0.08871338434078249
142.30209999846377,0.08504258947497612
141.1680930321284,0.08676424263886236
153.02082002572936,0.09303083407969376
139.51008686635092,0.086209647483892
150.7111427603229,0.09470800548744314
142.64413016822886,0.09044655800695582
142.37579187183368,0.09931022117250697
142.72970554057065,0.09286979776931295
137.764252181947,0.09616294718579557
133.06471255992733,0.09743104786778663
139.2178681996565,0.09572492256979105
141.76808540473212,0.08577753566417927
146.4260700461194,0.08948139893660466
141.03924190185754,0.08424657698173574
145.3038637991916,0.08613948316866707
145.3296119171923,0.09055180744198232
144.65473391715534,0.09317834097319454
144.8450430690575,0.0918109773267241
143.44297083007058,0.09185170199193196
140.86677543923273,0.09568304336398255
155.38426830964897,0.07511689199938912
147.08766952168605,0.08439754182527573
145.35805404700008,0.08637016422973476
145.5677953441753,0.08547210005663458
151.368578872329,0.09190838647358941
151.11475102197016,0.0924405565013174
149.0595240453396,0.0831037886771197
143.71282713813383,0.09207981917239912
145.30794305331744,0.08667920719331992
140.0083328306956,0.09266648643649461
145.2563996349236,0.09408428684119735
138.09902888983962,0.08998602352303994
142.94767892946393,0.08449519369032349
140.84842330902654,0.08118139557104434
148.49116465504457,0.09252962211242477
141.8923162661903,0.09665298270826025
152.24631123709455,0.08281985868211131
148.48125133068882,0.09201362532285065
140.28710702409643,0.08746449589466748
145.13287301522712,0.08915007359645398
142.29553761794395,0.09467658853155492
139.88401361423178,0.08078222597296474
143.18136333970477,0.08558733022851425
150.36434599311227,0.09218465043555699
144.0084834815126,0.08973745468830929
158.5384694715343,0.07666540362534015
132.1676492344476,0.09982599472896067
154.95313056320467,0.08679193089985003
142.6152702578352,0.08863223872374011
140.22060051611524,0.08484876294935405
149.29476554890795,0.0924317007550065
147.66294690444562,0.0733543328280587
145.537782269894,0.08305158314934145
146.4888538301954,0.08412641297089159
143.06517605275857,0.08592950450279291
150.262860718398,0.08565117969703401
149.63929685459874,0.08214710088676952
145.12657582819747,0.08060620665040844
140.36072806054798,0.08381236430138388
139.7904086583245,0.09137316706401076
148.60821126460556,0.09002233743796471
151.33987271750084,0.08556809821945303
144.87603369821107,0.09469803576498817
143.10739695930442,0.09430720736571728
140.90867140302873,0.08640628433682888
148.0633671147727,0.09263856210452985
142.762754464764,0.09358198920702604
147.1104660118233,0.09055250021318076
143.43057444843845,0.08913747266779021
145.93906391160243,0.08874155371487044
139.54365969727567,0.09161045268803138
148.83220993138264,0.0846293369151728
138.43184431640444,0.09374844108947467
144.82725500666007,0.08592379342924746
139.81026405388278,0.08909603072923077
143.08760972893924,0.09396626627573586
141.8375717717085,0.0961140224276861
143.02014242541483,0.08122435047990266
145.73425184793462,0.08666750877190617
147.27537370735436,0.08113747931774655
142.36614663379981,0.08094732543175455
144.87349262610877,0.09036515598499391
146.4474142170311,0.09903253519313683
144.1415688237475,0.09892353326149801
159.18707022567887,0.08481770184143632
138.48349194409963,0.0852747302105096
146.2050833263652,0.08294506141650636
138.07221383882728,0.08947995525942855
144.46521656648474,0.08586175119251421
147.8161083325697,0.08777014794116281
141.4373232931474,0.101143173579141
139.81526900275836,0.09754128433319371
142.22527995361352,0.09116543102604202
143.4196895040462,0.0881498185205104
144.69366124479066,0.08981991120300203
147.04387148725533,0.09274708813349813
144.46136176374745,0.0837246439641744
139.61948598007947,0.10088257846631958
137.67173090707,0.09346354517931181
136.6953000365959,0.1088598362518185
143.37585145538034,0.08900988249005962
144.77731819644902,0.09545637194928584
150.97953508162738,0.09184472857038506
144.71835870988488,0.08927060088200289
145.517459154521,0.09355469095722932
140.43567777753523,0.09143487462529458
145.78513761748593,0.08838340042137771
153.76481094968733,0.08407845916652688
151.94021739950873,0.08321954878359024
148.22248196773938,0.08703628555845928
146.8058968942881,0.09276150703509599
139.5715607996972,0.08882815050372504
141.6512707597529,0.08875617908592369
146.337347350446,0.082169486494352
152.97562197065284,0.08078687224543388
146.33794036000015,0.09222141500520656
139.0660671831589,0.09392710105387157
150.47284884398974,0.09060379354966269
148.7861236493832,0.08828366158083989
139.5582908577622,0.0929339616721383
133.12579489056273,0.09985781081360087
134.69474072843795,0.09937163686904676
141.53414669874712,0.09449185970029111
136.32507238759496,0.10054719136790922
144.81985287451496,0.08459461720008647
141.55075797755038,0.08736256893451665
147.60028139675825,0.07843226585907992
152.87195704380858,0.0759057364268452
153.3492893057408,0.07382679227408193
152.60957007485837,0.07899501586076392
153.1871221126726,0.09390897941747389
144.8657449877613,0.08309945920010856
148.26041017981683,0.08471451827414628
140.18691570276184,0.08571465644732537
147.6330092233641,0.09457251327399006
138.74970940453431,0.09186939310070204
143.76196156307472,0.0924010179059388
137.10551660174323,0.09167021795309371
135.2992721780115,0.09540869130575785
147.56022745466532,0.08067003081083308
136.9172122376753,0.09235104430285732
139.9397819182793,0.08777151873801275
142.18089260700035,0.08863971998306927
134.989687516099,0.0961240801493915
143.48293659311122,0.08174291432422559
143.03606738358403,0.08734797892168258
147.2259446180916,0.09464908048320926
146.81558553838008,0.09356273410234224
150.3776675706268,0.08377233469167987
142.8932249369042,0.09412135925153411
139.59716225034444,0.09927679982722382
140.18309479380665,0.09736049313951457
141.41095390482874,0.09246328208964753
143.02079521789133,0.09531348370100574
140.90014519148124,0.08780121101276593
143.64641552234193,0.09895369021970131
145.57425206613894,0.0953091734854086
146.2521918791288,0.09660106503161511
141.90560947315024,0.08923587702990143
148.378549850808,0.08472619885646342
146.0243316192954,0.08301752892147987
148.33125470756838,0.08691372217401518
148.13093308871268,0.0856999069008216
147.40405708888653,0.09586314357407351
140.00300437170335,0.09719106365891808
141.39052973226745,0.10356142476893765
159.45750109432313,0.07493208973055064
150.45716402845338,0.08832732971654728
143.89692887845433,0.08859181601206977
155.90538289779397,0.08310808664605573
153.63635006552968,0.07788223664996609
130.79093920313716,0.08870159067598012
162.9496916533148,0.09357539675094566
150.48923520376417,0.07478000682567176
139.72165805202835,0.10277781152831585
140.80737591926226,0.08699902721220165
141.21354093695555,0.09162531181945237
140.40264170187572,0.08775262900835365
144.5899463082686,0.09207246947976425
143.9188980511564,0.08646922478164933
150.95280749953963,0.0841147767800923
141.18076127046325,0.08404663791902939
147.98909211777544,0.08347043849045087
139.3835618323377,0.08612566772644631
149.00613879200466,0.08772509486930252
145.84594760061717,0.08552871735770382
139.6135387919049,0.0964743157166804
145.56219959198154,0.08747126528909635
141.00444737483613,0.08862447696831181
147.1070012509303,0.08773809610272004
143.96376964470912,0.08889909223524796
150.48542096212358,0.08868592651564829
137.9185314092276,0.0869401951463451
153.20650044160553,0.08965729704320935
153.9196827269125,0.09239106601638056
151.75511009108033,0.0917648738337504
155.6853858578973,0.07381263471079079
154.60154712632934,0.06778487522856178
144.63970296955227,0.09080419361528569
132.78161945660202,0.09935234599962044
144.5003953734724,0.08115535673182246
144.15011618268926,0.08226833457789239
135.08687387953793,0.08798043344888633
141.37529927125854,0.08338342308536385
148.86210508174364,0.07761774060694289
146.3474581776908,0.07455899967643724
152.78650043155932,0.07804446966108645
153.94279620070634,0.075690364225492
143.48522138976642,0.08992192187198672
138.45040960997375,0.09630297423755325
143.02061303671022,0.08818011147535411
147.38022571440803,0.09240327658563696
143.3365929123078,0.09282029843669955
137.3616709592917,0.09555258879527533
142.90650825554326,0.09426349349200265
138.59170147034627,0.10079602711843094
142.95813064312583,0.08592526017212099
142.21063956695016,0.09434373949553299
144.01698465280563,0.09033108659930787
144.0455772111207,0.08810166059524582
144.98902518080652,0.08961822528363562
145.43166672627837,0.08918256974236201
150.5287079248128,0.08194692905929205
148.48266512431238,0.08401477579019981
142.92486616957996,0.09302426271270646
149.67724564239663,0.09051494963405064
147.50732526077513,0.08500390571208916
144.14459589553405,0.09376154788102102
140.15674658976178,0.09274845754336254
153.71585662585434,0.10226357623613334
145.8257427401383,0.08142519469252701
135.11178005300002,0.0945046198012438
148.80347855622355,0.0843941755197294
140.84364574069207,0.08954892084094163
142.96636125743598,0.08664257770594386
156.00934720618665,0.08269602737358701
151.8676809555477,0.08741527446969485
152.47887349832627,0.08827734724305175
149.33117134723835,0.09050939098545946
143.47973634087086,0.0981657228999369
149.44033062972534,0.09066079143533211
142.18908483384502,0.0887096782641696
142.1381095079677,0.09740406830146703
140.41459285005018,0.0976425725580564
143.83705523542065,0.09762069464011533
142.0820991306214,0.09547175327173758
144.4996562687634,0.08900339882190073
141.18852360487415,0.09465650467307625
145.7096548442608,0.08858239812983394
142.2101799475546,0.09073222017209828
137.0335365065415,0.09622026140664862
156.28651250204663,0.08820703753249984
136.16269111225157,0.08838684232553463
147.9590535945571,0.07722159556499754
138.38276300812595,0.09824630730023261
143.69699883428135,0.09050650594259384
144.6207290000703,0.08792282529996145
142.2188860129699,0.09154950846958466
144.11871358996606,0.08275528980334322
141.7050438300889,0.10212401463398091
134.83189272383507,0.10405583636938351
143.49128327876716,0.09671498184164173
145.62326269032258,0.09808787619859048
135.46203879104405,0.0846313586556262
149.22001793375696,0.09260989583951774
141.2219893592647,0.09010390321264519
141.82245808625436,0.09585258708989211
140.69365956381384,0.09479713917697075
140.8817554010662,0.09498150622612395
147.70520010691158,0.08420134403355216
143.12852280061156,0.09987706345007336
141.60107265242584,0.10260490048431212
134.40626475574996,0.093865654691111
144.2202029789023,0.09335587314137521
147.59540206223085,0.08597584637818498
138.5703891358252,0.07428277753640429
148.36600184277785,0.08206349434926681
146.04423884378855,0.07943377140125042
154.1897171216086,0.08352122883322745
148.63220846614416,0.08534021508965256
149.46142200127164,0.0900931932617572
145.06116244296382,0.09072952456318031
136.26628738434397,0.09216653474137398
137.98881382946962,0.09330218266207002
141.42085212314964,0.09009444016707815
143.15192985069433,0.09194785577187578
145.32336486953574,0.09643993884106238
138.0868285207806,0.08750562105443709
152.81088997575355,0.09298662715611901
135.60782236589807,0.09111422131700177
137.58181166584413,0.08740735178746169
139.1733052547926,0.0824175474257907
139.84507940826018,0.08150917104649759
146.6003061173969,0.09506656498917049
139.832729316827,0.09045203123051306
148.79589163897697,0.08043016113871522
142.3776976498105,0.09047725670894316
151.11120354594078,0.08500460831856953
146.9225614229868,0.08869517157959435
145.5776114277423,0.09070291017297152
148.72260162482291,0.09046026024928913
141.5520154053501,0.09411368133382995
147.23307245227647,0.0793161259318673
144.89477933441137,0.08636435333130096
149.41515470953755,0.08712547138089165
148.8855818579816,0.08651031303167722
149.27641026817452,0.08861198544955505
142.84892728755494,0.08654246283371121
138.72371898046418,0.08961459877628718
148.81861918999414,0.09041459856656203
144.57419918311106,0.09047842426415884
141.11577102255532,0.08397581380930384
134.64736499412095,0.09364183322223679
137.94814608319803,0.09295475808241399
136.93976447414317,0.09525457540453454
140.98881055883697,0.09942725735118814
139.10575726042384,0.09387261232187763
140.9326385247721,0.0962506842559842
142.7292414080635,0.08837048946240476
146.33217233434868,0.08614752010118386
146.02940759969817,0.09538473871704523
143.13210398740281,0.08804625142724255
136.28716389063254,0.08778489257354787
143.1465714790684,0.08306504801268452
142.9825830065228,0.08360945199361126
142.04343531945392,0.09544145563920681
141.52929421100077,0.09558967388275746
155.0162513242172,0.08919787109361278
141.60449064997786,0.08610866540177033
145.93260713449092,0.09202116374616826
146.43985023736545,0.09560995203704047
149.130853868569,0.09690273003777296
136.24925609645953,0.0917545274915232
141.75447155429242,0.1029807127262109
125.7570844907262,0.09382195124776085
126.260536397195,0.09406239137464545
143.5985779785714,0.08900186250098989
137.36078126689458,0.08632907529939285
136.8557534447733,0.09945006582615529
143.81267698920175,0.10182994100852302
145.6526570305825,0.10001348063507724
146.43586967054412,0.09325355754202237
142.01152561585704,0.09338598003711797
142.6387315617849,0.08877676600499791
144.2676378469617,0.08532114243749694
147.66156776262574,0.09555691308916665
137.99007381475738,0.0877676852297356
141.61922785953047,0.08622899714536886
135.9644770908276,0.07700694443303453
146.07766309851303,0.08911222717524098
155.01043075050694,0.07760810921572736
155.51107133941582,0.08658327482752816
140.771872549524,0.09059931182171142
135.24204373682437,0.09093519651075439
138.80111276686412,0.09499934005565129
147.77155713127942,0.08110474894042083
133.7436292863503,0.09653163527736822
150.31651183724802,0.08551425698834365
153.25288985167776,0.08650948636089058
134.59447619461866,0.0931121986984575
144.80346406958864,0.09523564834593397
150.84602268337764,0.0851114609842529
149.87591930545665,0.09364756755124876
145.05377069622293,0.09465869794248857
154.51942313372294,0.09949992746976921
140.40282679422413,0.08891318704608585
140.57545454922436,0.08707064366233057
141.5346540209413,0.08438368073298515
147.53178088729928,0.09463954331596551
143.23506846480547,0.08525820111608404
147.9314046456275,0.09096009307437875
139.6692872368702,0.09816277229707034
149.56669722504785,0.08506238148941771
151.62944761429992,0.08063628928143769
141.5446029990677,0.09282089489525348
141.5312285350468,0.09240096647454232
150.7139545718462,0.09887646281264717
148.3333391068029,0.07859147607361201
132.54743983550605,0.08797951368178576
135.64375922714933,0.08832399936143034
136.21750006171266,0.08151392005795118
138.92234972200336,0.0959212808277383
133.55112116480817,0.10229739080912519
129.04806140853285,0.08892167181785246
129.35153224974246,0.08745745036624755
135.91317941901409,0.0899525951026654
155.70310762473733,0.08923810414585479
149.14230201460495,0.0821821652740629
148.0755357545131,0.09072319470820017
147.88246823996604,0.09145068280393417
151.47316741355286,0.07774245892221707
141.04989107016385,0.09328451302980598
136.75137825131597,0.09476346019219839
148.18650579261086,0.08712877687056085
140.54945069960252,0.09604593987997423
142.34470714553777,0.08892280976574163
146.98649606531862,0.08379523687017033
143.52135270595537,0.08957931084937887
145.7130848019971,0.08239374248155132
147.48927076405607,0.08189406713990932
147.40596339559178,0.08217622163127332
148.78836218995968,0.08122699395906459
142.82063688686293,0.09855254538733921
140.11486543488982,0.10261408867807938
140.32178125558525,0.08664996048221928
145.9098591144846,0.09222808798745222
144.41874162386276,0.08814911578311906
145.13679461427847,0.08663111610228377
137.9839443274946,0.0969111309557144
130.68070070355415,0.09796353141211292
130.13097248546606,0.09684381877349442
137.96825824376316,0.09377257424133718
148.9828165399287,0.08564751082267372
138.22097730473305,0.08951843120937879
143.04863881372995,0.10388527230666124
146.36355614075507,0.089458997848308
138.29801694684187,0.1039771804029713
142.46989348073356,0.08296981950188174
142.60315184248768,0.08742777330232995
137.20951000642447,0.088620111965144
142.3377562923906,0.082233955460288
149.46137554430692,0.08495994145913159
141.59456458447684,0.09226494851202066
141.7493225050054,0.09177659778538023
144.87942754974858,0.09745305247494115
152.0674985445635,0.0664026882024003
157.51022728678885,0.07021901288332846
150.01070272365567,0.0725077038897984
144.30421949176898,0.081603455684238
138.9265359093468,0.08178533565802186
148.50954340967348,0.09702574519913584
141.41666291729416,0.08372034816242431
148.29606335355277,0.08346744586957443
138.91005391785836,0.09152831135817917
148.98464090973889,0.10184451731641826
146.84689210351473,0.07632579752716277
145.61793732428984,0.07743391588713713
142.47055937694094,0.0933045235264908
144.37533076481108,0.08534372567446183
150.82691704071797,0.08696251435849486
137.18220075083798,0.08590345730985692
143.79312816947234,0.08910517019297187
146.34448050062213,0.09046366705028117
150.2524460047422,0.08631484741100703
138.20083061232413,0.08368361657422534
140.77657930567395,0.08732067189403168
145.8432136146983,0.07578976789903918
148.80030053729774,0.08278919399283191
139.9883407803757,0.09469637416546972
152.37051526633303,0.08460050910765653
153.92231039072516,0.08605833803501962
142.3226755800796,0.09318590147871582
154.08999824639827,0.08630786992805946
155.02191936555047,0.08593047717990253
137.51159822556036,0.08193127923658525
150.29947994768756,0.09942824899913126
146.25058239469482,0.10011348546109919
141.18430210788733,0.10480381607830744
147.83707001950143,0.09990990857426044
139.81374389995048,0.09874910693602548
137.88876910566572,0.09582098596864559
139.78538244588108,0.07969719949147183
151.80872366332866,0.08354980033512678
136.3426255029319,0.09878716063260999
148.10186322882578,0.08188606105751851
145.82830314020364,0.08658982167396385
143.4529099425467,0.08205873151981041
148.28680497016447,0.08073850259136396
149.4584217783921,0.09043306967214793
144.32834205637377,0.09216471974230443
142.93319655775232,0.09188601314696976
137.34551171087932,0.0902494578381336
150.4970327065207,0.0897584329499183
145.85667554083486,0.08967630984798661
153.50821389202093,0.0818661422782337
145.95547378019,0.08657752484098245
138.92451354313434,0.09674767568747687
138.68540940659122,0.09754611810612208
136.44575383059703,0.0944744957484427
139.85353136494535,0.10566537476008156
147.27381532262524,0.09387959737924939
146.93015127861403,0.09149954054122925
148.53196627973645,0.08393619685259919
152.03416501133088,0.09294694835502987
152.4424781253987,0.0860369824266545
141.8913496111283,0.08344772467255089
147.39657466749884,0.08393198367729426
143.30953507412636,0.09675855286719631
143.99457239675732,0.09302999606286884
144.99041583774735,0.09209816245144914
137.42237326273369,0.08718032629163915
127.44750324330985,0.08697967837450446
142.09635563742506,0.09612954914195859
144.50458405334874,0.10472404159365768
141.68331431192172,0.09954782528787451
147.94901280819582,0.08499073875402666
137.86243906619984,0.09591698116197037
132.62435534067694,0.09075741711015199
132.20359374114636,0.09058406984870897
131.9072703276365,0.09609115512860326
141.85423077463633,0.08623612335886317
150.13785244371502,0.090776167482238
138.5059203135475,0.08774572665357397
140.6697261265156,0.10283238379432738
138.56180000693465,0.10049014929673143
135.95319439663922,0.09619347245793514
150.59026736705326,0.08104655323388742
146.59025594432987,0.08246178083844603
142.9797921225674,0.08000384489923931
140.2700882572555,0.085372816257342
140.1686567963549,0.08537790813542194
142.48682773456903,0.08608153238183552
140.77005957836704,0.08555714453010567
138.81531404188428,0.0950426363680252
138.05988230828692,0.091023730066587
141.67638647725465,0.09067583749486297
138.63240577312584,0.10341091797043593
161.16397778804867,0.07777447395845992
139.6279836637652,0.08913318695749847
137.18629013534377,0.08705516794928535
146.23544362840943,0.08886238623075633
139.94038148329233,0.08327212787076797
146.42723767608973,0.09755921985924963
142.01367220008305,0.094519780101545
141.45060332333148,0.09379464900071055
143.8377737618447,0.09712482616474649
144.56120321518844,0.08983967058620153
150.87742729529555,0.08870975445248941
145.48339825678514,0.0858033444023173
138.6161796152003,0.08850330061425042
142.40553668384118,0.0964392746169659
136.08342390361707,0.10557581720480314
145.10737656059013,0.08391330913159498
145.04324629307263,0.09537877956312794
144.3781661857641,0.0827557086852151
147.125181008898,0.08518769158364575
132.67841248560202,0.08257807982507391
148.94087204842216,0.08981570755995952
137.9607243020465,0.08901996741296658
135.7352896091077,0.08638239489988275
139.4898463125326,0.09086296671904454
150.93945309898606,0.08429724754244905
150.52525654556067,0.08192448350716793
147.47964308070323,0.08354093952227801
146.680062186824,0.08480178808471467
139.9499693806015,0.09564372692054339
140.87754435720993,0.09129565882156511
144.94943951854077,0.09621335055451143
145.04610122242013,0.09046040886002447
142.1716646752018,0.08455998385205389
142.47264701489695,0.0845210106427858
146.97203795732906,0.08456021578387056
145.3162201657588,0.08478588054734662
151.5198830221808,0.08500017045556378
140.44069631523075,0.08318501860921858
149.11617079730013,0.08771505006073159
134.2565078480686,0.09079416983005184
137.19405025753326,0.08882845065701375
151.896988183799,0.08797669653614197
154.86019044721783,0.09415060090653676
145.69232823124446,0.09169749430088946
142.9101387138252,0.09228009983315377
147.76552013776504,0.09177079685582268
144.3756524635885,0.08446559318493269
140.81599920628824,0.09157744686989447
146.68630543040584,0.08113487048096567
147.67633757093049,0.08547456165036417
150.71638002991378,0.08076652454201655
146.2691385565427,0.0868114767347829
146.2354209511885,0.0822169115737404
141.8409767891318,0.09557775310471231
141.09600122138278,0.09930503746223733
141.88487634575415,0.09898814900130437
146.44535519355333,0.08262135343551497
138.7538092182437,0.09416391279147525
143.958028589506,0.09394566990498168
148.1066838541133,0.08513138903562144
150.22513742319606,0.09234059479819073
146.73101136074183,0.09211357055574144
138.2922943899987,0.09391982134456041
140.68916289381556,0.08448591150833781
137.36596570275694,0.07823862291535556
159.52197417490265,0.08924608331703911
146.2672148929065,0.08233461447046923
146.9759165379879,0.09091172566412853
148.32875694580875,0.08859138916304622
145.24791455182586,0.09515662143600313
147.90814498577768,0.09211980268813336
141.80649829848375,0.09614296668225185
140.22570245956595,0.09442605952760469
152.07824781855243,0.0899933013436517
150.26645442596288,0.08591276846126461
148.26883252079796,0.08695622731539923
151.42891085253225,0.08846995099444013
147.0327366479317,0.0864445129790076
147.54401189459026,0.0889592058262368
149.75625300249018,0.09793632569030788
145.15000760651407,0.07892339494598197
141.59391506465636,0.09843760971363975
138.92912748243396,0.10114677550795435
142.8175178263284,0.09657836775372129
143.0259815490516,0.09054293895330533
142.546612443326,0.09365408610815104
143.36888428107844,0.09687221946109718
133.26856942899383,0.09136123705298152
137.65840895305277,0.09197963487881892
140.25871337470014,0.09196609469029991
141.21807694031372,0.08966641728567729
151.3433189686314,0.09311059565908855
154.34578467462057,0.08886394140223126
153.6295498636375,0.08994934675738699
142.77848609859635,0.08481512098533232
142.25494145870653,0.08258031761353768
140.4751104111487,0.07779517899857241
141.49256021589989,0.0795050857640182
147.54952294067337,0.07908428771491503
153.23217531732814,0.0806851505918486
150.302490742713,0.07646887465677168
150.37715880083252,0.07939516909922294
139.25899057547048,0.09925428044714095
143.92543455956925,0.0943159879102135
138.6332278438357,0.09417936353570701
144.71808231870466,0.0862198265472602
141.31559845019046,0.08883735401530432
146.32999921718053,0.08789087924833101
140.85484116126648,0.09379404413942259
151.6428488647659,0.08335419270379153
130.99160747119456,0.09434009345750176
160.56586472521738,0.08383032959540837
151.21671235949262,0.08720746209572187
135.41915936730692,0.09013796708412455
142.9643602448533,0.086542688325209
147.61988165720152,0.08622114427758068
143.86540585333137,0.08845092110762878
143.28909866640663,0.0936938751926566
143.8840711601414,0.09101488909693804
138.49633845041484,0.08302503403510618
144.4646571607266,0.08659460652102646
142.35067270163373,0.09513844883217666
144.0950916326951,0.08914934971638296
143.3270235592393,0.08645946616862928
138.01953712808736,0.09642554654438844
145.30942386627171,0.09028254482181744
151.11609988080806,0.0803712781917023
138.87923550547134,0.08964171931760465
152.276073791224,0.08134825090714501
151.15759446572955,0.08464304504327402
137.38813906766097,0.10003183272333536
149.55737195767153,0.08341763966733282
148.85427830312562,0.08569071891009784
145.75929275738025,0.08301692093462329
143.92776625015398,0.08971473236449132
143.21219186157603,0.07675935248974096
142.56767107217502,0.0756915148127947
155.72775087262198,0.09053376547435424
151.77339240484423,0.08946155269519881
153.82910624220776,0.09328646452801628
138.51430483892585,0.08262088022946575
135.96775472602633,0.08516337511388675
150.73454547598647,0.09252572632683136
139.96841401722966,0.09197379926069228
137.8722523551649,0.0866464573688037
143.77052425299516,0.08803818563134527
144.01125860952288,0.08465031003656985
138.40055190444278,0.09154998896531154
143.19168150823796,0.08877325073313479
141.65150066797634,0.09353694449122621
140.52679264119337,0.09811018155538932
140.3299272242375,0.09394253346686918
141.75452814110818,0.08589970824587692
141.64592022148744,0.08599340497773279
143.91983503923132,0.0880425177552438
145.1064009275964,0.09284489622488479
143.1227039165635,0.09238962715001503
140.50562507465378,0.09170328809091496
149.47609759229857,0.08899691078985274
140.2248792719785,0.08261795007460347
150.50052984971023,0.0780564768340118
136.92692504523575,0.09566611347580525
141.26024827673544,0.09103829542126805
141.9519976636196,0.08960045053813856
139.24983367007266,0.08828875128704644
135.37093014150992,0.0887576710406373
130.2953425124763,0.09251073946441399
148.36975850427885,0.09273263082151265
134.91218170000198,0.09648244429474334
139.5311535573405,0.09658820387529665
133.80658270503363,0.0888057279702826
144.4884203181135,0.08504166965180593
143.3792844281209,0.09429969000563312
144.31739905169528,0.08611154273090395
143.2683835624318,0.07733298964516641
141.75514282971898,0.09060578478756437
143.23369099688423,0.10335459665727822
135.31635859744506,0.0833658533203838
137.3808773116177,0.08475627851915825
145.7388772251196,0.09771421538236605
139.61115869740112,0.09580472610188051
134.39345822742305,0.09914627250588716
141.88008777725463,0.0891760729049666
148.56982066638528,0.09152484075333767
140.85282156477356,0.08863372485917276
140.21891835732853,0.08785898306443991
143.217129473404,0.07930079250834218
148.79687926019275,0.08438327539635102
149.8787553657631,0.08918511474577615
141.32555775805025,0.08938551035217113
148.3669564583719,0.0836085022077563
133.6211342340032,0.0888998743904702
140.358320356066,0.08948142698973091
153.71788585465708,0.08601902668044356
153.01008250442038,0.08526858293429324
144.50974188562506,0.09951660052620878
147.8472465816928,0.10096079853747171
139.26423262560758,0.08824909543342864
148.6221744242768,0.08415390791151878
151.70177881152748,0.08017922211612245
136.1826736029299,0.09564968090292403
135.22255027989289,0.08826134963415408
140.95310780867607,0.09185562323425224
147.9420844119956,0.08366447541208097
144.26456813775823,0.0840835068073542
142.4420532159245,0.10067286470993406
144.4288010693661,0.0910761744417765
141.18012732963896,0.0830177552910855
139.6677741248831,0.08558738027350202
139.56156940708507,0.08600626629955002
134.36409769070883,0.0858942869922617
147.40597190356343,0.09447959252010454
143.01112647060145,0.09252904197349185
147.0052332026311,0.09458514780059613
140.46664420902852,0.08265442891179006
150.4343421557649,0.08567018908128
151.89475453186347,0.08747396289232914
142.26075254530008,0.08974367521766659
139.11768071544074,0.08762293149437943
140.58636745932318,0.08600724158238737
147.25953757106737,0.08698155330092108
149.60908891789506,0.07892197840645777
143.68189757339627,0.094181487761324
141.66961931820256,0.09475929575928337
147.95551730450183,0.0939414935773522
136.9730145109945,0.08959632926975977
150.58789050020567,0.08413303848441854
149.0774372963478,0.0884303352273053
143.80568994919528,0.08794046091499935
149.80174210762877,0.08414544557398367
151.8564420507608,0.08118321363785722
142.33629458117937,0.09539050259464406
143.9867844928367,0.09867248601546748
142.17025256106973,0.0812359824077978
145.95626347400716,0.0881943296358077
133.21523468945094,0.09941187622869975
134.5826403531922,0.09464740025145159
137.3019389784957,0.09728714918024452
132.92720083313827,0.09392553388054357
138.17452956566115,0.09344318969868186
141.50223436930494,0.07824062970694332
140.20443790302926,0.09870711131481577
139.9847854141827,0.0955237268066897
145.7230118609025,0.0930756004994607
143.59605776830787,0.08603972405466115
140.570484539064,0.09000059550384712
150.8439523387263,0.0788933917370901
147.35876317030858,0.09573229598606905
138.32151519538024,0.08716607333977712
138.75531131188475,0.09117750184988992
147.18435469663797,0.08881144253565468
151.51441400264048,0.09225757245504507
144.54505705902312,0.07991725787226815
144.64385512341613,0.08657558482333323
142.70648823579702,0.08104825467554883
140.18216865796705,0.10048531532973014
137.83771985634135,0.08661231396195893
141.85809641730813,0.0852146540404705
147.89183342543348,0.09540450409135648
141.21620781630546,0.08437984556258218
149.08364808956804,0.08636382157203262
142.16418456817044,0.08697881378443469
141.48470496822128,0.0829142828795376
137.7277449860427,0.09681398888000381
131.58125834031392,0.09070539200059409
141.49622575837617,0.08778731270009686
143.9325940544962,0.09878841139883267
133.58266490770362,0.08187890834629379
124.93677384438763,0.09300885239582392
154.8150694984486,0.08693848470765937
137.2066881117978,0.09190038791883749
156.52028955942635,0.08440845039840755
142.43282568042517,0.08408452698592805
140.94451409494422,0.0903644704664446
143.22432074827185,0.09260977090748043
140.25940578098175,0.08443123723979416
136.39384653763642,0.08886525039213007
141.4583440363166,0.08532711460412132
148.1549300839143,0.08695702980527865
142.2857286732796,0.08908889937523322
143.38637525256883,0.07851564498012362
149.97526737849336,0.0876517238114216
144.7484986567604,0.08949277382542109
143.83508854940538,0.08762105844159566
150.51064963738435,0.09446598920658072
145.89713587296407,0.09342728285106988
155.13972581071152,0.0925332024038429
151.02089888806108,0.09032625046764824
149.89294624911327,0.09185850719606338
149.01403088260227,0.09466212394967723
156.2230607119075,0.087708758998855
152.0015794039774,0.08136872566603323
145.82103471001977,0.07991211028281855
147.56869421553088,0.09464595550708024
154.17569898242212,0.07402080198385082
146.72741131001055,0.0867346893709237
149.90884033167455,0.08745895879076176
149.11015184436445,0.08196683784886936
148.18823695792676,0.08168472127557079
145.74808079613308,0.09071030444316008
137.61953464204905,0.10224047522884606
148.67802770173762,0.08782768234395268
149.56992781462583,0.08566858069850931
146.9496377911272,0.08774699057820934
148.74200637317244,0.08578241176785859
145.46910460121896,0.08531565044237395
147.79660271941052,0.0882463636940234
143.14472867298556,0.08578245241488541
145.24957301532874,0.08425814698118697
145.31420393706873,0.08336363703600905
147.31335803725878,0.10187517521861647
144.34288271694805,0.08385344529965455
145.97779842066257,0.08913694013867794
142.00678163276274,0.0893068910083484
145.6117348081835,0.0923192409471396
135.43811354563388,0.09816541696698143
150.0789108460836,0.08410426407158486
144.1909873583767,0.09338980597293635
138.13236208775186,0.09501729504157765
131.6683872528603,0.09813945824678563
140.35200545864484,0.09382416829881884
153.73849379293074,0.08464223049196178
154.06679438430544,0.08626858405755686
149.91425760270965,0.09025075249522906
152.20769234191218,0.09178834886155988
153.31274357095293,0.0878690478237143
145.84879862251853,0.08885706948960057
146.39834591999232,0.08839662248129095
146.80169562394488,0.08373172866041258
147.6980591780489,0.08630895892923104
144.74410723571648,0.09141786137016962
144.6040290923047,0.09391246250666652
144.1271614181008,0.0883640246831559
142.72209010770473,0.09405415777793269
140.94924870973404,0.09950792961116509
140.94924870973404,0.09950792961116509
147.91990302790674,0.08575373152257397
135.97214909958365,0.08740114326132362
146.2259663665536,0.07967658737051615
139.1005346215412,0.0939947639523675
140.3178838182433,0.09111883641052394
139.2745869517465,0.0848947067122312
139.27188602385894,0.09099526462831958
132.37204448528271,0.08696214379665616
159.54866625726086,0.07569591715071508
154.3672371332238,0.0803439817161846
150.41343565694328,0.07609181060966455
138.18840105120196,0.09785765402186292
150.4399845304553,0.0781636056777233
150.09734695141466,0.08543700574930113
145.81404800201992,0.09185490295091542
144.86346160766232,0.08872021039319783
142.07936609194445,0.08671806550135712
142.12836322012643,0.10531706908281639
148.24779934979418,0.08613193892506561
137.92719915588668,0.08328525613259997
148.96336583019473,0.08349565231810732
143.76350804886695,0.0854978777188254
137.2064435844347,0.09440035128174405
137.81463458379184,0.09089053326172755
139.83496615335343,0.09633230104641648
144.30649153816475,0.09537614417797939
145.32736580326474,0.0876686673280255
144.18399891037498,0.08236043626059539
154.48683264663035,0.08634923911777134
134.64384470497842,0.0933901644151947
136.00604799288655,0.09533584134412719
142.21031842618748,0.09208286822963717
150.4001310718391,0.09005189443175947
134.34502354777825,0.08648295968719419
138.87796830022185,0.09617949266066995
138.0352815305243,0.09307529766706128
137.819673024543,0.0975670748935984
137.0569736866931,0.09111152427876608
136.72955481269082,0.0891482084840281
150.23587892848056,0.08901704249706867
140.66260208048948,0.08749965486408434
146.47483105620117,0.09736559148854854
143.149089895729,0.1014476050491731
149.44065537492318,0.09965565373747169
140.1370597248264,0.09036806839056966
142.41170086785914,0.09058812694299961
138.6104806566432,0.09123028041011023
136.99730456757834,0.09009471163882922
150.78958445452002,0.08030475682058764
136.6210973092157,0.09475241348675029
134.99715768754768,0.08921624809106168
143.83628035849503,0.08316375395580196
145.26688394513005,0.07923323415884477
144.44895818135424,0.09633298982513826
140.98923210016918,0.092324408301611
137.8132568699921,0.10489635523337505
141.8254320105273,0.09445872420715251
149.09284173601594,0.08657022064178477
141.4034435783134,0.08776588888004613
138.49027247042193,0.08626723170979321
139.13185366380355,0.09868787346121718
132.64485279978138,0.0934221490461859
152.30904054700736,0.08441214293683824
135.6247203162783,0.09580075711568352
152.92541484707615,0.0875862039302769
151.34891498446393,0.08167839212107877
154.17965371071926,0.08036372256505779
147.23389612221342,0.09361828717501422
151.3267379264189,0.0927873869338074
145.731020392436,0.08459014028925704
146.20565790819748,0.08490111325000031
146.28774607643564,0.08997563039251143
150.6274402200784,0.08742180040615502
142.46126123412355,0.0932824934814623
154.1784060604917,0.08872835147655433
147.12056759706317,0.08847229993134116
146.57847776879564,0.09288997603408085
149.3206711349965,0.08704194735035686
138.31671866596545,0.09116002373842742
144.11091669840454,0.10096535277049849
141.5533249885321,0.09340705540530649
146.12367211431894,0.08617225195562193
147.80675399108776,0.08826996569773307
144.1817493134039,0.08611745399841436
147.86950346237563,0.08547877308619796
149.80989538091129,0.08531780377724117
147.4052080137059,0.08611563982858035
142.00072922805944,0.08781618269003627
143.8452025842335,0.0861595419134106
147.4703499801907,0.08921981391521261
145.8053530765939,0.08872891978618073
151.93597805761965,0.08965244929554717
133.14078715680597,0.10705270534726351
158.74514398795998,0.07323679204270904
152.70471729774272,0.08092208474944286
150.35954429975325,0.07969686880565947
155.12053539093628,0.08156111895278292
164.5520875600497,0.08028358202646628
135.34177980688756,0.09199063049460854
153.02152769361973,0.08582939759334866
147.92780507666495,0.09388420496618097
147.71357399948675,0.09268536332435086
146.58574145380945,0.0968322923102557
133.24654072765978,0.09061381498301188
148.88078303240525,0.08563365295549001
138.42686344801308,0.09607824091526176
151.3150341660181,0.08043591633097961
151.49998996160474,0.08039910061541425
143.47662592739772,0.08072283377346041
142.0712181899117,0.09161417770499315
132.59269392714654,0.09273680074814428
137.2630557147585,0.09128973034110655
151.44191841604066,0.08645747639080106
144.34048610898427,0.0875571352024281
132.89566006502554,0.10291357127481825
121.51644025569279,0.10677497721276967
161.508967369407,0.08347199732073307
160.45252525005563,0.08297950709618465
153.44955139870257,0.07948084497345767
154.5495368097418,0.07205874304027653
141.63144575812984,0.09906173964326323
136.0195788540874,0.09801255616987144
141.29892872891983,0.08821229843677894
139.8046578068103,0.091197633276855
143.29489635241916,0.0893693918335009
152.79963125716736,0.07848857564706878
148.5372059377928,0.09051541251921232
147.4532645510259,0.09008506872751783
138.49904944129702,0.0852813783446774
136.62201484166226,0.08529458405330557
150.4733605553878,0.0889210853862472
138.96831460485794,0.08866045665585394
149.79526791537575,0.08431397351054991
144.12738327811718,0.0882019714807027
145.2961359208426,0.09137367790860673
137.13463747678506,0.09055180455357081
152.7678448301427,0.08526991137642002
150.1081195794644,0.09472660629783039
143.38635485506532,0.09589151606204264
141.8316534993158,0.0847781198788594
141.37202203876637,0.09011434437352496
140.97739155256053,0.08587426005909758
142.79273005198058,0.08680536972330131
141.41553271728648,0.08683799400105303
134.19539614642193,0.09884213638901172
150.98388752118353,0.09187344735214817
150.01311554376866,0.09024163445861066
152.16074262083322,0.08520500589303205
141.9564173028649,0.08369647200695395
157.21055987380745,0.08826581265521104
147.74025406663827,0.0854982585048667
145.56028845764575,0.09480336361023586
139.96096795394362,0.09297045202250175
155.31630349915065,0.08723333841498633
145.51144000904142,0.09018550299203391
143.42392587006978,0.092448414342654
145.0197650220851,0.09208651450608325
143.38661297671683,0.10025263888064112
152.54752809871374,0.08913806405380051
153.367783383945,0.08408614660193157
154.11128405762054,0.08544789616187942
153.00038866673998,0.08592832275033833
141.2831628676655,0.0943769431995053
140.64442596104377,0.08976933024380065
150.23052624020215,0.09387990127797242
136.7759240559022,0.09227943240138607
137.85640855491357,0.09097946510167754
139.75343206595758,0.09731164918576735
136.70112328394276,0.09478160842461278
147.24498123588108,0.0901975036472592
142.84173225466216,0.09262768828633793
142.51705563959953,0.09363493365744667
140.69830956397925,0.08868317969327758
140.0337852193773,0.09218195522254645
137.86355331535808,0.09100456109940745
140.39504774427039,0.09084336261056508
142.06341528901095,0.0894545830697129
141.9688016522421,0.08693928932910429
143.17568960025793,0.09180710272109659
137.7962696427213,0.09206285063245194
136.3188022500131,0.10079032999959602
148.03653957433136,0.0971588036420149
149.12658643557253,0.0713712963337818
150.64451845426615,0.0714378130674976
148.95560931318178,0.08154802702659605
144.54700791491123,0.08408707880391846
144.2006570257742,0.09775307481617672
148.954570488673,0.08360861263351081
132.0236547585344,0.08745589350632897
137.66204862394935,0.0940872412784834
140.2425329924572,0.093068411203629
140.4216717526937,0.09889271190470292
161.27979701888233,0.08255291727994342
157.81163224129173,0.08237164027447004
158.46822916065125,0.08433218886888053
142.1013552352784,0.09294647267522077
134.57090537192707,0.09738800747056742
151.40938372987148,0.07609001049077066
154.3990599583717,0.07814185753158767
154.44268547501932,0.07675687927389634
133.70083565666977,0.10750342295925434
133.94797067130338,0.09726307639833393
132.32445660405958,0.10549711772397954
161.55479840975602,0.08088007443830394
152.10786742488435,0.07728463919870998
155.4005176197652,0.08211182660786305
144.16948195028917,0.08351770696767284
154.4249276031689,0.0808452080262949
156.96514335597482,0.07862818968827806
146.77001916870643,0.08261372843089557
147.83298472658572,0.08252033200320204
148.22123910776497,0.08137835501002118
140.83250277271495,0.08435012396968011
149.23626036420353,0.08794752035851186
150.93740693897976,0.08780206020635849
145.96875198391228,0.09338339109410941
141.7972120199424,0.09705214033193821
135.45158353474312,0.08887243801740512
148.12680089753755,0.08351140408124273
152.91056424933763,0.08847217229400439
144.19878705886,0.08244158624931591
139.73207374702147,0.08563341735361069
146.38598049126207,0.10163835370143837
138.31863639140423,0.09045925273492475
145.48476229228262,0.1008281234940205
143.56525305634722,0.09034455823814111
143.06135227133046,0.08539871431299463
139.82860867423946,0.09553596427542914
134.03031943096815,0.09345071282297675
136.40510503564371,0.08669107572446726
135.56731011438643,0.09551706017665887
136.21797594588966,0.09481347890639716
134.6199553577506,0.0907944009165637
148.10860943119567,0.0794359345525497
139.7531146844535,0.09324104583539979
139.8727263921649,0.09537518298219373
149.9519808558315,0.0882775039132501
148.33675645218545,0.08612948186582547
155.44005333271113,0.09025333950382718
133.23064428837125,0.0903154559501484
140.7871787225235,0.09223619733207404
146.03489366111108,0.08454398019617185
159.33680371682044,0.08678779120666805
158.1169609367364,0.08748442663080791
143.00945523845897,0.09079565542303354
147.88534029834724,0.08506802996746195
138.70486933416225,0.09091259547222912
136.31188902353986,0.08344319748736179
144.9774772441174,0.08939468144652586
146.67104120830362,0.10113170285145169
146.91383777204447,0.08251143832640782
143.82062967931006,0.08112971836761937
138.2470482822962,0.09459764728030348
140.40951020911993,0.09466329730900991
142.08392090540914,0.08765615983812605
142.45733676757217,0.08932443893425923
141.32435688626921,0.09163851966325398
149.51809822490472,0.09146372068583854
140.8911926687221,0.09080273898124579
144.57862670852478,0.0903302041218315
147.60353376620054,0.08863966813461695
146.12889660877192,0.08759569663491064
147.771706517657,0.09186971856178615
149.97679871688155,0.08225796236095938
137.25321808520187,0.09717545656768661
147.29382677502616,0.0844803643053906
151.15606781541715,0.08829130787509444
134.2360631097533,0.09328405599988651
165.41199054328487,0.09403980461656436
140.88876282888648,0.09034386661091375
136.32149468498687,0.09244641697405144
148.04874411508098,0.080017066617428
153.342294732595,0.09492155192379852
144.5443498795881,0.08946788581761544
137.4617482073292,0.08947366140119596
140.84594583997787,0.08650427893599735
140.1275320555508,0.08379991861377224
140.8231154902748,0.08270397809239476
150.45157984068328,0.08705846709374314
154.8923472868892,0.08278743740573703
139.2211693667338,0.09309434317215737
153.51882151110658,0.08164124696192822
148.0098829860384,0.08115301672569869
140.1758603021521,0.0797426880006421
143.4922132363148,0.08215934251298254
141.9497211868406,0.08137687623730121
142.49213849802038,0.08342248777049067
143.98218604019132,0.09161773467547965
138.7926136165726,0.09135423690195049
156.12435533101572,0.08410282738876769
153.35870652205622,0.08814321278164938
140.49110043493067,0.09725852903715791
147.39896236078985,0.09118406889124084
138.6362282517916,0.08994067851618083
143.03910261727654,0.08775965005823758
143.17911426225925,0.09162530295718986
139.33189560033216,0.09654733306854166
142.16327139383438,0.09997357916112437
144.96254333213182,0.08904245729294648
142.6266925273866,0.08982080837399387
148.82618065104137,0.08166982679776194
147.13536044752064,0.08799750124935285
138.7735922042346,0.08673305089191466
142.09926761251228,0.08590475176701125
141.687082875384,0.0985859206506802
137.9373735573776,0.08951755038580267
150.22035484641597,0.09545648208565852
147.45410866507098,0.09183728538035575
151.163976612359,0.08896824662459195
130.44344015625884,0.09385960755353137
131.89374534216546,0.0957198630203852
137.38947204932123,0.09439185940928713
137.3900703022687,0.09375528870292894
138.1403031445409,0.09776960970373857
137.93028054102507,0.09076139326475034
146.08698160547016,0.08550157126356034
139.8593730537528,0.08686012942035258
141.34558406255815,0.08433185437456286
144.75351962291592,0.09433108316141124
139.05248781061,0.09847087563146238
147.47560668814614,0.0884530489032877
154.85785991961095,0.09375721148288477
139.2275133589796,0.08919545361838298
147.10136154471994,0.09202473880067298
141.2040476084797,0.08665896705868695
141.70386182582186,0.08557024173029727
136.69569920739204,0.0890483589274205
141.6895333054905,0.0976527608651714
147.6660738967455,0.0935796527295374
135.88876169076988,0.09635442455224803
145.65985959746223,0.07637634779780693
144.5969655981376,0.08100881219379154
133.85423029639168,0.09487670887436285
144.07258937313168,0.08530063458523227
146.94392512300564,0.08432810090911469
147.67477454227756,0.08877546713025984
153.53947836501032,0.08293568740806485
137.01169557692435,0.09785108488128762
132.5192997261471,0.09867384389796836
154.91001415449819,0.0792095557533006
155.82938014671652,0.0836408409599307
143.24994938611005,0.09506795636752159
143.9603741125912,0.09536773766048322
142.27829707685217,0.09729521265041068
146.84008982507865,0.09794460323948305
141.4209455015249,0.09143215227567866
142.9481396772482,0.0878413415968738
138.72451165630724,0.09566782879450525
145.93101444702063,0.08044617439625235
142.95180938850459,0.09489139436216044
144.69619348604576,0.09524038934203538
145.2960122880972,0.08832975904897163
146.57067654456924,0.0872088970027472
134.08800876852686,0.09225756061606265
142.20917981018619,0.09371786700165935
142.37396395991703,0.09482174920672894
144.82944170153033,0.08727817610213176
146.878323104955,0.09308293745811014
145.49323791404356,0.10250103310309977
143.76216303830068,0.09934745937228721
143.56961317482717,0.08704356818739832
141.42539943140807,0.0944815935523315
150.24734186821996,0.0873207837868893
146.02737041503138,0.07958847566136736
155.45183186217787,0.07258642876952093
152.3656514163842,0.07301028177515084
160.6190504168979,0.08455649098191594
154.90417643643318,0.07414404776851283
146.73955575556002,0.08936980341358229
150.09235669212603,0.08616039674645275
148.90524724553015,0.08373554339495715
145.5775717204428,0.08171752190920241
154.48869686428864,0.08137134408333385
138.65514388865645,0.09947549731222889
145.24864791383382,0.08877483160711207
142.33845001648882,0.078482131742757
144.31264650549664,0.08047004664159886
141.5243137107833,0.093783363889221
140.980318457033,0.09056039733719526
141.94561275154564,0.08772338911803748
145.14370005586738,0.09762352812988975
150.83054504572573,0.07821298019188196
145.6964739782105,0.07576270109084202
146.45723337098056,0.09842985411709085
145.33455834311383,0.09659583021464367
141.47488222513067,0.08120068621897801
140.28972293232675,0.09874878791222744
147.5644070141153,0.07682521172493463
147.3569975954735,0.07706686008592013
147.2715646455927,0.07787129535195625
133.73254627654944,0.09759910618938569
137.81794654213599,0.08871160763597476
134.86508943343236,0.0899220992983805
141.37640326471833,0.09874365041934943
139.00901407203733,0.0971915550804414
145.305461769839,0.08496783575772496
145.6249558057003,0.08480833379616724
145.0662381702191,0.08370038169208933
147.40106547464913,0.09215401595284826
132.1111700886974,0.08717986742934533
132.41094140184543,0.09122662297645845
137.13411431147637,0.09356558487042926
142.4265173875657,0.08517175018584705
147.5277028919702,0.10044870888861528
132.46158127393315,0.09831564599892574
147.6511376100214,0.0946080872392594
146.19619417582044,0.08769048149017858
141.60942333402986,0.08816889253619103
142.99123579259737,0.08854086021391587
142.78660144056835,0.09660722542309085
149.34169831049934,0.07679421415934795
146.24169721184109,0.08900361472818492
144.42624284709348,0.08616687359813467
143.73618590260475,0.08937045882720014
143.4751830174758,0.09445471445392828
142.55046211036486,0.08903840026587914
144.06925664339735,0.09948544714736363
146.52645945005648,0.09967455403137629
146.39976191595025,0.08824811752825916
139.7347162133785,0.08923140309554141
145.7384168755269,0.082965634873118893
149.57653797594227,0.0897335303261015
146.39494573477452,0.08448568750298394
132.1600279258527,0.0933076527804858
147.8200947832166,0.08368562237002283
140.4760274467801,0.0888902239716552
153.28288005189614,0.08807689076839872
148.76125496176599,0.08497891887556694
151.1431009076093,0.09304706439213961
153.32762398963965,0.08601457713575834
142.73871698791154,0.0969762424801357
137.32768234851025,0.08812505695755536
137.27506246849214,0.09252795437051664
137.07197301473295,0.09783280447524
136.9874088774225,0.09151133941710088
143.085175363071,0.10105743226874134
149.278895964216,0.08706718408144823
148.62775285085556,0.08555149980042057
153.13443543719723,0.09164465579524265
144.77265190965863,0.08647606556753523
144.97038385352735,0.08825496020012297
139.14782099752279,0.08787720265459106
137.09710980337266,0.08972976318115637
151.64737441731987,0.08575350275307565
148.56015522194767,0.08710537465175594
143.62399773451773,0.09061255949642529
150.48640408674083,0.09163851595982066
144.22721347127109,0.08882610529087948
143.78612604027853,0.09342830040968518
138.59432726023658,0.09376849696863258
152.64245018060814,0.08605097706448071
138.7196268365244,0.08890909163252472
144.30791555800266,0.0934990596785506
145.69523665034848,0.09825745940942948
150.07853847578497,0.08331718155547774
135.103517429727,0.09534245405325546
149.93587492371185,0.09291746651763923
146.41343373327058,0.09114782961300949
139.6353170787211,0.08634912158734454
139.16123783241446,0.08137102787831417
144.52314729900164,0.08136048537229441
148.9191722315948,0.0848294507841846
147.8046841571121,0.08894731255401103
142.85945888931153,0.08999394413475632
145.79302132248355,0.09316897000067013
144.12107014162623,0.08959199850346669
146.42206713464094,0.0833858137109463
144.22231318348835,0.09658906865247925
143.06729017482056,0.08040559275269599
150.19353759440514,0.09376852737206515
150.871712447073,0.08447242411885053
137.67762858467685,0.08075194356422317
143.50055265440605,0.10347431432893561
145.79860620726876,0.09524966798090721
138.16872936213645,0.09360158536851992
146.70886630052178,0.09001444638043452
147.83864776142715,0.09564658210851062
149.8406647064846,0.08462902061413591
149.7002907189183,0.08615276648446958
149.1671650000597,0.07921658799349603
141.9298950576477,0.08984340293432334
147.4819736868141,0.09151525381740956
145.71410033604226,0.0918822748397565
144.36878669129914,0.0957494688470301
143.81970154381554,0.08871859171189773
145.76450771629843,0.09733059489779095
138.21154630209531,0.08438210511388726
137.55467261675733,0.09077897300166221
147.41049900788926,0.08772533758409141
144.83267908736812,0.09387765128287281
145.98924267700033,0.09437059039708559
135.15946234859237,0.09458168353218607
147.45747139379972,0.09036775992437465
148.35339173600758,0.08496854693582773
146.09323763682232,0.09171912782541626
146.5436450218123,0.09368821606450836
138.27376882032064,0.10137911395519565
136.96304631545283,0.08838206626355874
141.7495115633987,0.09090398224181699
138.64429378355487,0.08722681292353401
141.649626752503,0.0829203977840291
146.53414019336702,0.08779865204934653
147.7033248804616,0.09703795059274983
143.71156713034432,0.09096993144419535
141.5013332574939,0.09633979621448341
126.31066825541974,0.09900308031013551
130.8581304273279,0.09370325958873123
131.95687906843477,0.09147249342337398
133.92083772510014,0.08981223774963888
127.83176741771057,0.07780888548859119
141.35825626955346,0.0803240357730819
140.62313093506646,0.09924321235217383
144.07675707589337,0.09110687186558744
143.25085790760534,0.09109271345764446
142.59491083459505,0.08789949569176128
149.54874221644263,0.08859825799388003
145.83989861878865,0.08919839769871366
144.53142945980022,0.08877843194025113
134.3981898550515,0.08644956054788681
133.48890837564343,0.08693900025055781
137.60707193628153,0.0926820485219503
138.34183679418646,0.09489598500809206
147.01838965592574,0.08453412487542442
145.11426302471318,0.09323557475227016
143.84427274387173,0.08787447868436168
134.2662706863956,0.0984506651136679
134.73922629793327,0.0953366033028081
146.08175922602913,0.0816599647818556
141.82568773188385,0.08965161518307364
143.15910086623938,0.08855713508382575
141.1351223838845,0.08586733301895662
154.11715808681677,0.0821008859702446
133.6102208816712,0.09633407989980101
138.8980188089331,0.08722037679860621
145.16945641117314,0.08238492569294753
152.72712717096766,0.0737575051524369
146.72138739726194,0.08024387661316291
139.45960020068068,0.08840447867148198
150.10264040695736,0.09198716374081095
148.99385484632995,0.08848649104422548
146.90153656750977,0.07993943850060402
145.97255365931997,0.07903739404060636
165.58721399462783,0.0852346359875073
158.3777461830309,0.09007574186621611
138.82739949736947,0.08143812766165215
138.20061691675556,0.08186984919005415
139.12234184128835,0.08567726507047309
137.07217717748463,0.08503152687502868
141.8418888384439,0.09877841943630812
147.9313911803666,0.0807528518252682
148.8507757192455,0.07791395775027811
146.13346274239976,0.08219933659107596
138.60448280716986,0.100428887286201
137.97606051693725,0.10086963119705568
136.7508713203592,0.10025460943203394
142.116896617399,0.08959581444282927
149.60167126093097,0.07627405540850088
154.3125269637252,0.09116168650286909
151.74184299698103,0.09498184479469246
148.49782942394344,0.07680795254208547
146.7461204221005,0.08828318132295186
143.1262667306712,0.08600197599945517
141.60571377712165,0.09542912048369663
141.87042962497858,0.09178265295266569
149.6216667177689,0.08990272152690988
138.02946863568351,0.08553798658410493
136.19414914382597,0.09440496122785738
136.1724092386549,0.10085943315711376
156.632637137667,0.08260876776259428
156.5106481484273,0.08201093040429293
160.43502767728333,0.07837039206224888
142.92931266046668,0.0943112639629775
142.79246358524756,0.08993959293458823
147.46503381811257,0.08795125342422239
141.5132901834978,0.08888754062604946
141.8741480808655,0.0916238342962886
141.1977141185866,0.09917480333798652
132.26403552395598,0.08429567667166225
143.36573026141156,0.09928519908772647
134.98861848077362,0.08511739918778582
136.95757824903887,0.0865708189123246
146.17598494330176,0.09056101506915233
156.18985624944244,0.08573930004326483
145.10671572853775,0.08212229653720994
142.1108494290229,0.08869836999856832
147.26144045247833,0.08744047058104067
149.30007189410648,0.08878488150333792
139.69619025099647,0.09476502477974157
150.23067709420857,0.0851346025199191
142.85197178998266,0.10011617081776718
147.9561270591895,0.09862272985648765
147.54442572236763,0.0954117980865174
155.81470085614635,0.08345099008049706
156.72149139680576,0.08547298239388182
134.04629171778396,0.09638333484130118
138.74042274319825,0.08939612316850894
150.06085589881292,0.09523726458343082
141.62697678129481,0.09567375688851705
141.62697678129481,0.09567375688851705
148.32216661413835,0.08628644181966875
149.09960167532518,0.08750905396753682
149.07702476790416,0.08611289167143689
139.96594679468993,0.09347659921321853
148.5425908854519,0.08787942106677277
145.77623637746228,0.08691627155269364
150.1033246044953,0.08661336085926521
155.07849212542226,0.08019771066639532
151.6129024768034,0.09147929211945909
147.05377662570095,0.08706455468628295
150.0084864227908,0.08283201113869301
134.97478911473084,0.09211959390626004
129.09297662754435,0.08896296863516959
155.20377696992335,0.0767848894276487
148.9064793461981,0.07374512559410987
143.55268229330562,0.07961185080726003
151.07077595242805,0.0887382735803148
143.74938623255468,0.08845789138644913
150.0960360270593,0.08888576567923326
135.92772649402417,0.09217683166416153
157.51331045157642,0.08114313821069456
155.20911083403925,0.07835416781996377
158.28530158790286,0.0834468620474529
157.39105876968478,0.08201433899421509
148.33618595607368,0.09074220986135956
158.14557500088094,0.0912956913159833
141.21172094888126,0.07859039291140171
145.79141633563623,0.09791274222525562
144.91047543729698,0.08832096839296391
148.8702972893141,0.07940701720033388
149.92361505702564,0.08382375522677037
149.56848521115893,0.08550406611467765
147.45958805465693,0.089813027650837
151.49898835038047,0.09106206370284649
151.49898835038047,0.09106206370284649
143.55249917013523,0.08610396766263347
138.6215516228903,0.0913834961934841
146.09706622887134,0.08426381111037932
139.75190836962798,0.10230004474840278
143.9893143247632,0.09470881799453094
139.55640948197808,0.09305912440187539
153.88090306653947,0.07738920698152266
159.2533915500373,0.08098061412913288
144.16557475964245,0.08905698760923365
141.73920880187686,0.08854967544466616
144.90352591156332,0.09204345913794776
146.24439750383922,0.08761583015601924
141.22536162280485,0.08662030306383951
142.745935767775,0.0859272599916139
145.57474192958102,0.08479013810017373
139.9377736866677,0.0879455189644283
133.88388132555886,0.08892810943799805
149.8689486128645,0.08565717045809834
147.32047831572723,0.09268890417888155
145.24897802945745,0.0898079417385646
145.8104836180822,0.08374022796707849
142.0717184656786,0.09700342341734763
131.45641415977377,0.08763478892830438
130.33518713695753,0.0848774420175831
129.5082725890686,0.08546500711284945
127.34072123269382,0.08600728652983629
136.5720830802735,0.08484407288210341
144.8116672086316,0.08437757018149811
146.72622087070624,0.08887000367595145
148.50040873737473,0.09716452372769292
138.5495640278245,0.0870019902485795
139.65375296052198,0.08768944143842981
144.03901255696672,0.08238212559907994
137.2468007856018,0.09076309182587818
137.54354824712604,0.0939218252349254
146.45622946086831,0.08629222987947154
155.15426902078656,0.08536750539079499
139.9586068688826,0.09538665489310238
146.4377359479456,0.09308434014881778
142.8573231166043,0.08536963156655032
143.4927978909229,0.09052735640650729
137.3120509725587,0.09655028956188845
131.82214354507082,0.09292851500340689
138.24637403252405,0.09024928024229842
154.42879151919948,0.08345099180421589
149.80870817425392,0.08125083540546639
140.21868792724274,0.09239967715930573
133.49011970910044,0.09672773835497493
135.96550371054514,0.0955917564006814
143.30969703246456,0.08674404222379486
142.8751408362428,0.08645472663409896
139.72315529481543,0.08791436215214171
150.81470254268837,0.0846297075473462
149.79894315594711,0.08480425353644629
150.69687349865148,0.0828956237366483
144.52914294802733,0.08036295256414253
145.07568841801094,0.08412358687293688
146.37379085095182,0.08550707849617042
140.89040002199494,0.09467729870269738
134.90277619146366,0.0988955190547807
152.293740413754,0.07366382338023612
152.05647554606875,0.08137798252316368
152.10177649200622,0.08309172178178235
155.40366617214366,0.08444706113261718
163.9747137101966,0.0840448143266966
142.27717558163957,0.08263362611752419
144.24189775878799,0.08534362938509611
144.3195848949254,0.08219163161547764
143.5354884620057,0.08660333889694949
144.0238677366359,0.08607489158611085
154.148104543316,0.09070671528322699
152.35864672837735,0.08543067251803572
154.92921808891916,0.08929147920929567
150.20822776333395,0.08947925685520706
148.29422328419582,0.08992314395596743
138.11096154756441,0.10269979015095838
145.85237461102963,0.08566908415479624
151.28775092970977,0.09878220530984352
135.09558505953706,0.08048261485382698
138.1738375750547,0.08635309510804502
133.11915462105688,0.08347185184474577
135.32358713219622,0.08705852834283853
133.338109136301,0.08501529102158568
134.33406665599082,0.0883244213439054
136.45809331573093,0.09653670432322466
134.93000573230793,0.07853283373811357
156.73007398525274,0.07741755494760617
135.3719897468099,0.1068043487966525
136.00858538312812,0.10568477821109756
148.47830460574988,0.08550306547753853
131.40548544510952,0.09130870032814017
137.19917245758614,0.09196811616481305
152.17452051711888,0.08832956994211708
144.09101550631604,0.08931682043628424
142.9805962117653,0.09335701821101124
150.2928719368038,0.09303117680663148
147.2185165669743,0.08533922054840469
144.56580924647838,0.08576091907359744
133.87066810099319,0.09306375196910582
136.12656208689367,0.08537231978465755
137.02359767773154,0.09538498009046814
135.32581709301525,0.08884422622009362
140.29457738503382,0.09087320051362904
144.9705234908654,0.08559788244971753
148.57237994457032,0.08689235548539839
139.7465648064983,0.09613301243205427
133.9085431113127,0.09257330598122045
153.96978649328312,0.08373341401342504
151.6553861148085,0.0812326056365521
147.98010612943042,0.08507287257050708
151.97419407470065,0.07990578008871735
151.303650720826,0.08337147560275368
141.11622092645752,0.08884491121755655
133.3827744539768,0.10306581576814663
140.6487858476444,0.10211014601090818
143.77877510649313,0.08620510846285648
144.62978157114813,0.09110547146269149
137.8425276364767,0.08238439407044935
157.1861755763294,0.08165499455921027
135.83663656048287,0.0927564016090804
153.95328463487508,0.09055250745546786
142.87807266698533,0.09798096176926152
139.34593198105912,0.09308777655786075
140.63546900639,0.08309963285618914
132.00329751098965,0.09263776799079301
150.39074233517096,0.09300554339014444
146.06545775870936,0.08633679234926189
149.66961133089643,0.08112402214792057
152.64832706187022,0.08728656966609502
152.7935155129074,0.08635948692613131
140.5869949593742,0.09008558552752859
142.29886592056383,0.0968471379886917
140.1489860378284,0.08978096011384785
145.5910065211917,0.09189882408952148
146.4329495334877,0.09164018897623338
156.5357088198597,0.09650368018494988
152.18430418432257,0.0768995542207414
154.96977474328236,0.08146698376147943
154.09496161791682,0.0806931157831475
148.49373305445945,0.0845985528103616
148.95808932728673,0.08397542548421257
149.7871672684089,0.08752882686570519
152.17294626296342,0.09115511026463581
146.03948081600907,0.09281765985916111
137.34658335778283,0.09604334255367304
138.63479691667627,0.08905563373678267
150.18895174271503,0.08038183968648678
148.2878010372509,0.07920733396248482
144.73211758575465,0.08319253357345072
131.71092405415394,0.09117584890341503
135.3157786136443,0.08358020877935231
136.6188009030863,0.08051560458035803
143.4773699723647,0.09862495665699508
140.4349427568774,0.08525716664667678
142.1636144963247,0.09156099004120836
149.41580935887094,0.08395255655917952
156.37194720454795,0.09138775967535372
143.319910733211,0.09405322256675658
147.8006594749067,0.09208552895042292
144.47428878248164,0.09374842125833135
146.05658562645442,0.09695068905482848
142.09133312661595,0.08526595377142435
141.48054870976011,0.08319512081550691
153.6979228218816,0.10078511362270218
153.13837204448595,0.09389442192921552
145.36986752064325,0.09115087446557416
147.2433024444509,0.09241026196314181
140.88383249504955,0.09008945846461086
143.50813883922015,0.08644905502484143
146.03476188049422,0.09374434961314079
146.31552540893017,0.09523938380369092
144.93222662560274,0.09177720729546206
134.58215706095461,0.09121801191485804
150.23545396146892,0.09168791733406266
149.22933416086673,0.08965932326077755
151.5246106665655,0.08250703434216447
143.23945640212784,0.09900237653753093
137.81632603073322,0.08809035451545022
141.58642423740923,0.08721473552396782
145.10489887835183,0.08601367474637306
144.22524473687244,0.08589454957112909
150.888664510083,0.08926197100177824
132.22544726166313,0.09170765031784996
132.10456480363925,0.09058791788912124
142.21651098127347,0.08500504156440955
139.82220187300535,0.08005913650696415
140.22224945406154,0.08618412851156527
138.87714448890688,0.09018965227012694
137.573986824571,0.09429869163103291
147.80588648536164,0.08503737120101294
150.04562400541045,0.08289216737609696
144.75144037993138,0.09578578090280947
152.5667785202377,0.08483629455811979
136.7360306249537,0.10034869036008937
138.92628003718931,0.09155766425227112
141.8692519066848,0.09258776073667818
140.3871722240798,0.0902021706670103
149.68552928798394,0.09014674107390173
145.65575112900632,0.09097587542642939
152.61859485112763,0.09134767202337768
150.5573737417141,0.0820791330097172
142.9134528007882,0.08829449349820025
142.92866086637477,0.09234620192658505
145.49152187908618,0.08959923210119564
146.40516152290178,0.08619227657176592
141.01529205777476,0.09169487426527816
136.01461182431962,0.10012264312579063
145.75661888338664,0.09108550456470269
140.89917570976542,0.08629133917183732
141.95626798271658,0.09186848721739718
147.4524734070482,0.08951582506231531
143.16749429621828,0.08311667365300028
142.02069868451466,0.09358690429908376
143.52357280181675,0.08610914833038848
146.60062309097498,0.08974967455835761
149.50960787016095,0.08523710541599662
139.56880258122652,0.09452584004937561
142.1846764252762,0.09621350639658555
150.09232564511424,0.08329513871644499
150.2507378153432,0.0839763059215145
152.27359963369392,0.08460601177530562
141.34151575972888,0.09138281003349617
143.57145846825725,0.08667821708243105
151.88355724275397,0.08566461844026706
133.12824373318193,0.0899553070137189
134.78343454899655,0.09401497513570911
141.24739462566447,0.09442915048065965
138.4368621802736,0.09434060538041623
138.31432188053236,0.09441738531169817
147.89122629212335,0.08437359758241929
152.02267889091044,0.08918049469441285
152.78979833505437,0.08950844331056537
151.1971844207484,0.09495035368319647
150.56120363854833,0.09444184965462248
141.7897657701748,0.09007233397289106
151.4404681407211,0.09000513700408208
140.44446819614788,0.089569140640890485
149.89399880649557,0.0791886687556499
148.8307450661258,0.08077191343871525
143.31088865905912,0.08227665310564802
143.1105395128952,0.07651837673698163
143.21514756246492,0.07867818753779529
142.86800737804117,0.09179972792826319
140.79610164554188,0.08296045685685893
157.5570777396617,0.07573005688596016
129.1920203192845,0.09832525367458998
140.72147646851602,0.09124592897299544
140.87753542063663,0.09197207667129834
141.65338138740688,0.08967359760411767
137.32360247755557,0.08358680805223012
148.17582089325444,0.09217213433569788
143.03690939491844,0.09323883813346612
142.1657811521275,0.08327165817664176
139.49804752212947,0.0853252401795729
133.99902766034296,0.08709801842512109
141.81870191025695,0.09264662692030083
141.7583145843171,0.08812337820644314
152.59499838741192,0.08648041822109816
145.68072157913872,0.09186080725702714
152.763750105074,0.08723545737954386
136.21467262962307,0.09525720302586431
141.77025595171105,0.09953489193765541
147.5989758162374,0.08595137671047233
145.87874822627424,0.08454470172108082
144.8455505141188,0.09323079299936489
144.44129299794926,0.08906311812377891
140.90376007953634,0.08992204850020634
144.61973675781826,0.09300569799009219
150.80318447845656,0.09245809808688339
163.14537804522163,0.08671468315998061
165.25695380445597,0.08315977351761841
138.1544240347198,0.09819898176749393
130.83319857069614,0.09494221999168435
148.5700802927663,0.07820668326536698
142.9566916152038,0.08904986061196395
141.72565810610223,0.0984807446850363
142.70473185229508,0.09465545628138285
144.0712874721337,0.08341520229270302
149.34525459582377,0.0905828284898894
151.25807133360044,0.07712083500088807
155.6391082353627,0.07847094986996858
147.4414998962946,0.08099128828233244
147.61023122571086,0.08187499429761338
147.94497732913413,0.08006584638952575
153.20334904367724,0.06514049404281032
145.36909278156804,0.09376444083681076
143.3716501730912,0.09293016673610832
144.5000241698591,0.09223904721934648
140.5501598086212,0.09260779608158587
146.8274963172085,0.09781346127413354
146.95808441492045,0.08765028475265663
142.79421810905006,0.0876469613699673
146.86142533493057,0.08353295823054604
143.65470613433357,0.08164131832065112
154.1824101361256,0.08637949839226385
150.78116392368688,0.08330170426477636
143.86880296905852,0.0982969329988594
133.9796217645355,0.10528237049711701
141.5103509972734,0.08617792593908757
142.13557995626323,0.08474351918283826
138.85587623196082,0.08097863167443672
138.58480465541186,0.0929703837278837
142.4832402801859,0.09358855203011497
144.38258119609185,0.09263360129902429
146.18162183036048,0.08897581183006789
143.24533309650707,0.0952711406085914
154.09844602101825,0.08792877616397289
148.71082196338196,0.07466361599609611
151.7326125667425,0.07730525896742751
143.55124239158516,0.0929402083310386
136.1496874295226,0.08698283605063303
143.26041534885545,0.08770088642810676
145.97314752193276,0.09160683839319794
132.81975472105265,0.08861971648213351
132.67932469888652,0.09861374554798308
132.3053867321275,0.08991377494654587
145.87305924591772,0.09322617089003457
132.47835735143698,0.09932946700458516
147.42073951587494,0.07804640494970053
139.22253941452948,0.09500532355882646
149.86629547903215,0.08362956325922809
143.3872311074622,0.08576214403108642
148.81955008045583,0.09346905992761284
146.8276497792814,0.08620533897590303
155.3330646307104,0.08563446229734255
146.00255182558348,0.08855440200275634
148.79077149323356,0.09313256566320213
162.54514416561204,0.08809354926174812
143.5688041594875,0.08388344270243157
142.96483068159463,0.09381976548758282
147.50382242435677,0.08891773297693335
148.69255658857531,0.08688908531572738
145.77115802835198,0.09191038557911978
137.7051414832844,0.0938161471748283
140.5038319333371,0.09824513865743272
138.61136418840192,0.08928454822090447
143.05346119224677,0.09549715669851022
150.11607705078993,0.09623022526625069
147.353925685034,0.09405628958531158
148.98621193213282,0.08533516128207437
148.98621193213282,0.08533516128207437
144.6359423915141,0.08701392503611405
146.37526817338656,0.09072173363004662
138.19982553856832,0.08270799255414597
146.88485735681067,0.08429085735979806
148.57131192662575,0.08484249891045038
151.57699047812383,0.07339910748424147
143.15592233406787,0.09995591066881343
152.9175485940579,0.08247905458458454
148.35891959780105,0.09450832199049712
152.42935329628634,0.08173149151615966
139.67263346832013,0.09403919874616178
143.4278349714387,0.09105197971525059
144.79239811001815,0.08885537283612337
143.6914836115153,0.08861273412504911
143.0853229150352,0.08717582368327693
137.3153835516927,0.09727932020377146
150.9475173947385,0.0829777314883337
136.53007586762175,0.09581079270196431
144.457338432868,0.09620800163261296
142.92050395946376,0.0884654674629233
150.92216832653645,0.08498300423827944
151.9433115944883,0.08493525810486818
150.28075734176676,0.09440308142003218
153.53695055260522,0.10216033007006191
138.9712112859949,0.07623350769984091
134.69299658224838,0.09895762160956242
127.17413291778901,0.08198230963872166
128.91278246593373,0.08459308652564995
135.99436769966704,0.09342522183055037
145.81386090528196,0.08498094673396725
147.68194879777857,0.08994716198559972
151.77460961824727,0.08637630384049395
133.1571827548544,0.0886537781029357
132.01400897698605,0.0866793473810431
147.48479407975236,0.09394929795686197
154.53244648445045,0.09434268393329698
140.26838398246687,0.0856755087158752
145.0579139226788,0.09082482049827967
135.70439146709757,0.08409678207135303
136.15642182611177,0.08343680862468843
137.07854606664733,0.09282718766018601
144.06981985009122,0.09159883697807125
137.59241435316537,0.1004777646692199
136.3696201042312,0.09325034688167153
149.29803905052344,0.07992759668585665
151.27397969965696,0.08214235980052698
139.95738778811207,0.08927027404764133
143.95540599320196,0.09446031923865429
146.00074321733825,0.08548868183753956
152.46359192347927,0.09182734228842553
146.88786177349263,0.08095856961701103
148.0901801982492,0.08461383880343132
152.93587713422178,0.08202880305104726
152.52328663467586,0.07768322622665094
135.59474022225717,0.10133696633712946
154.7355168331355,0.07586781431897878
135.08859388520816,0.09028157941596217
141.3379277110903,0.09543034556845831
140.983784247994,0.08325096978617531
141.53983165692037,0.09026373030474692
144.21495972694657,0.08362899397688
142.42670785257505,0.08370234010877027
138.56340694983894,0.09457499408237131
150.38070395495214,0.08278454572326903
152.8482206238129,0.07228145442826224
159.11556705852325,0.08603943662444596
159.50428948062637,0.08379948674066819
161.17503451828335,0.08367603088352193
136.33522645703107,0.09522668250518729
139.2536139796173,0.09092566725543498
137.99124130008704,0.08578263823055841
143.00593807790904,0.08909127032410907
142.68539695417408,0.0928847650283821
143.3593317919084,0.09083516419668894
143.3593317919084,0.09083516419668894
148.34075293762518,0.0849086185494604
143.54059288613374,0.08793952228776376
139.1763823053818,0.09739767850796706
134.69280884998832,0.08300374379737183
141.44491089451313,0.08619790275452127
149.69339351164567,0.09299216402863315
144.35183645924496,0.09181852297887612
146.2832454529852,0.09067284366337403
148.2402936650586,0.07860237428244381
137.1356651733178,0.0994688246683624
134.50204156228733,0.09677576058291891
153.76695184291427,0.07903333318806334
151.1212915827887,0.07662556159375918
150.6127742997739,0.08000778227638292
139.92067242027792,0.08759490464692066
148.45986334711685,0.08757090782270052
141.4107992725406,0.08821482029879874
147.84785536227275,0.08837145511402118
140.41531455652893,0.09104827625622085
135.5374292891108,0.09585347180020415
149.71790785694475,0.09094233728073368
138.67866863342013,0.09944322474138537
139.51891490221382,0.10141586385523266
147.00074843958672,0.09766984960327553
144.08414963953035,0.08402005077642466
151.2051802833672,0.0861690127241434
152.57319278709926,0.08378614030382346
146.91306830544366,0.07475031140273893
140.5953781030334,0.08789762815179553
143.02170223444446,0.0859331218382073
146.67964142890074,0.08867095584861988
137.4021592433215,0.08791647728360133
141.88703192793454,0.08877989879864721
146.62497229791444,0.09760916419615033
141.42015811891648,0.09430682268056623
141.44779508642034,0.09633067042414646
145.23999814672405,0.08762784690114417
138.17351446846138,0.09716717178338002
145.25103223770492,0.08818745708956077
143.13878620370554,0.09119830217312817
144.8719372543107,0.09748784412274127
134.4736124045638,0.09578570699913841
139.0155743498692,0.08171989876285798
141.0060560904234,0.0890351599015055
144.89163133347967,0.0859635005286203
145.37578421663804,0.0934246022227826
144.75376024749107,0.08500158056027733
149.01146605914644,0.08558687669555749
140.23252459740047,0.10178510760148479
138.60424008750414,0.09470502792329584
146.31552930352157,0.0968468279154433
145.5621103176873,0.07537497620739532
122.50094929993423,0.09978484842075111
134.6063383807964,0.0790333133971775
135.80211335749485,0.08096446290624394
135.70186352566893,0.08343487260959719
150.65856073494004,0.08535911711806508
146.6337302792565,0.08281882271733132
145.79144374530333,0.08366716654003105
136.10962076401975,0.08304588496217326
129.71303958346408,0.08714508010457299
153.47840844275103,0.09394246625908094
147.47571398319513,0.08864479462502868
146.88448327935006,0.07877814387326124
139.32625296986978,0.09083811849638525
155.5347629897226,0.08517590023901007
149.07175159391295,0.09153306206132832
151.86697259154653,0.08592447566004952
150.47130716993564,0.08971029715981177
150.1895961516427,0.09135456429306511
139.59393334900238,0.08903518023825022
145.3492560748924,0.08825538412009504
140.78087217063344,0.0944933592475693
150.16011967164528,0.08650824582115306
150.27862334893734,0.08248493050402765
155.80663355903744,0.08363243079164825
139.36724982582447,0.09095666257674877
148.19793128283882,0.09706295680485176
154.45198935040543,0.08249328122830017
156.16748851802606,0.08160791556485629
132.74290027703583,0.1011109992953109
146.33996533019643,0.0833960904799208
145.58341596443833,0.08299024639103647
143.67347648292304,0.09718991241614583
143.59910164092958,0.10381952348663358
145.21620100437477,0.09237357267671763
152.98179879834748,0.08732086132536006
155.20909193281807,0.0878596902027125
151.94260385944517,0.07774608720815714
132.9205753106952,0.09373585183934333
144.63564265491513,0.09502810297139158
143.63216400745029,0.08235717721499386
140.04389443120525,0.09811712588059406
136.58581189652705,0.09806703964220188
140.81654731290425,0.09742710376443967
145.49627451675926,0.08487503072573743
147.01751811338957,0.09144043486772824
145.1938810127614,0.08688351207129645
139.7600384969795,0.09006788337089867
142.7284118169748,0.09783580225915421
141.757783720907,0.09672741857868458
135.48769482846484,0.09059409991533646
139.99933665380942,0.08884687468986066
138.56883281763234,0.09725414279898184
145.7976545405344,0.07972573582547655
136.28908029782158,0.08758429528512279
137.46563859418674,0.09741738740396633
147.07211269569714,0.08677148555964913
144.80555845409782,0.08908009383344587
141.46262155281627,0.09379041748351073
145.60347708947916,0.0887845790652477
147.28089369703991,0.09319444920914799
148.84346761551197,0.07722899040774193
144.28940962993536,0.08042681495358882
150.79829657071963,0.09359861123426205
139.93760152133763,0.08977593590268285
152.80727972666,0.08604674733863742
143.96833280934283,0.07418779857822347
147.89972718980252,0.07927963138891134
127.36808682601027,0.09973433524140499
132.97240977384516,0.10125116040420422
160.13765864269638,0.07541702435613591
132.4331128589277,0.07902882763114409
133.87933850802173,0.07853537418195569
139.87645171944604,0.09525191036574945
142.26833680528833,0.09546837718731231
141.41672405436898,0.09039395674249164
143.40938297224133,0.08448834998428538
145.20244029321404,0.08455181548495876
142.24439823670684,0.0823423251988021
148.03596840680763,0.09941528691859851
145.90979931857484,0.09783009620430619
138.64632545431624,0.08713301154015941
138.50458117541532,0.09189330093574302
140.62774310506435,0.09399011810712128
157.12317903034554,0.0698997122295524
158.69782334073082,0.06574572649703564
165.94570005366833,0.06501479194861287
151.9080856452993,0.07957422557467836
145.70156323786992,0.0822997429353067
146.54513936147367,0.07955402849614333
151.78244314078322,0.0875311581257066
146.37244665453406,0.0852314320871945
150.1798796818167,0.08182498231267843
143.09340266165066,0.08841898437579923
138.5324164583978,0.095282378196961115
130.01067820148435,0.08915377020570456
135.205899600088,0.0970674966944595
141.84733487951274,0.09405710158924571
140.01920557720854,0.08979642997080202
142.93678206048187,0.09901589323964645
139.00642979028675,0.09751997299479297
132.7669856529531,0.09056669273262123
143.0336408468478,0.08121048156465094
130.28428258120616,0.0937630191809703
142.64802552263103,0.08956369172174353
147.17019006178938,0.07898342409200183
148.37090787257276,0.09076569181787394
143.9688848853592,0.09639404812963015
144.04682498306067,0.0979644755067091
144.4895997909489,0.09425246083024205
144.05082743206611,0.09492213588908711
146.02998269856326,0.08634955721886405
145.80585166405555,0.08951916865902787
143.9888685376211,0.08932075426814103
146.46499615387594,0.09393231543448868
145.18740483996032,0.08423977147800166
155.5277454706279,0.09045564808073099
161.48853244216278,0.0902251198458809
156.6401690346359,0.08988106323751324
152.84573008398104,0.08812680705030097
148.47861674303147,0.08772841146180127
137.7325000148894,0.09184311968664867
141.66661503190699,0.09087750498816702
145.05250155848773,0.09620041010263088
143.01174065748793,0.08047647950451008
135.1242316029792,0.10632449636742482
144.85468827317823,0.08889588259420296
143.35749928578076,0.09837176799667278
141.14672812534766,0.08767027404702418
138.83395160681337,0.09898542467108863
137.78002955619692,0.09587610079368158
152.07582381981445,0.08711949292949
136.66821449118115,0.08786659283549805
153.01308812113047,0.09174439588969052
138.2463290548966,0.09034461517958547
148.63758127702542,0.08322885054858473
142.95959116572246,0.09773899891752497
139.82994211312928,0.09534459204899552
149.6236958536914,0.08083460748105177
141.57273311594238,0.09046190651944165
138.58130819383516,0.09269270003931356
142.90881290655093,0.0919879113347822
145.57912349075949,0.09399779373934206
140.6884435582191,0.09035026708116418
144.33951232572088,0.09135842227770101
141.270274608276,0.0898173012618621
142.7284728247592,0.08690492647756624
145.66564457647627,0.09263485891163653
146.16138239324815,0.0851201056532461
136.7273470283432,0.08491514350424809
140.76355793945905,0.09226786021629088
144.8380502287643,0.09055789473585835
141.30459857387976,0.08921133902868346
142.05795287689563,0.08973332214576238
142.14990488643,0.08849674424242017
147.21771180209154,0.09438020048218616
146.16049980343206,0.09135519251976346
147.35146261389286,0.09182723123703501
145.94514805485355,0.084648715711876
142.95197109504892,0.09086012862699273
158.8831191357967,0.08017532106370612
140.4859938192274,0.08934016299026157
153.41954677807269,0.08268705350056306
142.0474897921503,0.08732542610837894
149.54025418830852,0.09268177925910064
145.59025618060403,0.0938970138852388
144.26548292885872,0.09108278459489452
143.59165730509739,0.09247351229983586
159.09081891715155,0.09710998034417177
152.714050074386,0.08860741991283982
149.81155752029645,0.08962545412530538
136.1246104312406,0.09426982957281786
141.5677088724804,0.09404696412430508
141.5677088724804,0.09404696412430508
142.46638337231803,0.09164623098277669
142.4524737258276,0.08701999842293501
137.35929088622404,0.096423298875498345
141.5958257519348,0.09943165377578617
139.74631888844434,0.09398501050948492
146.04317450000622,0.09659773872975269
152.7424143406179,0.08579266079686375
141.69061475245869,0.09201876746417433
146.64589678236072,0.08849641676018051
145.94584019570993,0.08913792927495356
143.0704778402445,0.08665589386582098
137.68586700944624,0.0872235188804553
141.35765776682692,0.08456225244164982
141.5172495294774,0.08300649494893399
130.05261540320566,0.09272688856592497
147.51509422062554,0.08556267990717405
136.9404183773769,0.09861708137163057
136.37800132624997,0.10477971014958917
135.79590061476824,0.10434665284028662
150.7460722130767,0.08520564266599746
146.77123365726126,0.08794309838701315
147.40220192922612,0.08579502588791597
136.21365282552173,0.0933379062956121
133.24677361618527,0.0901356305401038
149.8211744535348,0.0875158035655303
151.4953622504961,0.10071766109250685
149.55766056662443,0.10166783338871999
140.23452164337021,0.07875904233312196
142.3453572797546,0.08851746721939474
136.6344578595479,0.09128667357134432
146.26950409767707,0.0821684797516603
137.62277962588627,0.08352019800249029
147.9638989736298,0.08198478193245262
140.09578023400962,0.08421385853506369
151.4555712530382,0.08635151521411664
143.64600217342138,0.0876194274005997
133.77906487969898,0.09880235494043857
136.28489366405884,0.08756961889887828
144.24770499514264,0.09934262285780396
143.4171758119581,0.08973429909676128
142.95236010468474,0.08657364632231328
147.04873842624022,0.08404923477604105
146.40218789884298,0.08513602854555903
144.72271975289837,0.08602337067887997
138.78505639419043,0.08992934185523653
130.05558636642803,0.09531877245417275
164.57229907033187,0.07439978483889337
165.926585740863,0.07262003595128567
169.51870712689717,0.0762667861378835
157.93999791871317,0.07889443639961968
160.6629099294692,0.0819701779759423
153.7163581340229,0.08287101183197218
138.27461457832584,0.09006352143266917
140.31379734417328,0.09481629200215005
144.83612803582798,0.0924264949898481
139.82694140619856,0.08611586353661846
139.01453480864035,0.08251305726367412
130.82582489512652,0.0980499961136485
126.7909683601178,0.09617683450412622
145.819362792267,0.09054601083430533
146.6243982038965,0.0875895492204459
145.54737364558594,0.08250849038004665
147.4407150922158,0.07948285933513127
152.20698805958216,0.07743203401636234
152.66103055450995,0.07795101457970668
151.50776530602067,0.07795341236721869
153.6763503814484,0.07662036387152096
138.32190359775524,0.09577436889780332
140.12817723842826,0.09584556872014358
142.79095808497996,0.08925297847343144
155.00606216829678,0.08017003390118763
156.37223052085795,0.07774949931672531
152.33049018098242,0.0763292658420101
134.53882661236688,0.09791761944671684
138.13112068586733,0.09204436335933638
138.872409565105,0.08876123828261966
144.34569833098735,0.08288916152212569
142.893313717618,0.07897853401662858
145.23214213492642,0.08555047553701396
150.35361417062543,0.07777680674997024
149.5130156588915,0.077839464182271
154.61639952417335,0.07857890043518415
140.53677988764622,0.08409764349267597
140.30817188489553,0.0789982688088538
147.557190144716,0.08578509549249973
140.90696561759057,0.09241516307998272
147.08102170757965,0.09113863883369562
145.3545659551798,0.08155448406416643
156.25787827705568,0.08773454127215903
155.82646601004828,0.08763668404952803
153.49434919988752,0.08568829327105912
140.72370954446694,0.0957607088537724
136.43167365962518,0.09881763058844238
136.3158231703671,0.0916378237158218
152.044111964463,0.08404054905102176
141.06918064268268,0.08506354525653642
148.05664325769064,0.08537099802946103
145.88635476936713,0.08833884627322723
150.60406400231895,0.08788521683659865
139.6309980821227,0.0864711217413887
139.45237594161122,0.08175590567904654
136.7271249847939,0.08275989353831648
146.63482426557027,0.09509339930428296
151.4304556307016,0.09050604041941124
156.81074479088335,0.08692736356259322
157.57985216820228,0.08869515305407225
154.69360151736583,0.08670750962920731
129.01984652017262,0.10019345927212552
138.64876058777926,0.0805565091567859
149.20110088245258,0.09702259210424306
140.24650880517518,0.08388679584862464
142.5197843269693,0.08894146492675603
141.05625224504226,0.08078024253716769
141.37659331687604,0.081087575708336
149.09419135087074,0.09406289001022568
132.5969763542594,0.08946901083657495
125.31345175239585,0.08906931663692677
130.13702283823173,0.08760231306117085
129.93864592964275,0.08776493579724709
147.05809889127448,0.08868834193559842
149.1212045968831,0.08652325868378954
142.41404372033065,0.08651525967604431
144.1565705817599,0.08557528646875667
146.2671673969618,0.08735774655800181
148.9905199636672,0.09597445882949149
143.75522539479502,0.09368393945135178
148.5956465053689,0.09968742165657099
147.08784426542303,0.0836943423403867
148.08587718565528,0.08481731380526068
148.6676346400113,0.08696800549339902
157.24565429064944,0.08974735871238815
141.1003593602529,0.09562165814873703
137.32325947250135,0.09398863163456328
151.06069920683638,0.08634229308499006
152.75413501550528,0.0840810327841756
154.19443424941622,0.08139147783791473
154.81960872654992,0.08722540259332706
147.08143452716578,0.07761382377741531
143.23749381954036,0.10342335863235701
152.26966679950203,0.08653756688884846
154.29560630888383,0.08165822898754839
130.07370386000622,0.09482396079863467
130.45147584268287,0.09662381908628939
135.44637679045093,0.09923754428567
133.5888745464925,0.08880508838752399
135.68354648398667,0.09676244570837748
134.42864789600083,0.09268272533517447
148.24022341216954,0.08869116759314892
146.0228435917462,0.08747192809052297
148.59399696856562,0.08798499053079775
146.66752222809967,0.086211278546152
141.27421633381294,0.08948810277357236
148.07177234454406,0.0794812305694468
150.834943589241,0.08087303921746954
150.8274642525703,0.08311276129009065
148.37440417067313,0.08413807954938199
149.63582735936734,0.08792620014536072
141.75589946415917,0.09264804239202715
149.28750315493548,0.09133957475587208
141.70234495066794,0.08719211025758525
143.11562541969892,0.08864637590780462
146.5222114160186,0.08831867870178363
154.62423667415683,0.09536429935040851
154.2286931882264,0.08281184838997846
131.26735328584596,0.09062082670988779
154.09238003499817,0.08953526841073083
147.24252918401075,0.08493446857810673
145.8215878485012,0.09135114934399013
152.79443928743706,0.08805822314082071
147.33740859054055,0.08453579315820975
146.16020070759274,0.09358216318144942
150.2040959249473,0.08098438510629075
143.61481781567542,0.09284586152011665
141.8890410695723,0.08352766657038062
137.26154369494458,0.0852341941606096
136.23807244283387,0.0868675340307405
137.72958768401017,0.08312262342868765
142.80046106046208,0.07151234185242415
144.93681251090936,0.09939642978585259
142.90479514511642,0.08280289483555085
141.75158943874683,0.0951880546050827
139.52502928042045,0.08921233844705907
141.7162132585489,0.09634097220641083
143.18103782924013,0.08074061800163003
137.30941229675523,0.09193673924952687
146.02396455439776,0.08641178637975
148.44059558026794,0.09099386646036656
145.17328662988007,0.09512478766384161
146.41304403825103,0.09451306583653357
150.1823104564868,0.08609148175314317
139.7662748586614,0.09753266923721779
137.48708091909347,0.09602146896425967
137.87772257865342,0.09603980036743648
147.2286720150773,0.08873526210426975
146.72169901678728,0.08657995687036119
142.68743066055896,0.09154400540002604
138.42229813457374,0.09418037345617881
136.39259920218245,0.0996374918010115
147.05811552013094,0.08054721680207352
147.43675966863853,0.08755052977252924
148.91435443915876,0.08644460311659166
156.91041694204674,0.09347890823022588
146.38046406160905,0.09483065085553347
137.16316090272485,0.09075768047390549
131.89694428870934,0.08374053286497846
140.74309708972342,0.08850608964851922
151.07629042312584,0.07652185693195726
143.62806488074426,0.09006216177393506
144.69223777906737,0.09468443310704029
144.11443347384682,0.091593204450215
141.3540748322536,0.0952618194247548
145.47659148811098,0.08804406133319505
140.47639363485072,0.09896430695137577
137.30388163788908,0.10323964337884148
138.176535907985,0.08916262000885387
143.26689581408945,0.0893523853413396
143.04962462056676,0.08842655016367629
144.6072189464134,0.08820310364869381
145.58061204968232,0.08485060424216437
141.25844006656948,0.0936642425697019
130.23867838451858,0.09607659917067306
145.51939506740706,0.09113456648214124
143.56906399586694,0.09735810968770613
135.9441427264453,0.08622783542776556
156.2843850279014,0.07997005675146679
131.59797496539466,0.10227204829545145
138.64563669384296,0.0792112218905362
147.58323276087262,0.08391454083197283
142.67916061909614,0.08740399943812868
148.83291135366142,0.08658594039921376
143.75254306012968,0.08808025371591317
144.92414933271522,0.08971502022082622
149.4978207377753,0.08739014607126554
138.7285554429681,0.08948881834973095
140.38157316132342,0.0925190942019504
142.4471048360107,0.08528462885627641
141.47294840024134,0.09161879116438956
147.41286386466695,0.0811292622029393
143.11944802541888,0.08815460614371846
144.26417193202334,0.08809096618979435
146.88359368657888,0.08623968436989103
135.38107878292917,0.08791373207853842
146.87038764731435,0.08491496017629992
146.66372319805956,0.08360099798210302
152.136749465773,0.08673020867759335
140.76906233611174,0.09051927313601005
137.288854067925,0.09049371925874783
136.62346490957813,0.08896576383661092
146.54363843340408,0.08582510374530575
141.56696543564473,0.08843850137675871
145.91661841440165,0.08566366123191411
142.45217023032544,0.0955192406105667
141.15719544369702,0.09331760784289911
144.1878013752939,0.08943517887645676
148.25251107406885,0.0851473347733869
154.47412894737028,0.08399083240701319
147.15580198899954,0.08270158490396619
143.66604758207956,0.08942422996261548
145.9764011256719,0.09309517559310627
145.78768689611184,0.0832822990168725
138.81965934337003,0.09506640478671498
132.28928168772327,0.09044227438106264
142.2019753889566,0.093968789880655
152.88780229617697,0.07785696243448764
146.92867921250482,0.07284028845870617
141.93742403599362,0.09364766154803998
140.62340258283675,0.08789106027095671
150.76719746286605,0.08239504853106945
135.72381926801964,0.09799612175121533
136.5363545041057,0.09686692489203165
135.3996052827246,0.08547219394963801
146.99088989537896,0.09054788007605025
141.57293259433143,0.09489182859347735
142.61795807777713,0.0983174254947217
130.66651582171,0.10798131762892141
131.7536782543471,0.1006341791766724
141.59571214981352,0.08799166695002814
152.33118441673733,0.08897486491318295
137.9718311002824,0.09642518407421082
139.2101141499535,0.09923066536108009
135.70815020765784,0.09630719908729853
156.32716509865395,0.08132576409263878
139.42359023102054,0.0864322540851972
146.75972681600337,0.08571794014806376
150.33942220241252,0.09014564777382504
153.21840278731426,0.08653529724720274
153.77073633373902,0.08146357232631828
145.28846379164844,0.09482189618610992
137.22351422520487,0.09185637301779434
136.42176928862304,0.09260704146021177
133.9918820318506,0.08596306964694099
141.37248554831757,0.08548307520353769
148.88124041043855,0.0806703350498341
147.93760847997126,0.08311032753556244
143.96425965779218,0.0902015769268622
138.74737352364386,0.08642582222151181
134.98272266150835,0.0982679390906139
158.59949672478982,0.08099729212867501
130.6918063422506,0.10674156290563597
162.5514039219511,0.08902885946165053
152.74743753459464,0.08894864155063276
143.37828772056906,0.08955403995527934
139.85651855215778,0.08796541768443604
138.36127966509812,0.09042278866838034
144.89414563584364,0.09588612372406775
142.4481373391233,0.09027483345289927
141.5588315208954,0.09291048617915085
145.1049796646063,0.08934524323616616
142.82141187622645,0.09442309366423964
135.45966036154968,0.08825786050240206
141.9853138086197,0.09496661158260893
143.36852099352598,0.09633576590081418
143.92460718620814,0.0856584049643939
143.28488195841103,0.08865367538345487
137.1967320485611,0.09872866779690385
140.71493848165227,0.09090524055070935
137.51173271755883,0.08924083635437668
146.33563035994177,0.0868268031529564
146.6761603424088,0.08228626785511539
147.75014608769564,0.09318058489547097
140.41386869958356,0.07519586435473795
148.0683357574917,0.09700839821701844
142.87077745610065,0.08940820649641208
148.7558038268817,0.08280645970520249
141.08120575913543,0.08297691727968441
141.8398676854009,0.08708170847560408
136.2671465143587,0.09453031091557029
136.11012319798388,0.08913988867690098
144.3780373023766,0.09739268120600528
139.97839964745197,0.09784180003132567
141.03752316357972,0.0973306542391602
143.52258329724947,0.09527137894628117
143.50954229922326,0.10007312606347074
140.41947042470463,0.09247989924039388
139.55352361758642,0.08805707250186613
141.21127806566236,0.0924718729320471
142.98016800201586,0.08898680555794333
143.10087524696698,0.0874146551644081
140.4153021588172,0.10496026330845815
144.35375098599678,0.0944585833312794
144.21248023999382,0.09829434228390978
145.1093313832112,0.09054994485817273
145.1655711259059,0.09561158846310153
152.30222697733123,0.08225070734417399
152.12073376182184,0.09237991093482549
151.50265962849627,0.08249724955290308
139.00130216704622,0.099824062073381
146.84340593893867,0.09046946462710387
146.956825520951,0.0900166580009609
141.15513479832612,0.08536577979676166
140.12291879304837,0.08519789597378291
139.65615356745766,0.09316598865817043
134.59633277644232,0.09187340074706357
146.84863090417878,0.08943100129211064
144.342541079052,0.08722265013174677
140.81892735981606,0.08898159105342222
146.432748785113,0.09537509765609871
149.42965535252912,0.0830767284109245
148.38745244468083,0.08734557926775474
146.76178102637007,0.0865988183839847
149.3768560319764,0.08194446141956119
153.98512952831106,0.08687356426418796
137.56613666694773,0.08793578205314924
135.34196769310535,0.0847302433102911
135.22287589459793,0.08424968256060875
149.8307955508331,0.07807620811020238
146.21874780185024,0.07994305018423421
144.86940727796994,0.09455660830717547
149.11668992892814,0.0978460190733859
148.14333558718178,0.08185809792798578
146.51254674318858,0.08878247595368476
138.63874860519584,0.08882272307409061
145.0938077067304,0.08406681034307631
137.37792632188535,0.08493122758722373
136.1736385430996,0.0837105641299668
139.94105677499735,0.0911208691234384
141.91146546571383,0.08739922779655708
142.63585003484303,0.0964665132260394
145.64433965933492,0.08879249454133058
137.9962566654915,0.1003919636976024
140.8328257634213,0.10786021158261536
135.27696006469986,0.09137125447860084
140.77462888192906,0.0975155937816102
142.34696433295946,0.09064763873826037
142.14467728996652,0.08925965503545809
140.8555555413176,0.09262040060133486
137.43982041514326,0.09274287157692108
144.7853336595635,0.09498196841314926
149.42507339638894,0.0893089154767692
146.53029784122086,0.08614055603428136
148.5698464431947,0.09047728997885081
154.10799738772886,0.08998797312748731
143.2581050166506,0.08685397826265971
141.18416890985858,0.09262270016517805
138.07441195645723,0.09286376354982669
134.86341762796428,0.10024400663470372
148.86115305675455,0.08874755453497066
145.42227652131214,0.08391158423737848
140.21876155886784,0.08031133176737797
141.192700716476,0.08400179101682326
143.04971411810996,0.08902580052200441
142.9275611229556,0.09432918228457611
147.90096101587514,0.07931684618568105
146.82087123324064,0.09347831142815576
135.3956936014662,0.09392081020034956
145.63251061381956,0.09179214901218287
146.83465182518466,0.08989946122488103
143.48168628420157,0.08882006496747057
145.59677685257,0.08668931599053635
148.7021088152871,0.08655823776811779
145.19828128389435,0.08154029117451633
160.44203485768313,0.07806417437289294
137.3456101481694,0.10184660447765885
136.27854183903682,0.09433951653450534
136.70819996629547,0.09258120730683973
138.10232779639855,0.08777964507070234
125.96262403965233,0.11021128177625246
143.41480144965627,0.08614220457946238
144.47898885431198,0.08811645617974045
141.74385599800283,0.08677300287561458
145.12202587916252,0.09553236508206661
142.67759306188245,0.09114065565591808
135.6977568965469,0.10504921225037586
138.05878540440747,0.10522169164602728
138.06078531200072,0.10801087492861892
133.21408973733892,0.08876995163099165
150.02790583755993,0.09684641588338923
134.36630414037052,0.10115516287339568
129.70920806974516,0.09882711763981365
127.54295319715187,0.0955855566786741
127.29020300089158,0.09047303949384557
142.71842342991957,0.08253463847803001
139.58083485446215,0.07996953646656357
138.3250444383917,0.08175001154570498
142.28464960418364,0.08984515171756534
154.47790674335684,0.092130420813288
139.82608893989286,0.08994658710676656
139.7252936513377,0.08619734076956499
143.41222489678364,0.08614284379871821
147.01992662950937,0.08729417986747498
142.2940042951218,0.08914297337327902
141.19646415882463,0.09991989586689204
138.3290069796868,0.08894229599115963
142.06519457028287,0.09898084923079425
135.1267949326327,0.09000429156848253
136.90554382868189,0.08864987928908256
137.2687829332662,0.08422832715940952
140.84142241676375,0.09108013254485328
142.58300591893195,0.09063372237758222
142.8077992784029,0.08585946590167855
150.1503927968129,0.092731901560553
146.71930501395994,0.09771474809052834
137.61594541317126,0.08938921343691988
140.06647160619016,0.09139865453032629
142.57219314979875,0.09158261039304665
146.57460886170867,0.09032339400489373
147.15343295997684,0.08181875715865829
148.5379313042914,0.08333964662394448
141.7778144941583,0.09189477766857257
150.99202672477753,0.08171580428808374
139.13943394190753,0.09993015406220206
144.01735710927952,0.08665442801911183
144.18990837708137,0.09205031948854166
151.31406652676307,0.08236543716233188
139.61903426489104,0.08188338343560342
142.60317668809756,0.0960838819359302
157.80578721834257,0.07899660001238015
152.3163647460192,0.07545205408568051
144.250681400646,0.08629831403020156
150.08989556961978,0.09028497151509106
146.1225547452456,0.0897712833374921
142.49564229460478,0.08842898621474876
142.74041164064877,0.08760902239950527
138.09885467883916,0.08558198285545994
131.12331088894356,0.09866973976895838
157.82261855087708,0.0839182266841514
151.98579978947905,0.08227398097969177
135.92581456807017,0.09924168604012495
143.0860725880612,0.09828981018252574
139.42285211536486,0.09459874365612085
150.93074233327414,0.0831336786431043
156.29806596470243,0.0792325243547686
161.7988391130282,0.08281954362661502
153.07913412014423,0.07563683307767291
144.7723737348725,0.09083615732364379
147.91648087710936,0.09368679031091956
136.44455082122582,0.0931259404608142
143.84993689266284,0.0932280237705678
153.47270664008482,0.09457542359423142
153.47270664008482,0.09457542359423142
142.2074802800894,0.09050645117121325
151.8477216463657,0.08501289210382802
147.57386995803537,0.07905966968242374
144.99080854673787,0.08978516256755824
140.26382897470685,0.09178258077662509
141.8458027014071,0.10217315254565405
153.13386544957734,0.07994458587016336
150.5940587928757,0.07908949695555002
148.89821486983914,0.07741288297943805
142.62045308915117,0.09507688107236416
142.17741503122494,0.09265627089843782
143.12491200012445,0.08462522295177718
148.2526780628312,0.08827148660492673
146.40641958332952,0.08938201584422566
151.372367774306,0.09021292514489417
149.95486155163672,0.08510062871783877
146.33047736642152,0.08502176294213255
148.73739068927333,0.08692449110582329
141.28137478680605,0.08949552779864374
141.80817532192407,0.08739123217417476
143.48532119285935,0.09268124252730323
136.41466958541932,0.09517657992006344
147.36655393529546,0.09297292509093126
145.55734203346856,0.0936192098189448
143.9399164690533,0.08851997772183792
143.6779108452245,0.08833615170956789
142.8507254198825,0.0854039577233341
141.46909451575033,0.09225700698331472
137.20386551833366,0.08683501741452682
147.4347344567307,0.09139783626667082
156.10700589533556,0.09527497635860162
156.36372587962924,0.09227062817582794
147.10891281603136,0.08973844604883384
143.53926440281137,0.0874145764802144
138.76866516342648,0.09172162524629139
140.5703008316594,0.09609792537254166
149.66887469446962,0.07953140389390553
148.0939343110897,0.08651368986138153
147.53433369051498,0.0852042159983699
143.00158902613552,0.08936304945772104
143.30628367822965,0.08908416455273387
144.43284410746872,0.09080678029836098
140.77278167434042,0.08332914532020196
143.78029100887892,0.09599152203319652
143.7932118382056,0.08721738181143095
140.4281400684517,0.09656328592158393
140.4281400684517,0.09656328592158393
147.61731266369745,0.08589881997063445
147.03075603242397,0.08373916316754175
144.9877181485296,0.08150915233282383
152.89584585986634,0.0883529269733171
140.99268036256433,0.09325482225843978
138.55664959492248,0.09032589134075447
133.60777306697705,0.08696139752830781
140.9787476991453,0.09387441403608571
141.9721180452035,0.08831095070444957
159.92961632091055,0.0953005357496975
132.89398476709704,0.08312831212687224
141.69540615771214,0.07929114101894345
138.1588142688005,0.09414245134036386
150.81670399377577,0.08663502879326664
157.75425817394083,0.08999102539645958
146.98855737428002,0.08638376557110276
143.2892566257457,0.08869171605856692
141.72324788392083,0.08969831548201507
144.93212359630857,0.0869773669861425
138.37906003636107,0.09122309868749928
146.2558119580726,0.08233313775332156
145.49528586513406,0.09871537496209945
150.6310067037131,0.10104519336394778
141.65750512808967,0.08047578996994831
141.13985015531682,0.07672426252505758
130.11232499938188,0.09862674586865926
134.59749864902386,0.09339713147809657
142.2182059349672,0.08916735449258364
141.70239632929366,0.08520276957850008
142.2509221415008,0.09095667319704247
143.47101505754097,0.0841103183490426
145.19277736189983,0.08625193481294699
145.10286492638713,0.08249400028012799
140.39809873641084,0.08609968524839508
149.42931291363217,0.0797634726286138
152.17112278486778,0.08125112036780498
151.4200438088451,0.08193526259449459
141.22486709315564,0.09276323408427624
142.53577085670867,0.08185547294555645
143.5184353155968,0.08445990890508169
148.0738380904811,0.08779057572990419
139.11029238563472,0.09146611648033205
137.6256178368405,0.09427111895014743
131.82710035492997,0.09039311721220294
131.76075718464742,0.08738352785498382
143.80282091277314,0.08535354152938676
141.8648262309278,0.08486425960776392
136.35658712459264,0.09193594202005863
135.4651026213665,0.09689363885232753
155.45375446398808,0.07444738143335419
152.1437193897742,0.07779843008148149
140.25562033936572,0.09293445706331212
144.6234666455783,0.08672763106016451
128.72770114943208,0.08785392622645469
140.35519719371032,0.09302739095694701
143.40674395298464,0.08814809641926462
136.9312263046262,0.08293828345830104
136.98452184307897,0.0928716283679127
133.41087830164633,0.08761076162398704
147.35005067525472,0.08925932512488961
137.91464330564884,0.08931098330989035
149.68763591484156,0.09202466685497952
138.64952617788836,0.09752675691251383
138.80215176625777,0.09050779022334093
144.44528414445375,0.08901821605776856
148.21559962769444,0.09195536013650862
155.42187062590406,0.07413792971713061
147.6641400202766,0.08346324486551637
144.35403886344452,0.076710964917568
148.4756631173748,0.09364857518821564
149.77146155853114,0.08281108020592504
158.94121373235927,0.08305362460811548
161.26684523338957,0.08127138385045952
148.87167689033805,0.08656607072332118
139.95184737492386,0.09234514891402357
148.6285953239725,0.09267271052994142
147.6174887085303,0.0950087853789362
143.51099728397676,0.08438528500759836
136.71759936900256,0.09067595687139302
141.62614269335305,0.0940643979881099
143.55930198475892,0.09532422181655435
148.93475949018278,0.09464444497941449
142.15131618079312,0.09171477876303218
138.3424676828193,0.09149756558538162
144.56048577519465,0.08796504518382846
143.59936625860004,0.08927923635719942
145.0699511618349,0.09035545741423943
135.5338154099387,0.09201089275912225
137.44927489153963,0.09409828136014328
151.10697772898385,0.09245007779572581
137.590489868192,0.09992583073549183
140.3808493415866,0.09704042379138188
146.6349397148123,0.09889619425536983
146.5577466055976,0.09928310469167985
144.9317500821365,0.08510985748233145
142.35234603886815,0.08588634873946703
142.7961847907541,0.07774492632470155
133.7229535974157,0.08682968800122928
135.26515631640368,0.08819457033121056
142.665130652894,0.09308616344146589
142.18424467503723,0.09349562857217424
144.21773776616092,0.09786586196032256
142.85665901779512,0.09419171488859383
135.6652905415369,0.09938899952881802
141.8464798935286,0.08946042611058738
138.88298112967166,0.0852756853145697
143.47829905278672,0.09132104911578974
139.86438284251145,0.09370171898254578
138.0187974377956,0.09015030739238768
138.86613747526334,0.08697884481085616
142.9232176425746,0.08778851616500866
139.94346712275012,0.08260760617225582
149.6917925406795,0.07834492103466255
151.1816010563926,0.09817615978699859
138.7372997678664,0.08377590181157661
149.87420513329056,0.09615733201366679
139.96849346584898,0.08800053734474554
144.2586980134789,0.08435297687030753
140.09404332474372,0.0794778961316693
132.24516697013743,0.08543735129163718
144.10029554781906,0.07741623178598107
146.71592880021717,0.08212916973279584
134.84018330578036,0.08580801643955063
148.27103583049382,0.0894304161168219
149.1895280591014,0.07982112132298261
151.9041139409194,0.09100593911065381
143.53551874711076,0.09364967257399631
142.82145285220173,0.08875751202802988
144.97205884341503,0.09327596809914587
142.2308471569115,0.09583584721046827
147.63069497313055,0.09489592814489115
144.31487873762373,0.08985995535073645
131.371468666033,0.08707909900946188
153.27751179009343,0.08119500898843718
151.8996992678215,0.09312429495923512
148.05256919043308,0.08852396618763438
138.46635224993395,0.08875696785661083
139.20839669940744,0.10298274938260017
137.43734370448905,0.08668211914183792
148.52512113458792,0.08636689892973425
142.31541087162563,0.09273181519481691
150.89113199993207,0.08974561051040507
146.42552158990438,0.10297057489418507
147.17898782150164,0.10239713165520188
146.9710337127809,0.10401884944674472
148.04477917093874,0.09566141597532622
149.23820847672508,0.09385858527812346
150.9433766718315,0.09008680506782797
146.48386527069007,0.08097132952592098
151.16717098632424,0.08677408724450975
150.56506296735887,0.08966581387763595
150.9424180801512,0.08136178254389108
152.16404743382014,0.08133585410168438
154.80874047910845,0.07974778258349824
150.6425461176079,0.07933643350062868
149.69247349430827,0.0765045846205137
155.0535082623508,0.06839169206508283
154.14074210833277,0.07077751357634332
137.83698593461568,0.08425976537110198
132.55162814205372,0.07881497828083524
132.74611969957633,0.09658452572796476
130.89892784242636,0.08850759340887418
134.60918490003178,0.08620991704460697
142.33480011861877,0.09389620576838872
143.30442697839356,0.09148959974420516
148.7068139515778,0.07811567927732314
149.34960759116623,0.08232047547096433
132.35788975754832,0.09095077808480867
148.29432037148223,0.09597084573657867
158.6724340635659,0.08011865882467943
144.31120297314237,0.09146041775482916
134.1871026948995,0.08479188203176925
139.97248959485643,0.09545898017419532
146.55234814607223,0.09012626964226433
149.30182333076843,0.08559074093336089
151.0075285798132,0.08300156380974899
152.95221438278915,0.0882413448286262
154.49212943853252,0.08119960211811883
142.44265149432437,0.08383743080874231
149.13741937828038,0.0834454890337674
150.48124554304667,0.08054051817321146
139.05308200323233,0.08538491153426454
142.83954741198144,0.08865292690884011
139.50420169868457,0.08493467712345977
143.22741210325628,0.09054777261882599
137.60345514141036,0.08942466842014188
143.3471310210457,0.0986821663811552
147.12728455151455,0.08651913316735033
147.12728455151455,0.08651913316735033
141.96821003114812,0.09101271534613954
146.66293782993293,0.09110625616758058
141.19093838571493,0.08231938906446085
140.229541824555,0.09000463222454622
139.94170142547276,0.09077872659863101
143.19060987563753,0.10019742081115916
144.69261722905145,0.08322450320776885
135.66738541468013,0.08268682397154609
142.73551638675207,0.09282304434046874
141.0093541628758,0.08449580281349671
138.53370285512452,0.10478507063187277
138.4613092370187,0.09840726825538725
143.4176785406165,0.08851669915436851
141.46471906833472,0.09347398588457018
149.48907615790824,0.07825726083588783
143.17474743784317,0.0989022937160237
143.82495416409748,0.09959621401749807
134.95674619664166,0.08823285041171737
142.1257938344193,0.08231723822332976
136.6652009610628,0.07809301188352899
140.23924027956616,0.08731565537030712
143.68085864412498,0.09599846915026963
134.2214277557619,0.09443746681959171
139.64197559549925,0.09491619163634674
139.65443278437658,0.09612309977568274
143.48156453765245,0.09705951219291933
139.1281968132995,0.095525556709889
149.42776960347297,0.09644220781638885
138.47728471338735,0.09771407072085152
153.66850504673192,0.07892581465891489
153.23044114062208,0.07966988708310961
157.21420987088703,0.08250522399671373
138.04432757931934,0.09066598344291593
152.14158021822777,0.08678605073537682
143.32518299453332,0.08556952151856788
146.7365593824839,0.08953984092167233
150.04755690199096,0.08804273541899164
138.88807267932202,0.086915659862811
144.65757264515292,0.08870434179691723
142.5061944170565,0.0858214345722865
138.34955828751416,0.09419410043873896
144.78212247228805,0.08807990302277183
149.21204088128107,0.08766158308528886
146.19759086969606,0.09307270312998951
145.8167495577043,0.09858991681930068
152.4603227926608,0.08523820157956939
138.20541874572288,0.0899967784494292
148.61296008158283,0.08713640547173315
140.95018819983395,0.0880186649817537
138.15017770544338,0.0889077693063799
152.31794402284194,0.07711565618230108
141.7042640369134,0.08208422561033883
143.77235637677921,0.0835817820925448
154.61123084368558,0.09261308346943743
140.3700811675717,0.09047251300278265
144.8757827179529,0.08017394542583446
142.59021154103183,0.08901946528472042
153.6315177872661,0.08597788717939794
143.90157015572026,0.08597183015899358
156.79688530971887,0.08760495861809904
153.58469497232193,0.09730045892275634
146.8621290402673,0.08490498796384933
147.88860091091348,0.08968820544364745
140.69204026848612,0.08819931568361791
147.64897768722503,0.08534493561786172
151.0919804940827,0.08503870584987143
148.9526317645753,0.08993855611648802
145.3409918109546,0.08480965722491272
139.2312220329789,0.09284588003491887
143.0881909905873,0.08081666426126129
147.1838531910213,0.08291449207835591
141.31655036284286,0.09784612741162056
140.34999600432224,0.09075355278559588
141.14023938456458,0.09073253290561166
146.4436569264506,0.08005019811073856
152.73749063232546,0.07978298102706967
148.47398615571103,0.10064557164979458
139.56198038540165,0.08654160749870708
144.56359363601908,0.07981894819782134
141.99552268564787,0.0898074630833341
147.79827326436862,0.09877890806525276
144.81293857059694,0.0896786541562923
146.74180586505332,0.09057001761265385
135.28466326896603,0.09971691563749376
151.31031235897595,0.07941159786715335
139.37629853487775,0.09064837958516613
150.32126749204446,0.08662458953489613
140.46609845579428,0.09036366635785217
143.65938715850416,0.09151844736141139
148.18428932321444,0.08450860926128195
144.60612061361016,0.07978440073695091
156.6434294021821,0.07891096680125806
149.26846606667817,0.08277632204491289
142.40131620573428,0.0768314157914831
150.20284863689614,0.08289228001726183
147.7220710876331,0.07846747161506222
141.92241600907806,0.0929639329153878
144.70153142167425,0.08689343099718365
139.8296087991548,0.08159947903095258
145.19709598187936,0.08710506626953039
140.35920471261488,0.08789572422947826
149.00378700667508,0.08695350242705452
153.37286424554497,0.08544011310481382
151.78541232324312,0.08203182510417081
135.361492961075,0.09285102857662078
146.08799835849797,0.08313626718114414
147.92656378466927,0.08454823256508735
147.12455503310835,0.08743230808004243
147.1317596223056,0.09421147520249767
147.61863136214004,0.08600788750479996
136.5212908074034,0.09579408370394436
141.82242503541877,0.10872798179198573
143.76736809519008,0.09520866709513824
142.51284221405666,0.09465291765764612
142.84652014284154,0.08223687318239642
141.47083710845874,0.08338147143496985
149.93606993973435,0.08733653767405875
155.33575851087187,0.08630818320937984
144.2206236996379,0.0813244801770082
147.3151603343971,0.08718288176226328
142.74145585151328,0.09209997450185327
141.65220886944653,0.0866321168665912
130.91504583924632,0.1029799613584118
131.4165166562208,0.10809731769180393
139.9965234666113,0.08652604546206145
145.7814035120411,0.08893384279974084
148.8761214602309,0.08590641199139465
145.7203286115866,0.08417141937928378
150.57370624678487,0.0819021280618143
143.9293823749432,0.08821041910991617
144.52675237737984,0.08599201001258155
147.03779464501355,0.09127419646756753
145.0982479047976,0.08786040401878968
149.7273037708695,0.08316330694441004
150.01739572455014,0.0735597716375912
149.47796959159663,0.0777922024325259
144.14176457585205,0.09770620053426056
141.73883372661626,0.08829490063900204
149.95821287623141,0.09574441225569717
139.06889707056177,0.0966210614124115
134.66316468545284,0.09062599582520854
146.60528513873103,0.09334508864453761
147.15103045703137,0.09024898872214922
147.29514323158938,0.08522805119834614
144.1808999368922,0.08715522708327045
142.31230385717137,0.09692827366545244
148.19359867143086,0.09063411974340274
147.61808247894038,0.09573465929905468
144.26523080481235,0.0899344914988535
140.43455856640352,0.09499387741622788
142.99067769044868,0.08737997753526529
144.70053092949732,0.09044886021949167
136.41067997816626,0.09542892799957196
127.74129416862095,0.0990447955201921
137.8487227338653,0.0869401416785108
137.98852647567588,0.08278763789971712
147.05565025271238,0.08851505677199747
140.71786324567046,0.09392501764910921
146.49657696824465,0.09180146794781723
134.18221562403545,0.0956712796696613
137.79153470820384,0.0929194411813572
139.22188177502298,0.09906480062360065
145.36666038202728,0.10026575300941962
142.05515626908266,0.09733164459953873
139.14727864386202,0.10350682297603182
144.92263245497537,0.07564557146311873
151.16277253236905,0.08230281145249495
146.75371603392995,0.08163096700544238
139.66663086410713,0.10014753031085882
142.1144911891436,0.09639217218559758
146.55353791100302,0.08318406028709036
147.06714780302323,0.08694654292270161
134.14914601722228,0.09806678585588671
154.39155974366392,0.08397945878884147
147.71311434884197,0.08600132270708022
149.14131677694323,0.08790326504897933
149.7457932749898,0.08332527758447787
145.11147913740874,0.08916391101117747
145.65898460269818,0.08522249273187937
147.0541576519095,0.0912899619700402
149.6201948956522,0.08736861718912878
145.07465557947395,0.0827440768057112
142.8405113684428,0.09573199207474987
142.85839769655232,0.09054200345817848
143.29249728908943,0.0880233132973302
155.2556219612838,0.08000714855475874
137.23374287880486,0.0924058056781202
148.31629349531954,0.08966644237122001
143.3753200226817,0.09231768902044293
143.2635408021082,0.09177319045096208
150.23940001748406,0.09352524850657781
141.6182454515395,0.08587773005342518
147.52182474107215,0.08743829496040738
147.64464971893574,0.09567947752308842
145.35568079832984,0.09735930691740254
140.50208160761014,0.09395577122494471
140.80757528572855,0.0934270280275454
146.78897399140357,0.08789666706160973
140.24019388619772,0.09050281019525472
140.78780152468562,0.08985204048688866
151.25583267931987,0.09484564890210494
144.45107294186454,0.08236667136231686
141.98033190276706,0.0797179752451315
150.28153213176074,0.08827464503023864
142.69998323522526,0.08550200373896716
149.33665198964485,0.08388848918371247
149.99964934315153,0.08379438843246191
143.5298867161368,0.10018431562144013
136.16366635060186,0.09489475497330382
144.94768842360006,0.07809959685162526
147.05254193649512,0.08198290396280015
139.86991441456385,0.09368253291288318
135.5914387468825,0.09119931681987374
143.3809353369111,0.09581553700638049
142.06482543633754,0.0783295505970544
139.17827928966108,0.10142301274515844
137.8525704004288,0.09187453764044232
139.26499232581875,0.09432680167635865
150.2546130426931,0.07907290525609681
146.89793310534827,0.07868366255926151
142.05379472946578,0.0956829203153857
145.95556625054266,0.08958713345212099
145.6310487550213,0.0952285828415847
146.7861201830663,0.08962413751031013
142.68878983536527,0.09697981321958915
138.87917121512012,0.09521227053118195
141.3346232627718,0.09059266470877803
145.83276209103582,0.09615611146424578
145.26598327641807,0.08305968987194591
149.13888352547156,0.08390241960949978
142.00632361517484,0.09113780366264457
146.36665579874222,0.09319069425469276
139.020649240491,0.09357281292231708
137.482379724387,0.09249120954727041
151.7651117826114,0.08923434638290824
139.52030670440357,0.08698319544732917
142.20038900475345,0.0962886107679957
141.3994636675438,0.09017727346566957
153.31544008991935,0.07594040844977139
141.41168944925437,0.09451553994219829
148.8203315145938,0.07840425968542386
143.63945023545955,0.08849663427003857
140.91860592575944,0.09166184953836383
140.69824282885972,0.09137418662569119
148.49681565033734,0.0936678635834359
135.62173168382446,0.0885088945518995
151.65610077903526,0.08475288918982421
131.96404569925144,0.09248477164289923
161.81614259087243,0.08352828776563412
138.13838535733782,0.09921838827518843
138.95024982678223,0.08152222681235101
135.61473258152466,0.0950444064164615
136.63632928369134,0.09328584808341296
132.07864522562346,0.09001733113710882
152.87119749498956,0.09510989611708108
143.47001195168127,0.09070680851026598
140.91655958676148,0.09058343237082041
139.48749845951775,0.08629765051723763
146.61826772945733,0.10030707480957873
146.710548534319,0.09843786452814957
147.69900290554494,0.08592717001650134
158.35067343112567,0.0850251603437768
146.2170187036572,0.08381874626202576
141.2291213227893,0.08927468590498558
140.27669178623395,0.09006224889321669
143.5970918725684,0.08801967525681229
145.80903198687835,0.08849112556704906
129.81152053652323,0.09431965038309512
159.25939911711788,0.08341036959160573
139.8600262317977,0.09894495172488209
140.72931498842587,0.09796149384775778
150.42561512795012,0.08483842579161194
144.98014232185096,0.08516696731836261
149.3741385167105,0.08326908483590031
148.01878577009956,0.09066038599648034
151.1894658489686,0.08641715936884439
134.1534776884217,0.09014283754105203
153.2148583637574,0.08820172369924198
149.05697839071098,0.08648883966828205
145.12073457294824,0.08842508791340845
153.78921665793092,0.07877022836452355
144.70286013502454,0.07888518342714199
147.05205169211789,0.07831939520940774
148.86033484825188,0.08783093238653646
136.47319593071035,0.08690440197556129
140.66208944212582,0.0954005594595353
137.56024773126134,0.08779528858464708
134.74697336127775,0.08785528231747546
136.4914614770963,0.09329312647620572
152.9634391538471,0.08346482052101
156.87929666895283,0.07583824211721679
143.72092769034995,0.07881955084154287
147.37005909763917,0.08104083886002428
147.1628709392128,0.07728408626006296
149.80567195111445,0.07329822785081427
140.06821646677395,0.09526397052079659
144.27025509794356,0.09023301919777613
144.5001477340804,0.08369186678941833
140.1244017870363,0.0970253146986201
136.50215387033677,0.08881674902432904
150.00339426814313,0.0887303660912248
146.36742476641706,0.0844921323034601
144.03811752498243,0.08683846862643453
134.13545180035,0.08917404954832953
146.53895952080438,0.08665805843416872
146.73410286632756,0.08917377123931965
145.30917998421413,0.08913163056268346
145.53696916226383,0.09037651552866571
143.46410725469585,0.09411400604539201
139.5502996665525,0.09288936360984572
138.70807366984607,0.09761770735946439
145.99563110691025,0.0949182595888334
151.36533493338297,0.07685272654597523
152.08006114972778,0.07991254957635538
153.16778307939197,0.07028335936090982
133.31199830439667,0.10500029504514734
146.015426594257,0.09237664307118991
153.76036951508095,0.07884882235580394
140.06531391056654,0.08848901939923051
136.44532416095595,0.09413895320990123
139.2507555838634,0.0938805514507335
145.97808253512434,0.08400438585293275
148.0892584026649,0.08051396121667194
162.636398263796,0.07711833881819434
165.3999227557073,0.08187897196608578
131.39591456046372,0.09102642810983656
138.5183562486098,0.08855814669233833
135.90181312767174,0.08876127857487781
147.20927881944422,0.0929176420712028
132.95518725990638,0.09356949114002146
133.24739748129755,0.09350216744733157
154.1218926450528,0.09420800819298862
154.1218926450528,0.09420800819298862
139.61014059183083,0.09336110490121159
138.67588308854974,0.09691059448453818
139.30145329578144,0.09841186514906405
153.8902616637546,0.0814188930407387
139.8044530369349,0.09709999526613802
140.3936278986284,0.09918214266286257
153.0557155427319,0.0730081168255126
136.14587565421647,0.1036403801211117
135.41115916877183,0.10408450018440905
135.487572040323,0.08369023326766394
136.31257360055676,0.08599609708192085
151.99240105070564,0.07775113389578747
146.2689021034759,0.07890811809977029
146.7249751063119,0.08188673382034804
147.97634389550785,0.08326395521926094
143.98410983145573,0.07932493269604832
144.05670010431513,0.07942678314075588
153.27859342055115,0.08316858755768639
149.95929940299092,0.08020922936666348
138.19636390506707,0.09162167038451634
151.29882807472325,0.08696118396828967
151.15523931038203,0.08438061982976636
146.35179383399776,0.0901319497438624
146.11931839552702,0.08727175489967791
143.0430312427665,0.08902460006236436
150.6382269056021,0.08449289359194394
147.87556846672567,0.09591336867225872
134.4451990401745,0.09378579467517016
137.44555173280847,0.09460717804761967
136.30994540002726,0.09442429872076154
141.59219759601788,0.09435743421165768
152.09823455324687,0.0810488631314217
142.17518992654655,0.09397253009605515
140.29390558965272,0.08644652470109414
145.09872949381062,0.08744096421931533
150.05037548336387,0.09667708663081705
146.84039760794272,0.08412989339578225
143.47250200192292,0.08632611343825049
146.69034695418105,0.09553288601960971
142.35172691818332,0.09400303005022856
130.90732182987244,0.097978862959872
141.24471473941213,0.08838982094152048
144.9232034458957,0.08663396890455717
140.5381161077725,0.08145423436253428
145.22329266916665,0.08963967709562744
149.5533825031642,0.09131274987816095
151.43869843522094,0.08898943210492959
142.56822116408205,0.08785663085766747
148.0125457888582,0.0923321232901107
141.77366928948285,0.08798105033759386
149.10447583614345,0.08718494887920172
141.74226645832852,0.08891104274374906
141.8630362580901,0.08764033658379146
144.71181860236285,0.08770679603596984
143.82728032499602,0.08431738728080351
142.20276085110527,0.08296248097125115
138.72445458030748,0.09853848606100576
149.76930632907002,0.09245668372654413
149.01828793216794,0.09847796800122476
146.88712236057003,0.08759926450743909
150.84557936476574,0.08865167577500141
146.51020374211618,0.09113895510502495
143.334645391682,0.09006587145652764
144.26920364139215,0.09041126476823136
143.99837383082829,0.0774476632114148
152.5813117302471,0.08367376226139392
134.39205014665689,0.09333068698109573
147.1730058621335,0.09295420069798907
147.14508312941027,0.0922546759363389
142.4784987267093,0.08821213144783815
141.6911720404763,0.09182713549525232
145.66941865335605,0.09221903803951698
142.44103213298953,0.07977475149540772
154.0866224012816,0.09027838549390099
133.94508653383386,0.08819513699289139
150.80922048676626,0.08132447224746435
145.4097025868539,0.08651042707835067
146.33421860038786,0.09772179781720967
138.0478398963817,0.08458310304245255
142.9334851551149,0.09243171566108328
142.02538341535202,0.08919076122740363
147.698253217132,0.08308277684116346
149.04437979290563,0.0947687264153707
138.2299027535078,0.0796033039306017
149.33819046747072,0.08123235758140664
153.63901074452957,0.08020904438782635
147.41037042258728,0.08065455747872939
147.35158633252615,0.08167811272619203
142.15696664070322,0.08831061080488417
140.56291839696328,0.09021283090451707
147.18591487804133,0.09744540845641668
145.6513981505385,0.088946378191505
142.63812006022096,0.09592663796606625
142.9520166957577,0.09146636109257456
138.25571210629857,0.09585112183371904
139.36163125420498,0.09362665966502089
147.09957610394093,0.08791174662207792
143.59365757360294,0.08328960297818805
137.56474961792566,0.0952297109831863
139.85092991986122,0.09172257814504281
146.16538112329124,0.07886632647317053
145.28807027500346,0.0798537535308229
148.67096892036767,0.08551926565234166
148.6082234284295,0.08537800763366185
138.41976042789292,0.09404454844517356
134.31526932287767,0.10147364500224985
137.3958230445746,0.09728549581018829
136.36922165411167,0.09204324095649662
157.06353966100536,0.08648181639625314
140.1210821948989,0.0832716563496533
144.969784352552,0.09615956223018104
141.99289281094207,0.09655127194527886
145.06431359368867,0.08572051448569777
141.85720898468358,0.08448093306437114
153.74817244851772,0.09597592216694598
140.20494091219138,0.09347589643724769
146.60425326374306,0.08951417018954982
141.72862318007802,0.09148771575029505
145.53532578890758,0.09114187484162872
138.66882331495032,0.09424096527076702
146.32163094169468,0.09057259420656442
146.49399191362082,0.08552839471702355
152.76554581780516,0.08609456902238337
142.3543069691498,0.08777298087847919
142.3543069691498,0.08777298087847919
139.145013717777,0.08521815036963264
140.09311991478037,0.08267755647025468
147.64868556737835,0.08188783492525267
143.3866407125235,0.09529870663412013
146.897864892818,0.08654335831011407
149.6556843054995,0.086806947227309
144.3323360493557,0.08575737097545778
141.13788716918936,0.08690813531816129
138.71109667716468,0.09421758334060766
142.85909376796405,0.09077576359615211
145.72965108563545,0.08792027880120555
143.03822733623772,0.0860526193594212
150.73440250991015,0.08425608210016863
138.74223399706136,0.08858166753883757
145.13235523130726,0.09301178155225508
137.492293056809,0.08783922019233527
145.46198583562258,0.08668729385025949
140.96082971356094,0.09826191719261393
140.87835540734167,0.08675933364088421
128.4904664239596,0.09784687684646126
131.03621213093479,0.09793326912655041
143.61529166578578,0.08860216241904312
138.18963994588685,0.09766295004336568
143.3342337598744,0.09913790628677058
146.72437291758322,0.09978538980462008
142.4684628698699,0.08418974466889018
130.0605896584007,0.0885353631586757
136.42625423432457,0.0985217338025528
146.34187039466235,0.0846543813934149
141.3226794777631,0.08214935924449533
139.3314168270952,0.09004727391703983
143.4027520240127,0.09062047419984408
145.21753565388622,0.08859975991663016
145.2632606708209,0.09081899684666869
137.24226347039053,0.09396880694812719
137.90264014929542,0.09314143025422215
146.1193565694242,0.07741126306797613
138.77126960677563,0.10325166934449878
148.3180524976356,0.08818320918510936
146.25111693840665,0.08733343931341475
144.39075670415278,0.0859585750722909
138.05756395407766,0.09329431008475995
135.41863149208524,0.09387078464378368
136.73191190665293,0.0894557050629049
134.68983629424994,0.09571128929079117
133.14314575171116,0.0932460258901888
132.18979818237088,0.09829510595089665
132.74155401796077,0.10214236896169858
157.8970762332865,0.09157228255072868
134.56583702184602,0.0967920261327743
134.88607344544243,0.09509284342123799
148.48082747769953,0.08203217689920604
144.48357151417147,0.0793609976836276
145.60621599963326,0.08105376393899567
147.87427435147222,0.08406622957327282
141.11385687794493,0.09521135089023773
143.9697365258139,0.08396380569867945
148.14321154326768,0.0819783892328127
146.87853316268126,0.09097179749022057
143.02564598882412,0.09441867032241263
141.70881738527618,0.09456760556134616
149.04374138604973,0.08732262556628942
134.75133596291212,0.09593974656226492
148.62956165170962,0.08910648633198863
140.2457415050761,0.09009290492309602
137.2874947914795,0.08965377620264277
137.73190996241516,0.10003008370387556
147.2104272301147,0.09063952073735526
149.1493577403492,0.09538119581784164
149.50030259124324,0.09096988269036067
145.44198530909554,0.08961033758601794
136.11104857890527,0.09289548365787019
145.4525000843935,0.0832027793799938
143.15632878876465,0.08729404881766169
138.87221622817975,0.08765724818021514
141.61158912863655,0.09297983116367936
138.71399624285345,0.09454321396879921
136.01009751358936,0.09865614340765169
142.55540915403816,0.08660927440701437
143.02046692042796,0.08893761814739
146.03662539544146,0.09300664505421165
142.25701781353388,0.08599605292903027
148.1960137484779,0.08470792226954353
143.66795265126336,0.08954667019369263
148.34582842138713,0.09326085853020015
144.04423028162793,0.08845955667796127
144.11033758096616,0.09325510092527406
148.94309844539973,0.08614631999265947
142.10964363205503,0.08547210850888654
139.53801951307065,0.0964031976819971
146.90396174358014,0.08903583489150985
147.60762670381257,0.08837405112836515
146.87110036767223,0.08408700712068112
142.83506967335347,0.08433608069603386
145.00283489770973,0.08423473599260525
142.77918360771133,0.10146217310795481
139.1331610835381,0.09363244648749804
149.0252281126232,0.08410302428329393
142.193205683465,0.08998927844680346
142.13357726938912,0.09216123507664889
150.296319939688,0.08677719955601143
143.377963152017,0.08666742132203628
144.38098228748672,0.08402016951417812
146.8113269849608,0.09421635413478559
142.29465444827665,0.101102901478114
143.59362474174927,0.08734152741748959
152.24477883119377,0.08388096226448892
139.57855551734605,0.08496675300271886
149.27681587682133,0.08908909715449388
142.2004300627047,0.08605817076941087
132.91304374441842,0.09503741564401151
143.80684206538965,0.08373925150348213
146.85035079908238,0.0886125465201195
143.8521726657766,0.08650192826159207
138.00382539597643,0.08785824332895932
140.8531490650904,0.0861225526613291
149.93057018632575,0.09816093736769115
149.93057018632575,0.09816093736769115
140.36441313802936,0.09024654838951865
140.1136708200139,0.08031306596313935
140.31262206116295,0.08028124901798236
153.5895323072125,0.08166336759027924
142.80927258021524,0.10078530956307256
143.8239629834759,0.08561629126782465
156.9183451520988,0.1002165964140357
152.1610865961615,0.08067582041113174
144.5537355949805,0.08062768278098055
146.67430380257218,0.07886817100884588
154.91662419057306,0.09251425440167077
131.53722830623963,0.09980543883470984
137.70602893613108,0.0965429688768346
149.2893941600828,0.0831160353113211
141.24145805825458,0.09043185536346747
144.40459856641417,0.09071473449306247
143.2634899012646,0.0842772090385255
149.96532146145236,0.09214636769404176
146.19111568162967,0.09034652502233287
147.28018114605183,0.08305879828391641
139.98496772298594,0.09715856373080897
142.07321805924892,0.08869823663893266
143.70704731407383,0.09503299347590291
152.54401139492293,0.0853776676250522
138.09997457310135,0.09682999725709729
139.13366055018827,0.0797940666419786
143.07264603952933,0.09825373589609446
146.43482888229408,0.08256527458504262
149.00248098510667,0.08473705849720951
131.57954318726843,0.09860176328520479
134.2326701061835,0.09294837908312828
147.61942178055008,0.08589455858647176
137.93559338294867,0.0845600982068436
140.1055752183289,0.08242595154604807
140.20168585952322,0.08081926241947424
141.58911816104504,0.09021243564288531
144.32056240893232,0.08222538337551491
142.7400892798574,0.08525320890186279
143.89370902451532,0.08547196067647417
143.89370902451532,0.08547196067647417
153.93804240586806,0.08917171316618548
138.73052010529696,0.09783369563531659
140.7179623341472,0.08443853216600707
147.67645600468913,0.08786846897361617
148.9473165452715,0.07736328941653911
153.89927437882037,0.08410090595849966
137.13637845819704,0.10487894429698706
137.73338744287315,0.0857395917415283
142.42642833894703,0.08899291347708238
148.5659214889692,0.09112593813915254
144.79315573745262,0.0889723498108248
145.76421197398318,0.10001670160935626
148.84912669605353,0.09090353826564068
139.20006226502946,0.09578114404650018
139.35047484143328,0.09280569713095685
136.2731377256456,0.08290882929646072
134.79539937770767,0.09510896197575563
127.54836799055758,0.0913841356069592
148.353709299877,0.08988753175475268
133.46754770726022,0.09416240933592304
145.62917463633605,0.10094974627764583
135.12185560138022,0.09152126732947989
146.9254225402954,0.07944185691692597
144.86232196655072,0.08450880056431519
143.3551224494754,0.08683846633657469
140.74923118754637,0.08979054261935678
138.22764766317323,0.09633599659536747
138.17789958395628,0.09560419338441611
148.06236655614708,0.08435572908681536
156.6490472447287,0.08676960386070429
138.5455431898853,0.08822834922219829
144.01944030125966,0.09040961891395348
146.77727254467897,0.09214762206531116
141.90445130352794,0.09007880864886342
145.41351862087905,0.09146404600936565
149.16231233254888,0.09020697230230026
139.8926427054193,0.0909772409689378
140.42586086987905,0.09056280268130784
145.15887407501754,0.08496736570169651
147.7804938823219,0.07909049046403743
133.53586616269104,0.09633801447760769
151.3751885243162,0.08062248812222743
146.68382082959226,0.08770293173715453
144.54038925271576,0.09382717096865192
141.5081687011129,0.09334145783649965
145.58276985110842,0.0899090950964585
138.72863168724243,0.0937711406639672
137.35672487346338,0.09790211006751362
147.09988149057375,0.102302961187759
140.08539403984614,0.09772975588942567
139.0064691742625,0.09834316750019176
144.52632828242952,0.09560433880209196
144.08414347033082,0.07967887916355752
143.56442125646453,0.07888650286645037
139.2797828784696,0.09145674508905581
140.3952554956224,0.08365992300459539
140.44767749598867,0.08332535893385873
141.07694059559446,0.08317159237727162
149.30903928212084,0.08125209807434365
154.17017028666282,0.07870016974371846
142.5631998247017,0.09029669823893259
149.66296759080797,0.0838394537059581
148.64682230695658,0.09586633644765591
154.978430836577,0.09229235796716799
161.48653734925728,0.0928928318030305
139.1957235716417,0.09109984222380212
132.40061966242436,0.09430213534557458
145.9528919428166,0.0869585491090595
145.8704329832733,0.10020378534024421
143.55066915291331,0.0985470536618136
143.55825054883314,0.0976049046960788
149.4698120037006,0.09551686831960157
148.70302776877153,0.0939781375532365
151.47720738142112,0.0935852806037197
134.84498354247876,0.08417065826335719
137.28018727713504,0.08555878448665483
128.09266671862176,0.09332365731742424
152.95416833674528,0.0782832108002732
144.87082707812823,0.09122640059772684
160.41046780264676,0.07067386235282126
164.29852425305455,0.07054061249200433
161.70817494429673,0.07281685203888404
136.10950623184596,0.0924943526106034
134.76276243854468,0.08189002298093795
150.35465557446355,0.09235587264585589
140.61101433181244,0.0911354382732478
143.024909802857,0.08958237558498226
158.74851636560447,0.08120191352640192
158.95721759777464,0.0784794852816533
137.71037089764312,0.09707807311641331
132.83049160898742,0.08988588107675584
133.72884549435264,0.09024550225266412
140.08124568366136,0.09835151938486834
146.55186290393152,0.0891225933895783
146.6038985191744,0.08969127987234464
143.91831871178815,0.0936895950984375
143.68123584262065,0.08781750456892115
145.4637351690067,0.08672931871990658
144.739983929797,0.09361508537108876
151.7523973564391,0.08843978185299624
150.93152987109724,0.08885219262171636
135.94927885125497,0.09267504854649482
144.1580172628938,0.08894581541491416
148.37256395889673,0.08995864155354891
151.5707991396547,0.08533485675686099
148.43505629703054,0.0998374348146877
138.8332476400039,0.08907648006604116
150.29588432120116,0.08351894743605176
149.86029646278328,0.08341724803516383
147.1488444916376,0.08572971845777766
145.77733869003507,0.08658786693137983
140.8402147428422,0.090244058552795
148.07979602429558,0.09166578151590252
149.78000842431288,0.07975193107595537
137.5278710878836,0.08640227818913791
147.48551798411796,0.08477760906883582
144.727239115725,0.0871903789773161
144.727239115725,0.0871903789773161
143.11077272937985,0.09007392303792629
150.35518657012628,0.07488565679211671
151.3816482713512,0.08194226289374264
145.16949958379308,0.08476368640411869
150.474974081692,0.08466034687079146
145.15074071847195,0.09154416710104699
139.76001637329153,0.08679588873075028
148.18527895664215,0.09288928042020483
144.36317355396056,0.09043459483923688
136.54131029234438,0.08800703347645158
142.0020534789924,0.10082560206453182
140.71694186392367,0.09659937800857628
147.495952000285,0.0854035921743647
143.27488528267747,0.08158174843640303
142.89720369706032,0.09060884379330056
139.1729079610011,0.08592747468961699
136.83335810298334,0.09128227103518087
139.45564790707286,0.09281161471212099
151.40441430858837,0.08908172602122849
139.4288735591206,0.09380328921797725
138.07383170572606,0.09197618467284895
144.9630042768991,0.093851037781438
142.47068625475058,0.10029275522776009
155.04123464966116,0.08561967808936434
147.57741926934054,0.08423356028138572
137.35678651154376,0.08566013671348718
140.32325296128315,0.09188633141182585
137.08670952792428,0.08920546782028317
147.34579560273468,0.08528748523028533
147.34579560273468,0.08528748523028533
154.4897199041345,0.08290589663735175
153.96368822586138,0.08702360558002901
147.58508263313323,0.08956887478378377
148.16622169808102,0.08925427295107571
155.6099183384511,0.09542832529774288
153.1878992793669,0.08967120489305672
152.69226404700257,0.09041885836039049
149.96131082734104,0.08937398211832999
150.81060473502524,0.08538978302810687
139.57432926564397,0.08556611513086021
140.99023582245692,0.08563355414516662
133.79016108311362,0.08489626481156223
138.98236540063695,0.08799325964151035
133.5645814121177,0.0848305345654096
138.21271815011934,0.09552175493705772
143.2978034124762,0.08549795955058172
147.683346329009,0.08829768291036555
146.87063554784362,0.08460730788800364
152.1494994199629,0.08743217819355437
147.49811010267848,0.08987798531269393
143.7536138625538,0.09274317448414264
137.462670699598,0.1020539054649894
147.2927040408108,0.0781773236001839
136.77595771598845,0.1025325934905975
146.94557788825136,0.08046713356867168
130.07301025344378,0.09199745691890503
140.3326705165561,0.10335763463073065
131.24372842022044,0.08397921763549682
131.97586940420862,0.08427235626161006
140.13513820649146,0.08687886472592472
139.99772768865728,0.09058755134694949
150.25907572534155,0.07170807852258572
152.73717703745956,0.0729873348894537
152.97054330014376,0.07707275067897885
148.42930399434695,0.07777771345963187
148.68526563239803,0.08779789905905676
144.18082949789823,0.08482787863379504
142.15034310623446,0.08074094500477486
145.16736151282845,0.07561556141159513
149.95906344738626,0.09283024659892622
152.39700537798112,0.08772957898480796
143.51789404617915,0.07552900348616953
150.34940443074902,0.08535297748690898
134.94429586861688,0.0919349244150791
143.45910606147086,0.09661167220642777
137.76005156778956,0.09521984379138519
140.7684117042138,0.08586204579892877
145.50764247566943,0.08797577137077511
144.36832709440645,0.08405242330119732
146.14804375143834,0.08133548240567684
147.49174595102974,0.07916440907350385
142.88255293892732,0.08713962522447115
141.70130913452076,0.08530878233906129
141.26165700492828,0.09014185811268774
141.02301647419057,0.08642527639566155
147.58899790218348,0.08527693608153354
152.58545306534162,0.08865685800915801
155.6755515739205,0.09125900286332458
131.83621016238286,0.09030006684781301
138.6768576545359,0.08694098682185289
148.04988948288826,0.08315023081055425
143.6852419094214,0.07771322700121602
137.56657976964266,0.09612510551223645
141.987507613186,0.08745363761965884
140.57678182125804,0.09423397733452797
140.1043374235733,0.0901035859452585
143.63419076138052,0.08824775127456513
138.41386550037868,0.10266014891039926
141.59865251356254,0.09057751218473677
141.40308495119703,0.0894167963368431
152.11646382174212,0.07666933108585543
146.1308651848235,0.08249945317657863
144.09560616853852,0.08204337939428044
147.57126402647032,0.08603313178182069
142.7349572220344,0.09518737280712045
143.63239960253986,0.09315741124638577
147.13962091648762,0.0911506309138633
143.27530441869578,0.08281700786983395
141.48442061407954,0.10954612355218551
149.7887395293748,0.07060474940944976
142.4374875639877,0.09359901564789753
141.6588333074483,0.09112987676397345
141.52896647254704,0.07844669358388504
142.80633683893913,0.08812691247438373
150.3952278983498,0.08818860370186388
145.670510144754,0.09645276918776034
145.8810799387807,0.08916548214790457
146.3255438347403,0.08748533343086175
144.69289448225285,0.09310531158680642
137.5529280724921,0.09051793768904975
142.9321720633481,0.08431731139599882
148.73087046490846,0.08931875645701458
144.02038852862836,0.08115561332380339
147.0485825219303,0.08621425664656814
140.4918900079246,0.08613261102151337
141.16411688074032,0.0861585364640026
139.86052198593006,0.08544267837232424
152.4135566477048,0.08791243625464021
153.43885032063187,0.08827789191267264
136.4144802926714,0.09179079344601211
149.49526975753068,0.08745674900156723
127.75912157570995,0.09744010214859458
133.47961980505735,0.09440262464743897
155.36478387785786,0.08225173924994483
143.99461666618686,0.10196654727733434
151.50855295589506,0.08521069545888987
145.4887417797352,0.07972486421234866
148.4396867847538,0.0790836911302953
158.08015234352294,0.07590572220602264
155.56665808286058,0.07519543696960046
159.3231633872448,0.08836485944834982
151.51423270706724,0.08738140915610547
145.00524804576216,0.08690987717835671
148.05314536815692,0.09334556002076126
140.93824086458284,0.09597982115925016
146.8768715719271,0.08663054703326398
142.22114173132474,0.08304807535616075
142.71429798556406,0.09516276632425345
147.269404949276,0.09345779135121124
150.03015121082075,0.0852480105630107
153.79029437329368,0.09503850657123981
147.76178736651454,0.09382324097482225
145.04945936948775,0.09061564646806988
136.69353857410064,0.09743237604846096
144.52483616113506,0.09324930697709605
153.18319119263188,0.08756974464578321
154.52460483793473,0.08416990027587468
147.79126683565025,0.08801508964110623
152.74110150425372,0.080133928160012885
152.91381968530317,0.08806577080310884
154.17525835711797,0.09164598539907837
153.93833182277365,0.08871492056329693
147.93558972167236,0.08450740568054751
159.2895575601738,0.0905009679361987
138.9264424126888,0.09196781826658938
142.35852600359448,0.09338498601167651
137.73464681734328,0.09301515721489097
139.90516462665278,0.09287329310744062
146.89743073595716,0.08724146126314593
147.76491294859323,0.08357978865037985
146.34402874463294,0.07540790097750091
151.12743119962562,0.09312437880011383
141.73108271340936,0.09137539857842736
145.29993626272713,0.0935516718471542
144.085418369291,0.09286324729342428
147.4254811618749,0.0890785929712106
154.35761828946468,0.08331376749408385
140.42069951549544,0.09201907952883888
143.7770067907258,0.0886018912412991
140.28960675666363,0.08386634931434965
139.58299028705707,0.08758890685430519
146.91951602549872,0.08348097987652854
139.58791104696482,0.0921958839003983
152.40147685579615,0.08065938365105088
144.27183833765227,0.08597102305735171
142.70295458796875,0.09352028609694937
149.8560887832789,0.08604668005308895
140.8142659294867,0.08459996564318974
144.45528260655527,0.08863077426894168
142.99529933744873,0.088282160923667
148.7688597166354,0.08972768114975571
148.63884872032648,0.08657053750667237
142.0802826374348,0.08155580650428747
145.2793745038491,0.08505094057136074
137.63872229875366,0.08945033797023066
139.01863007692938,0.09304695167559966
138.89409943893003,0.10069489331426458
153.50840736806282,0.08892562987904527
153.35298483532065,0.09615223616432361
149.05418521442323,0.09359713670001601
145.977096730844,0.0893262986435682
144.0450245294449,0.08677080834111162
148.432888339507,0.08924500384480893
150.73430520322083,0.0828992642396954
133.54137804383032,0.1062412857649767
145.69138670871902,0.08791021698903852
142.93117918167,0.09051639085020127
150.03890271347504,0.08668700079262734
146.45718581057685,0.09654169365857164
149.64746961684898,0.08087542045116439
154.2710441171146,0.0854322654250984
132.18039425810161,0.0958302220964382
140.79571098001531,0.09295167156670003
137.61864618437963,0.08593291528241465
132.7173142340099,0.08173521373277785
133.61629923603704,0.08518237146551433
131.74419638069347,0.0864486547281421
124.39803100023032,0.09557413143762117
129.01099864418205,0.09411547544450677
156.4975426099074,0.08304645000464207
147.6999361825181,0.08163246714214546
136.96078189154906,0.09444462722707814
145.85231659194082,0.09659749485110214
145.58402808864884,0.09076948780218685
146.55482543040523,0.09523693098693897
140.7328549888776,0.0994189714153848
141.32240172211405,0.08763401290705668
141.56822449087718,0.08679517025338694
145.11406804583356,0.09066221391181337
137.89910383711427,0.09625712190584221
140.62906698777408,0.09495028164743849
145.18429667696938,0.08785494655083034
141.78545485340376,0.09032127959572725
150.8110314321948,0.08110110016419889
156.25416852640248,0.07944923388308135
128.65402051711027,0.09146840192125417
133.0964817975036,0.08232243556637653
138.43955169447776,0.09139632115123404
145.8014421728966,0.07948366882625038
154.55022367301245,0.07987328557420686
135.89033082852143,0.09410358791709253
157.35956476796903,0.08514606336559451
157.2379423680883,0.08419759661425784
159.7471147327863,0.09441832105090979
152.38388468617248,0.09475099523567905
147.46497057158805,0.09602630688936689
155.8761787488005,0.08531765735541698
148.8594589536462,0.08475632860423632
156.14461737951888,0.09091396934436378
151.3636217045366,0.09465997769318192
143.62148569279069,0.0921970422936628
138.65461908511224,0.08387914313015671
154.48221983844007,0.08218998461546448
148.76015379838773,0.07791562113619767
145.65745117563094,0.07938798993223474
136.93198887731572,0.09884258075455472
142.31604173826403,0.09559301953168468
147.19133518107813,0.08903042550859135
148.06314053578907,0.08669081876371706
141.92620044298394,0.09142187297109945
141.04468255263384,0.09498474928091817
137.46757231263882,0.08896767197779791
154.28444179346366,0.090876026135679
146.31099973717482,0.08300895541321067
146.03006344003506,0.08679698956881406
140.10246919121502,0.0880699498159987
140.69395429434266,0.08584393453176341
154.9814127440774,0.083308537940419
151.71122096424563,0.0844203889149244
149.15520551387272,0.0816409795398809
157.5545379905859,0.08224214697245091
160.7026492205122,0.08141572977812259
136.93791331160656,0.09965131516362649
131.41540210989373,0.10170135990919843
145.12366422993014,0.0910993932394748
136.23473560627733,0.08750034370194293
146.80797578475068,0.1029758356212269
146.5657055582162,0.0851603888004479
137.48366088477525,0.09459542116994644
141.86583015185846,0.09850790553357079
134.13335291020846,0.08581723212889426
136.61982494591146,0.09122388330520599
139.84442406240785,0.08845296269119848
150.80715315450996,0.08924966818519524
148.548740533122,0.08520548683853872
142.26568572386716,0.08252641063778962
150.43168535734299,0.07599823601727658
129.98686111231976,0.10009592182450272
134.26524496500204,0.10429426035609855
139.22171498156015,0.09884810092957483
150.01863648547916,0.09162566553153499
142.5472153417243,0.08803555650860644
143.17163418800047,0.08782448778542841
144.03221222164146,0.09685324159734929
145.23795538305467,0.08499543075740691
141.12841027974312,0.08502448834990085
143.19812915290112,0.08678279083170791
153.71428224946104,0.093215874315336
153.622467416654,0.08725951466934878
138.23856509620026,0.08902811306238485
142.1449441882051,0.07629098897564225
146.02635126099943,0.08419261254470528
141.1756111166761,0.08495150970868909
141.34314827590944,0.07743797405205234
152.17975115362663,0.09541980563125453
135.2587571426686,0.09979194300742031
133.09921309933517,0.08685195487047886
143.6689307044981,0.10086480888731655
154.95530607100602,0.08627445840228731
120.57073666094193,0.09012198427087559
129.17044978180783,0.10021476888959797
132.82696784621058,0.10071331929644671
144.06678088762928,0.07869972797723983
153.56344903483847,0.08000284459169678
152.57903363476953,0.07366933224702445
150.19704666744835,0.0770626659110047
143.7363955183208,0.0905266860750774
146.87075931323304,0.09085470834932209
144.55714949384708,0.09182454210026002
145.96792505793465,0.08542767760234003
145.2187873902016,0.08438739144593559
148.2729764513251,0.08685739359311487
148.43951041813156,0.08539363793431651
142.4304421821896,0.08528976098065154
150.9573126974248,0.09244133102012136
137.0802375745038,0.09577274403420832
145.61820961898516,0.07638915289231137
150.34899194589318,0.08083997488843268
134.72488563337396,0.08195322685017042
135.01540696388875,0.08993815013429901
131.24867326290266,0.08996386287133386
139.48711118089312,0.09106780815727882
147.92922415565766,0.08107197733302644
145.71256882998082,0.08680423609412788
138.98234159959367,0.09798489712900495
142.94216638293327,0.10403630968244551
136.9599655603914,0.09170102730898486
147.32846220414632,0.08654650324064314
139.99844010711936,0.08602780760661091
143.70280025811772,0.08694101471143775
143.64646524838022,0.08461915973356343
139.59312923947252,0.090172553492895
144.7151595808927,0.09117445030664993
142.069084059303,0.0964926256110771
143.1429341888596,0.0962686843745088
142.76933629996347,0.09834035248085976
141.5687980153732,0.0970641579922813
139.85801191808815,0.07769885586009931
145.43518102398673,0.0909820715980432
141.11828725326174,0.08992814981530252
141.4102439713273,0.08576190203461787
148.37406874241896,0.08550862231670235
143.9079691935854,0.0845502033088142
145.0087825669548,0.08825989575980263
140.9468766531285,0.09303124384865526
144.79084394296112,0.09902732291543473
156.4897289571869,0.07833892844860534
150.92660878208275,0.07890618870400526
142.72330361606154,0.09570569286496336
141.7327751769684,0.09284014494958916
137.5491273253473,0.0953672154405715
137.4381897486557,0.09809137137530538
137.6008205444985,0.09709065862262549
133.32594980198814,0.09962064617855626
141.3809096857258,0.0897245284619798
145.09224566396932,0.08749298491480466
147.07876939616227,0.08526698874688525
146.15272547920353,0.08865349147646594
149.58871292949848,0.08238626262641524
143.45615841363573,0.08782457905746337
143.0061045617723,0.09186476046318041
139.05216384991292,0.09022466219148217
140.19042245512776,0.09183422953690576
139.62628610420572,0.09102551074392566
151.38444205727916,0.08575760985540207
148.740652197817,0.08509883429174564
140.33783425448988,0.07628681807040334
138.42942536910857,0.09902732418277832
131.92369462571136,0.09065033368782625
139.96826541969003,0.09591593087663669
142.41909002743884,0.08405414955166039
137.81797087535855,0.08932056288088706
145.7642759417243,0.09651429633107618
144.2462332159692,0.08163300608468688
145.10552242654836,0.07667460360543928
143.0977089557,0.07957244183670605
143.85345664642605,0.07926300082372142
141.64204075828465,0.07912683814347032
141.25349875926838,0.09321219171143902
142.79077521934732,0.08514195206200964
140.38684458427852,0.07907866362181679
137.57429204901166,0.07781716616102974
145.20943951942343,0.08765215122941752
144.56557849940168,0.10065694783498587
145.17151752228702,0.0926071009282885
144.3512889429741,0.08977792146905536
141.71457267109128,0.09062489664667926
135.0968316292233,0.08914728727760286
137.1769553391728,0.09087094259971706
143.18926178539957,0.09265575072722342
143.13755831537114,0.09112868650587208
144.09173673100713,0.08626048275579488
143.19186939635603,0.09464266362763969
150.12169762832366,0.08678891696233813
135.41662911269557,0.09345307456341621
139.38783019260958,0.09119612282012825
144.94896136908457,0.0895383321542346
153.1039417431002,0.07741230600635968
150.53639179455476,0.08645389553179897
157.5917871089188,0.08271104090826793
158.42063007764216,0.08769119466361355
138.39748626867825,0.07560379775276137
136.3557938226583,0.08327121428009182
142.3189724174229,0.08156204804682113
148.5716106034293,0.08705742635794467
131.4959055201703,0.09120161287293116
131.7803594518436,0.09190926771933612
142.03723005114358,0.09010107671598269
140.42290776979218,0.10350734884275041
153.48934332165607,0.09221679868299151
148.27036487638117,0.0790645613594827
138.65996239800955,0.08512906374185195
156.5930750861951,0.09184061444694067
167.84098084960493,0.08120903574178553
149.30117250856645,0.08390030429382839
144.3817388757957,0.07861256688365567
139.42434989782384,0.09767741704392581
145.32877276422522,0.09230965284516354
142.276726573559,0.09666523812431464
145.14252053259634,0.10283523691948482
140.81754436494867,0.08970032024403062
145.63168803475259,0.0846234328812331
146.52498227696807,0.08247216417965866
145.23761658537077,0.08075231027221809
142.37662419671136,0.08022418613912569
137.4216643728359,0.09515313670505027
143.59046469625758,0.1031294698175971
145.90342157361044,0.0965017285680543
144.84247374364867,0.07785415105190278
146.76803787888315,0.08646829022043649
146.44390191040557,0.0897093126735903
146.58821024598288,0.0953593295801123
146.6400187975505,0.09533935226269677
137.5960484615644,0.0891732541240975
151.098044757602,0.09047783946252129
142.3296458606757,0.0967254135133777
140.06764332996167,0.09609599243635061
151.74209210624127,0.08172964229633638
151.69323714399152,0.0789194317825964
151.75350529639834,0.08174027146682153
146.90023587731193,0.09353128943569833
148.07800415008435,0.08171105564835937
133.46043799534908,0.09357774484947795
137.7028250500052,0.09075616413277417
148.23329065130503,0.08811599927027844
148.71821381635004,0.08297923550094292
136.9714904513549,0.08899439714380412
143.1865725132379,0.092292836714933
142.3425970890796,0.08566232603508929
146.37565872652226,0.08918494016848615
149.12547174461713,0.08701536614239418
143.11838370312108,0.08175548056486136
139.29273998828296,0.08142079347600958
131.56317609073096,0.09380693291550765
149.3399681417623,0.09026937427005881
140.59168818800626,0.09179462602053207
144.66189533813107,0.085112564052416
144.66189533813107,0.085112564052416
151.61472545987422,0.08919929628975755
139.29758486284865,0.08911769777108661
152.0509587974896,0.0843464910165214
146.12664596432035,0.08949048510019168
143.53634220218356,0.08720909287329089
142.39957232286565,0.08830328269161031
150.8353889910115,0.0811027843397659
153.4810524426819,0.08085452178659637
147.20128394783995,0.0811410854157833
148.81059055355206,0.08553275648530423
146.61999611023438,0.09028625116989497
135.85428754384156,0.08689517423319708
153.60824970266134,0.08867406746236003
143.8213389079663,0.09426343655099538
150.43432824306572,0.07767045434275183
139.9649437259498,0.08029164749229234
141.77356306113052,0.08122442669808712
151.94402202457465,0.0875402153503312
150.1874930832159,0.09246267185234473
141.7690082912697,0.09401777325762921
141.7690082912697,0.09401777325762921
138.60674043811133,0.088411286228998
146.1748997773432,0.08845532852684733
142.52314827056568,0.09202863195312765
147.14719006145717,0.08726397811948013
142.9289146848025,0.08888747127454434
143.11968530985504,0.09120779062967474
144.98833751936138,0.0887002699565407
147.14162758332506,0.09707487411134806
148.10359393510427,0.09760636066499613
147.6040674432221,0.09825340627660392
149.23774661943213,0.09777527430778875
142.05863368772683,0.09012099699729294
144.7420694481681,0.08964627008533418
146.12237482206362,0.08580030107882501
147.13277538694322,0.08614623770859439
145.71867030615644,0.08359070791251573
139.41530623783697,0.09357294714184958
139.69657723615114,0.09105329905688264
137.6610589862271,0.08748111923434483
144.20177386547877,0.10379612482527274
157.75082314252612,0.08112217614802349
135.8697582218322,0.09293092620644633
153.47482446279517,0.08870818014945758
158.0682329350228,0.0890910977611912
131.83384235789867,0.09503627158315245
127.72989518791272,0.09225782951401366
148.3825697376767,0.0844909248561795
150.50411631904336,0.08308209057485186
135.6025159197709,0.10116259445415476
135.61048156955454,0.1010007902771595
135.178824974031,0.10452255924143179
141.91252116525487,0.0904395953217096
144.46349361720607,0.08862998867746363
142.6857360077622,0.09496125491500473
139.568456450451,0.09143218625951754
142.02935538359114,0.08491798230954241
148.56532000521133,0.08881238143155801
144.24332417323208,0.08743974655487556
144.70614497327878,0.09169387705390514
139.59346036713083,0.08919303887861871
143.27306411075588,0.09398815710444905
143.6834033024042,0.09370293531810356
145.18695517258882,0.0855592664864533
145.18695517258882,0.0855592664864533
151.1822234738887,0.08149648434142984
138.0677817302538,0.0880958055476528
153.0764768544235,0.07695721055326499
149.08005419075172,0.08643131884972893
153.4548474327877,0.08365006297910312
143.1558431835829,0.09439269321113906
140.8290960698917,0.09378545412954027
150.4506518795811,0.09378513091476114
134.04894696992542,0.09039562152981853
143.44354202197587,0.08986461117380838
138.2745322211648,0.09393323570441009
147.21615807785443,0.08709774691303036
149.56309418628095,0.08606870307402945
131.81599175977482,0.09037925644192084
146.4996920399764,0.09233492153488729
137.7491370048335,0.08717156969090238
149.83240203543977,0.08959031810467048
138.54543944428607,0.09132965991532793
152.6360276388244,0.09122218400296399
147.4986780183209,0.09075760833937854
135.85205329909442,0.09411147418518591
146.2856122545221,0.08180365830987252
138.0784056385074,0.09826701717981695
137.23779785358093,0.09407225252486284
153.2437358442664,0.08640201218589162
147.10322861761264,0.09221053963639517
144.08770613334994,0.09017434584173546
144.2920552573673,0.08804052664828066
145.30988541548163,0.09305032397501416
145.9974319653855,0.09253202814606991
153.35686668328458,0.08497978683429798
150.3746183186106,0.08270533002226056
140.64080948665995,0.10216905826844824
139.13543982844868,0.09044246821313696
134.1393086986956,0.09183918603122257
154.0667969578012,0.08229810795268583
147.3679273912245,0.08443316551734562
136.47119175128233,0.09557896086331263
138.25138247834482,0.09722089455175566
146.54211183411246,0.08962283414628706
145.69379524112833,0.09951334510693512
143.98203048762986,0.0811007846128005
144.81771241317736,0.09415155630308575
144.81771241317736,0.09415155630308575
146.63112650331678,0.090276372970164
145.54675583107988,0.08889276999391316
141.66852975900144,0.08071491483584878
139.81194404709402,0.09765909138476252
143.66444591771125,0.08375669925568426
152.46361318652157,0.08994966177409934
148.47190502424354,0.08690890285492099
138.00351282123557,0.09362319390152708
141.6936515773567,0.08895368741949201
150.83960431572913,0.0976139052832801
135.00041452095596,0.09994025445242334
132.5940282601318,0.08049185254091082
134.59852434511922,0.08375184391980285
141.17941312376735,0.09996015006205168
142.2257759299218,0.09238244171525686
146.78607098499225,0.08134547837761175
139.09132004646125,0.08582982465089005
138.18920807508493,0.08512120571897175
144.87914144192166,0.1015201268349778
144.94443187370058,0.09427845179195654
149.21525123105096,0.08633633284668833
137.44851976552658,0.09921041009220123
154.02769307974015,0.08692156350435741
137.49653883483876,0.093944651082332
149.85670542147642,0.09687563915755204
151.37086445718276,0.0941464195552743
141.86847284700585,0.09107148371637114
145.52617838456788,0.086362151724029515
137.36959094983683,0.08969860747525288
149.19694672834962,0.09658942186270221
146.99882743086403,0.0938867203819801
141.45967144045073,0.08492476489641838
147.00861098468476,0.08598947391099626
141.22144688765835,0.09568323717490823
145.70420904559194,0.09027620242946352
150.2617633209772,0.09525130561996233
147.49429164072706,0.09033782842953579
142.28998689221598,0.08605608876868809
145.0187449424436,0.08942130028600245
144.9156940575857,0.0923613116297025
143.84086422115774,0.09131906329143653
145.2934155115827,0.0844808609815441
146.6270286760389,0.0889054473185956
143.03914722754067,0.08795027100977011
132.03855396908773,0.09118775423254168
150.55258727109066,0.09581918019122017
145.54708579951827,0.09273429807231194
133.2824951598372,0.09675182053091581
140.65482558841077,0.09446198730314558
138.29213883652164,0.09504948233415292
138.9938127437605,0.0964795468995148
136.3429796359459,0.09892025183574345
145.968607035124,0.07624436063588173
143.898491699833,0.09559855575093265
148.81028155252042,0.08430621696953111
148.10831827508576,0.07935540530691997
144.04789966770355,0.07783266500978987
151.9035443404049,0.09080745141238995
139.14390390849502,0.09566150262967325
150.56651048474967,0.09246830832811569
133.37698902942446,0.10237723274265348
134.694952397915,0.10074502944838186
137.963965141549,0.09986249653849212
162.13805935787352,0.08837992509311102
156.14458387586842,0.08912116797565403
153.71369757554456,0.08914395539759189
143.23975646308648,0.08427130306406244
145.5193278572012,0.09430624110338487
147.40201146245502,0.08285830467855677
138.1105933950938,0.09267826366650418
151.8526060825219,0.0767650062846236
139.4534685951636,0.10352363073111243
130.98668838438576,0.09449944372155869
153.8221134055074,0.0826601696373066
147.8690805455633,0.08849949475466691
148.3920721566471,0.08933559353607998
136.64581635753083,0.10041636090398233
141.88920077639722,0.09722970076877803
139.53410964370158,0.09126654166854932
145.95113093971375,0.09570622365825275
150.2918615223215,0.08251268005816824
143.69598679353444,0.0873966990100569
145.82009997719436,0.08099706609856444
150.86912714876684,0.08503365108761536
154.44255062762326,0.08978143072991701
147.88875703421266,0.09034044734401969
141.5471834703326,0.09211617524859736
141.5471834703326,0.09211617524859736
149.2444038082116,0.08968713905918235
146.88059972436835,0.08327176968095125
140.58134763978074,0.09393982209527646
144.9134331314994,0.09080581630980936
144.74309147268207,0.0915398280098435
138.16192648565826,0.09037575713152074
145.26225235013817,0.09460273490821747
133.26438451977756,0.10131547168163639
149.00083992748313,0.08735046545529893
142.525735988896,0.09537355418604802
145.20932929777643,0.09594345444511168
147.00887858208216,0.10347979184885414
139.11967272249547,0.09329289760389112
148.8560782397309,0.08434823857730066
134.8474428004501,0.08996308411914723
140.0202272630569,0.09244012781685855
138.5709114282379,0.09175106396499992
140.32690803530804,0.09649025000890832
140.5892755299007,0.08564352109766483
144.16603073891375,0.09160945030760327
147.59074038410793,0.0917988207621078
142.86829702546459,0.0836303809837387
149.0142342169512,0.0838711352121405
149.785032127974,0.08842901687905798
149.785032127974,0.08842901687905798
145.53291155524548,0.08445188719600355
150.13065299051482,0.08295090123182129
142.7948397819325,0.08036632360922463
141.8341790738327,0.0954097855048652
145.12189292200202,0.10021804596181164
137.49793085097951,0.08665806972438575
135.63685271981518,0.08487774902120372
134.62039239442782,0.10808450789429858
148.137962810971,0.08138643957507785
145.54643609821738,0.09458110292347102
146.87715718396458,0.0965417069087404
140.15384103782904,0.08664523648743475
143.97163979851163,0.09625148229649394
136.99810150155758,0.08370176890699602
137.5783430260363,0.08015794668132727
137.41053313933295,0.0855130491993291
142.7662483289199,0.08916965999771108
154.6844679745746,0.09192602910881445
152.53729460262576,0.08125742651336194
154.57061530482272,0.07501838317052788
167.38317392012397,0.09031978315324311
158.39993733918783,0.08866257544763052
143.8545570722564,0.08669589828532272
146.45279730363106,0.08526980416910235
146.8896953709195,0.08836270468503626
152.74378610972823,0.08223570847243121
147.5904185524006,0.08891870349267164
149.61928150293463,0.0889540254306846
144.63066498989767,0.08547433325333173
137.1739331699075,0.08885757275843156
142.7311140367081,0.08350963744087904
143.50270176807368,0.08144701454866447
144.60780948786868,0.09500602012555451
146.01176899844913,0.0782387639132227
145.16946847309862,0.08777879581343472
141.26610038065309,0.08700860901714925
147.1607436965075,0.09684926138966965
137.66054226055368,0.08623039873023879
147.1296136413992,0.08664812784790507
152.75349413780006,0.09088821837061496
144.40712780791114,0.08536630502406405
150.20044563895343,0.08478855678356682
151.9375997649936,0.08024058233641201
134.7991063300524,0.087323619951782
139.74333420401211,0.0935733643587246
136.1209700999061,0.08873171901701203
138.7023544892825,0.09421120735584038
148.6517103689258,0.08983603268441272
134.8490086478221,0.09511496628787229
139.00989951047546,0.1019936405138946
144.570034764653,0.09254069911639676
145.4426490907825,0.08728622321702073
143.63590939261758,0.09332417107419769
146.0796623030353,0.09126299033394639
144.34365650383094,0.09168243321898649
144.14704646407836,0.07882894541085235
140.15811726442413,0.08763689773353811
136.4109847294354,0.09159827369180971
136.30356091427325,0.08526877911549288
141.89269395663231,0.09128273709852398
140.16499203041843,0.09844653695614426
145.31147391128454,0.09462664884040344
144.16522328752967,0.0947576801570865
142.91616091797692,0.09909253386538369
141.06670228870382,0.09614174429070507
142.84729925122932,0.10169904684334471
136.35726506280048,0.0880358218006369
129.6497688699455,0.09076847124051363
138.27272291825545,0.09249065774858126
131.02578019142769,0.09041299663703364
144.58722912747214,0.09058889521893489
142.56229797264893,0.09577240410541164
142.54366663316392,0.09865999081741914
147.69118206484688,0.08080285069723459
137.2316724788758,0.09159536142333188
151.67291577462154,0.08661999897367341
149.36508221816888,0.08944958784779672
146.97192344808286,0.08878779056017574
147.81350893206087,0.09566880289120061
142.91948219092154,0.08734213442290775
152.9757706045197,0.08263156937355355
138.0830408631831,0.08648618424470517
125.4144475421289,0.08049400144726526
147.54725039076027,0.08421436773139565
143.66313334107554,0.08709713743449307
151.02023107753286,0.08877933485507966
138.7130485241888,0.0906650433135896
141.35813492450256,0.08747515673781993
141.14057957166966,0.10001969397803658
133.46432637525706,0.10560868051729477
153.22130743828671,0.0784607622188568
139.08530392172145,0.0952813914335755
145.27797472311084,0.09219286899277797
146.71018485497834,0.08339029108255507
149.68364751676805,0.08586605736924292
145.4805066332736,0.09534732910939563
149.80142159803958,0.0897416996537388
134.37211396385308,0.09617048747517415
138.14200027771943,0.09233209586241757
152.42703917094795,0.08619892804750523
146.42271280347347,0.08357181536460333
135.87976256298765,0.09049210948129514
136.13007572598386,0.07625523279024464
136.6150338845348,0.08027840107762128
130.81802509468466,0.09163376675444332
148.4436435861792,0.09454907134204663
144.4524528035163,0.09753627465226157
141.72757126917352,0.09989254523009411
144.74146872612803,0.09599021518347976
143.53478764180403,0.09467269252746817
143.466990521791,0.10071565903077144
142.51529098261074,0.09191641506700614
144.98625515645458,0.08647646361314636
148.976761919628,0.09390927842726482
142.66811644919272,0.09120368473237338
152.2258264730642,0.08680578237473313
146.38975703331522,0.0860472940111103
141.7344671036172,0.08648887573047531
137.82066950012677,0.09013762350938953
142.69786464615422,0.07967340597566057
139.94901604537316,0.09979715231737869
144.05106985260394,0.08869925794819356
141.8852985303792,0.09330960787609663
145.93505641246645,0.08335355907088234
140.01768867537962,0.08722834523594289
154.71101891098036,0.08333135340166338
138.97875065043712,0.09504891291812179
144.93056163359046,0.09578641267240448
146.15977938030753,0.09201361768644346
145.19691334289703,0.09556125221289388
145.86565394347159,0.09711095041412349
146.27378084182502,0.09431732120622513
156.16619389315977,0.07964452516033226
136.8904165458783,0.10125145286106876
136.6915570570687,0.08822722919235648
147.1488660547981,0.08844152689712277
150.58158051448112,0.09227608295670522
147.67479274920717,0.09038246004174913
132.31213752110773,0.0951879319625007
146.42331523233685,0.08977309009677509
142.76679950713455,0.09484674771169375
145.21815399178683,0.09284755102510127
135.72652223085373,0.09294307765822794
141.48179467728397,0.0929333530863278
151.23886962072186,0.09382862840458861
136.14370684894408,0.0931672576273776
147.18262072102982,0.09050242947216748
145.5472398090131,0.07681349433474687
144.80355587377338,0.08840244107206598
140.92274486000662,0.09522980744769902
140.6330996081862,0.09194639769215253
138.62010566350494,0.09181381925805383
138.62010566350494,0.09181381925805383
138.62010566350494,0.09181381925805383
137.09717539830498,0.08976154032317232
140.50065458936237,0.0952062614109184
142.92414135959643,0.09455360328524486
136.29232712878107,0.08873894070179933
144.96632193053577,0.08772445896243787
149.9898290931646,0.0860912801507901
144.71882127621677,0.09406983492085502
146.6439784196434,0.09542436439916414
149.91286301289873,0.08389769039053398
143.54065261430299,0.08636283504798106
138.0160653930994,0.09247337099639724
145.97309101228868,0.07764320902612329
148.87234961371024,0.08161702419540666
150.10230205451597,0.08784289096363505
139.06150936561983,0.08595171819482564
135.85696912524764,0.09049735024208282
150.26440499025378,0.0846774558885406
139.15080495159705,0.08661757990121048
139.43776897824517,0.0905101293730664
143.95475512474545,0.08525182756851749
149.29000524481165,0.08713269577984588
149.00882950504388,0.09238178904714246
153.1831611331999,0.08651822014699032
138.09960783944834,0.09245437869986477
149.80296694027612,0.08944639102977531
151.39317162545194,0.09216399287211997
139.80955855725338,0.08958557012957845
142.88358871918734,0.08268841867959235
142.56338455822188,0.08715516934415506
145.46095902418136,0.08779352599720339
144.6590652034136,0.08914679800614977
142.72869249190708,0.09015348172033066
143.9595619549362,0.08381059137000511
145.17705920964124,0.09787099671548864
143.97021605748822,0.08404501043693867
143.10981996157642,0.0985532485596556
143.36958110900392,0.09808996396600395
140.9652486884749,0.0911185675343697
146.1713041705953,0.09624065525789603
146.06781564745336,0.09219175690418008
