linf,k
115.1550987258008,0.08323150077538484
109.73220572139431,0.09321302033817813
112.97824447390931,0.08749645592887849
106.4150490283912,0.0904290723052865
109.11854211391542,0.0909787599438153
106.75016072484507,0.10412754511487592
106.05139711954004,0.09956449455750539
104.53903923334683,0.09868262625355079
104.47376520964849,0.09921748667605848
104.70109379636621,0.09963524960217107
107.3115861750087,0.09929658269649351
107.75461405640823,0.09610761773638062
105.52572683439861,0.09997019369685477
113.67141617474026,0.08958955963768772
111.5374324031999,0.0899249713449986
106.49233083779275,0.09886604206097167
107.25717178949313,0.09954110147976479
103.49581209592893,0.10292522955896695
107.77618579494238,0.09766368607772058
102.91087005415658,0.10180883500989439
109.57460823466235,0.08734059682012751
121.51124743310655,0.07735576073860487
124.80075834394839,0.07570754850089063
121.93415614175423,0.08134309587149313
111.30988087732851,0.0906367158159186
114.2099028584726,0.09012487544056533
114.33939397588128,0.0936169060795653
112.94458169017696,0.0854781572976848
113.30364927937468,0.0872554714619754
112.63076186617884,0.08498893041237543
114.19493253289671,0.08610127095269457
114.4847007859661,0.0914144537993318
115.66826867886093,0.09127712188280548
105.99462279461305,0.09253471858450689
106.60811931722736,0.09112906985248939
108.31859727040077,0.08870035432343834
107.61741656298399,0.10255672536446696
104.76002762591742,0.09744751677756959
108.22261580381897,0.09769160764003375
107.024855472324,0.09775891871487483
111.0864825168508,0.09527811733773395
106.49610463819795,0.0904546402668694
112.0979228970768,0.09164378317060123
109.63912856946749,0.0897685353327719
114.28930649063913,0.09092233668369704
114.39688061550547,0.09043356667694577
109.7349051802399,0.08828924503670446
104.78740712443799,0.10248239275385061
108.29551934728073,0.09620303724955179
106.76621666683961,0.092998735725735
108.01571963793707,0.09395313378282853
112.42841418779857,0.09061744578808827
112.895776841373,0.09040723725282061
106.87375880165928,0.0947878826835658
106.709118563512,0.09417820622462157
111.82465052914891,0.09199515969217541
112.18748520575396,0.0939130052348288
111.03588246178842,0.09254798582828264
105.61660810274745,0.09891588688211757
113.6477862916333,0.08709829972136295
108.82725959461659,0.09412963115347361
109.24855535337821,0.09216534907849798
107.90081250075463,0.10035185730826149
111.06030506647816,0.09128795601175893
100.37179898040898,0.10273929327563
102.91931411730535,0.10661222807459675
102.18074566924588,0.10885887382174052
101.97477332777274,0.10799321922159622
107.9467543589883,0.09727236607769138
106.47302178088633,0.09667427278164452
105.57086095426904,0.09805508434387462
107.12192965077838,0.09550158009190247
107.55384977724816,0.09945295286764974
111.19347774532493,0.08227497889609837
115.54392346064422,0.08786323041499959
102.43077655837698,0.09850173253100783
104.61865647805276,0.09628246693761774
117.92865383870213,0.0803782742779695
117.02717548726945,0.08272078724795218
114.2986189992442,0.08296941535038281
111.98310401870191,0.08260985828870966
121.15133410320635,0.0733752131081729
123.69861775444193,0.07283040326121218
106.81479215537577,0.09464047157345294
105.26200052763694,0.09952999950852616
106.30060280530897,0.09945944338386414
107.79216234027398,0.09581411074198773
114.20581769523629,0.0851882683413815
114.18235082431327,0.08270547842208323
106.16965511845055,0.10218152412927407
110.44740927523546,0.09359961020174665
109.47129568474438,0.09408560762415359
115.48707684161765,0.08231270033881138
113.13927283118863,0.08757122457406775
114.97224901094336,0.08621026378211324
108.91620039142242,0.09243452888481238
101.55533958606212,0.10941301061112836
100.21708832169125,0.10943502516388946
102.22143297386874,0.10624184821236765
110.78444405554228,0.09130996752287965
110.74490298859585,0.08863924330449849
113.58006392272348,0.08504838969243454
124.08061298227273,0.07041956390767848
122.88099162959224,0.07553923470052018
115.66571842984172,0.08203996313882918
113.21725394503471,0.08578012520460125
113.63077539364163,0.08601793360779524
111.35501357965353,0.08748471697622413
112.30690369266503,0.08839636823577977
109.42991500365787,0.09150054528803027
115.5267555297644,0.08237781676551083
106.83417253304722,0.09320074229243472
104.71245252817512,0.09623301115881981
112.81990406677748,0.08689362812162846
112.75937572745944,0.08903272383677562
114.74231168314613,0.0885375597314705
114.32023546578553,0.08373685562282371
115.57500705916962,0.0813911756360118
104.00382891014866,0.09983350025109396
108.86913605346695,0.09771115617640833
107.11283650759198,0.0994869210381467
112.32903300644087,0.08639141353225403
110.39116921731524,0.08991842184838773
116.05771273992059,0.08296171544572821
112.36954619460337,0.08594283718752642
113.83598374717391,0.08391887181542268
116.67558297221865,0.08084864119597686
121.5781083335229,0.07662516109518572
108.8971817766072,0.08995539690399952
115.82079436198617,0.07845025066284816
113.7930776764514,0.0855644830580439
105.79423802975569,0.09807753084337897
115.79493739519839,0.08593056663838165
115.47968676429946,0.08050596263933675
109.84789498545572,0.09629508489455472
116.06539952344762,0.07870029163971029
116.34376863010786,0.08604368968289741
111.26359371190439,0.09080316571982251
110.44009096375464,0.08880119750775671
113.2167107666154,0.08429921081649244
113.69647475019678,0.08397025875478764
112.53883617458315,0.09143143309853358
109.32154637078568,0.09009284642929218
114.86997318660976,0.08683612487535025
108.35501742521116,0.09530090705574815
103.84243430803313,0.10504389136321965
110.08018674145309,0.09798844410128354
104.51821683651552,0.09487721706307482
106.07315008762876,0.0953567706838916
104.89560820074664,0.09516250213852122
108.72374143433316,0.09660893452835739
107.55192280233597,0.09130323692262712
108.92324109157042,0.09635061951860208
109.38230998164514,0.09679592145212172
112.64279844542067,0.08554678271475123
114.45564446599782,0.08844613720256679
112.1256375230153,0.09249281952567928
108.66038188171852,0.09215317084283334
112.36228149164451,0.08731798769179695
104.2087654474052,0.10122391879503319
108.49192176304217,0.10047135482488598
106.68165239630251,0.09703370433178334
104.83391401717853,0.09758442066689078
120.75616750876246,0.07664243036540765
118.89326267758979,0.07714639186744199
109.07766751614646,0.09210793867591859
109.25628426027873,0.09314323549983533
107.62852451150252,0.09290505147525412
110.6729333173853,0.09160335915105201
113.82345505877181,0.08971443483562161
102.44858188965775,0.10111696648391562
101.6001695530312,0.10426955005688578
105.75706998294912,0.09765448215746834
108.65453985854018,0.0927314293274519
109.22018330207588,0.09361003086700345
111.94403243105798,0.08856222209284463
112.36844550200598,0.09053309394240655
114.17544344469351,0.08886394986061753
111.25272280388762,0.08878890227184619
111.8300086760798,0.09237088873860541
103.51898401006007,0.10135283777974267
106.79237226983396,0.10023132736962395
105.07593036232517,0.09925344646560716
119.65431967887912,0.08115561315377559
108.8293908809499,0.09228845924437812
117.43791609428052,0.07836169780078894
117.58021151503418,0.08273616820192198
114.16736856210555,0.07968035489762744
113.89776472958427,0.08806226087227163
105.48738941228783,0.09562939456873218
107.67149820742773,0.09288606479211317
113.6766775237315,0.08414923038841221
103.99086185242086,0.0993607980604764
108.9415658112569,0.09594671994373566
107.91002791908753,0.09314643105815648
108.80019240037092,0.09419831777850257
113.0643434015795,0.08932778147894256
113.32805291502878,0.08242973068135447
119.18876886466562,0.07809272339131933
108.10177744853351,0.09129589848678933
107.98476717486041,0.09327532261991166
105.15367740668633,0.10279018767052647
109.64655731216479,0.09243862843194307
111.68960217965919,0.08939924358387545
113.3802903314826,0.08855583638526926
110.83716785249032,0.09013088893061574
113.6590964894669,0.08780106784436664
98.1234991277774,0.10923389960484055
111.88911214485779,0.09218085298094808
111.26095852727073,0.09339713193087883
100.10516379074839,0.104983190310373
107.21427803801451,0.09733195783416627
106.18187281902955,0.10288836830620578
104.53402944274139,0.10055775620703053
104.62255682138877,0.09939863607472418
106.64240234295528,0.0972670404067834
103.75052798788893,0.10028450476554919
106.8280793377746,0.09981080334016876
107.74832164646845,0.09612147555233409
108.29714287600929,0.09272256654289315
106.59229807386431,0.10167033885475081
111.43424388007134,0.08805770129050383
108.52810309087005,0.09502169805453427
102.81592613573925,0.10496597435111853
103.73605016370063,0.09781740078283514
103.28677030669745,0.10051696560964597
118.01826297976703,0.08614075674591237
110.83721350650414,0.08728801966633322
111.16237376802447,0.09346228375187661
111.04846365483323,0.08897326351312214
109.92382753515369,0.08763201280343864
105.10520043976264,0.10197901852395128
108.2741602209062,0.0939764050057013
107.5334905642841,0.09515877942059675
107.26795080866745,0.09641164689545978
109.43982227486126,0.09310147715110734
112.36321408040972,0.0869608374370212
112.4648622751894,0.08976025616852328
112.21150868242601,0.08821762097946174
111.77168427356933,0.08685994994874782
112.91793578625206,0.08928167368268358
105.37115216390802,0.09666221865644772
106.17831137919624,0.0988869639075248
115.70344795504776,0.0806651685364319
112.35923724113422,0.08888803753716361
106.60097631283146,0.08980437807741082
103.28501090183794,0.1011883890044615
103.92171584565945,0.1036439876884526
109.39974014080069,0.09481442762960901
112.58107710855022,0.08310918491555014
115.10447662800178,0.08619927481804822
114.0367320992125,0.08159386988150254
107.33996059099078,0.09940191948472366
111.52310615815,0.09067123811727015
113.12700716461858,0.09009745980631019
105.97212014488518,0.0978463451785571
110.80050793267087,0.09153168191138011
111.10054836186963,0.09268578355939767
112.24358732093918,0.08986480345507096
108.2290703626065,0.0948103236447691
107.93999071283785,0.096125003934683
108.34980042829434,0.09339040825536656
107.48908355789814,0.09839498359918415
105.57002766951994,0.09957043628493766
105.55099437557456,0.10212288083602568
100.67283791598646,0.10565573938908546
105.21567813631623,0.10216392896780477
114.52437410718234,0.08184282308978055
118.3465098269175,0.08016819681171372
118.31877969191139,0.07979031531544069
110.3215907918628,0.08671669440859844
121.80152032434907,0.08208623295573272
109.36506789951079,0.08399406870453156
114.7670346286481,0.08451760039667904
114.64193392218135,0.0857082204918239
110.6534440867896,0.08992058093985111
110.17520952271444,0.0924686932050465
110.97374649363104,0.08847414586728772
112.7980992851771,0.09063991874052031
110.23387642126447,0.09080569332473637
111.21766635789217,0.09324688106379739
109.52448587874137,0.09264764396020898
102.46876410488176,0.10366783889330877
103.64580146850224,0.10522046247282764
101.25803386809456,0.10845741537483818
113.29439957262173,0.08726120380904477
112.5372293186618,0.08903752807636295
103.90320732171915,0.10780516403322996
104.33441327174225,0.09898999140223134
109.11802316054064,0.09741639206709207
106.38561453485315,0.09360413912650441
105.56410056708529,0.09600933834970643
109.52599022871863,0.0940163403599322
108.32646381381771,0.09846452554063401
105.57540277511167,0.09613352668730556
104.98122484246142,0.0972465275294082
102.6714196303941,0.09490192747226375
109.89690960156346,0.08415007029240094
111.0466024823844,0.09019058956164629
108.48540057411066,0.0877188002416765
107.9273747002827,0.08814065982687044
107.43596366813192,0.08911073566955155
105.98214164642567,0.098917029308549
112.22665250453414,0.09299141190456632
110.72539122332678,0.09094421168872051
105.55215991698935,0.10205147008386747
104.73942586068658,0.09908178807522272
105.22580313657798,0.09659468067290335
109.79391451363561,0.09068930732237247
110.49982353373909,0.09329580962642321
116.95150770497601,0.0794654027940609
105.60119766883219,0.10108547409917873
109.76057318463442,0.09121730651106107
110.44039741058322,0.09339354858852897
118.68146844880798,0.07957010057108466
116.31373873573168,0.07929300096097909
107.36049250590528,0.09683299948913797
108.34151336749234,0.0991564699852159
107.6083850774151,0.09620385239769848
105.13043858042992,0.09735529619526676
106.5154724061921,0.09573415932468415
108.20069690088268,0.095572585088788
107.6971169958282,0.09895717968479652
106.82020391373976,0.09777641632251004
111.31158282211591,0.08781729397641695
111.52052727517962,0.08600474128846548
106.72201310927082,0.09461082421789864
109.94503333967153,0.094448505358222
110.47219315043216,0.08607878616945082
111.16062188595531,0.0897422587836053
113.59429793170601,0.09124717423776064
113.97830763799611,0.08516041471982126
102.56774665637923,0.10276492036982778
120.72345821482008,0.08157096081780922
117.46214059335247,0.08462925294200119
111.7300344036552,0.08428233017111383
113.57070363522524,0.0821178516738747
117.58843633738468,0.08790958562500507
113.80014753596136,0.0828696058768296
117.20350030990218,0.08077422821588787
114.122743405827,0.0833517266279077
109.53305779056353,0.092689458422578
114.18200244132078,0.08589343597998049
115.37914663525456,0.08634596184558635
115.51684209661516,0.08746344038859771
102.55624707478789,0.10241970353494748
104.2546807687813,0.09862087732307204
102.91686422354752,0.1017438610309017
108.99388918325894,0.09461268345300464
104.52341461926557,0.10232826259473883
107.25912931127037,0.09413627649159281
109.7182981383551,0.09482904658909687
108.44304691231774,0.09200104638660309
108.45574739654262,0.09382351966857404
109.73841498426941,0.09140778689399125
108.85904653182459,0.08816243023092032
104.7308231463992,0.09792547071857023
106.13591716737227,0.09815180070855588
110.66265442794514,0.09211294801584814
111.56387578359232,0.08772594984211728
114.0236247442824,0.0851656741685548
104.32503320550674,0.09953139953171763
104.87861492193704,0.10375130777880864
109.40831344959538,0.08916971060263618
118.90146794425691,0.08046427301427284
114.17938590937604,0.08512915770558466
114.74868612786271,0.08346440543860417
113.83148274709842,0.08253531116180718
105.67018816777099,0.09781382122420224
103.82948347007579,0.10247696065293499
106.00920684074497,0.10247952972141336
111.8716752555114,0.08822982335459346
111.88884250823759,0.08842144149556382
113.57590127183083,0.08605134744998671
110.52812820530241,0.09014065925313322
112.8131454385074,0.08327068629458659
109.34312642042738,0.0897107672850888
105.74063924278535,0.10023679675350924
109.90589107612043,0.09162671977508953
108.3645951466053,0.09379779224886202
106.0274690039511,0.09620934144641644
108.5304611211961,0.09147637937753662
114.59147790279155,0.08227888671365294
109.1112665905505,0.09320260682072806
108.0439499580531,0.09673402215896573
110.21499752261614,0.08568936632015008
102.6552160687508,0.1005983789394256
106.6942252674111,0.09872688042055944
107.72997954742864,0.09276538625711751
106.81483485560948,0.09634783622178085
110.4123456840114,0.09483217363156916
109.85787447553938,0.08620029227769928
116.99419765183436,0.08842405712187273
114.7354918763308,0.08691266668737918
113.51450291969401,0.08593053036650332
110.83359790235124,0.08736839384743529
109.89135938981886,0.09673664390403995
113.40999129976159,0.0914123152496128
111.94717521677826,0.08849867273859016
111.56572449082958,0.09085280587825006
105.56441468374403,0.0941023839873071
105.50968742708417,0.09780829255226826
114.5880347728794,0.08604473378320655
110.5712235162829,0.09286858553706683
109.75643199098337,0.09336454458490644
113.44340841725968,0.0850343720812926
114.82525892759212,0.08537943000943157
114.96067695366163,0.08651862324974546
113.69197426320329,0.08724349852794487
116.1326477717046,0.08253610728054343
110.52421410534453,0.08987449010808671
113.79725584933887,0.08922565641380484
113.3504845214802,0.08386139703643629
120.42541998294381,0.08267865697482837
104.47889176060869,0.09974397932736563
108.16946107182662,0.09392933464967804
107.81226275404877,0.09611939325136452
105.63815613786758,0.09415639395464943
104.23503964412575,0.09827413032055192
113.2167140114519,0.09039767545162071
112.13682876777106,0.0892667586600475
111.63024688151256,0.0865674088933765
107.81562159431105,0.09668940157939805
105.1554674627427,0.09990626931168628
112.62403890112374,0.0922704975759159
112.05835089005734,0.09184037836714802
112.9303453892977,0.08853690641163602
105.78862751936705,0.09701722643737128
109.78565442226584,0.08996672029387887
113.27027634661992,0.08987848498222618
112.0842323417753,0.0848133473863269
112.28505312797611,0.08424098128190409
114.9722173641067,0.08553132255606773
102.93611005242101,0.1023224362093986
109.52966246473616,0.09269684649107814
109.89426086999048,0.08950153786974098
113.97804652227718,0.0830811676656391
104.62274837261245,0.0984352845361026
113.58926834375451,0.0876739471896196
112.349377256326,0.09077364901192779
114.57512000547631,0.08397624784499096
108.27777430267003,0.09255357016840803
105.1204254020726,0.0964074878866596
106.79269999529971,0.09883861029396725
109.9802455994185,0.09626952096213219
105.32428788297831,0.10231436222725476
108.19677268088326,0.09420736306006602
112.50957890029876,0.08891614008659283
112.18265906756183,0.08291814921519047
106.01454184850944,0.09447590666904161
111.81296656473613,0.09594811116396164
109.83049614558803,0.08994926573234632
109.36159879260192,0.09384948507582111
108.93809096727287,0.09934561090858315
107.84699977607545,0.09625420713882951
106.26031571670103,0.09476313967108589
111.33220976032355,0.09283469961044945
111.41902885219116,0.09070507126025376
100.40964498358477,0.10496575585317233
102.06330869575672,0.10561465107286594
104.20883065792839,0.10488818685283627
105.56516603361496,0.09741676684812159
104.53612999994009,0.09504121132948695
112.49586403423491,0.08858231601758283
114.98401079502943,0.08516594161828847
105.57555872022309,0.10036830037477168
104.39513732922623,0.0966380640671494
106.78499544982058,0.09398805880448798
103.78174333120543,0.10274800289109452
107.11102174662261,0.09749673718854034
114.2479546037781,0.09107995914435832
110.3199953777189,0.08956629199261978
111.49329152943336,0.09547871978957621
108.51680310926092,0.09105545112424376
110.42598725055211,0.08751840248856116
109.14292829492764,0.09580552156734072
106.34198817837127,0.10202505376966865
103.05099658954576,0.10234566115997347
104.80408178104665,0.10428905082200018
106.34825638678528,0.09752444785213074
103.43989060151817,0.10532742140901438
103.59254657252212,0.10590992650061891
107.71852285367113,0.09891092053662953
108.58422964646999,0.0917984819407614
103.41951977845669,0.10375079998300113
105.25932758007006,0.1030643347974819
101.84360788761346,0.09947193251769479
111.21154465008885,0.09465802822496436
111.26538753206209,0.0927567810894693
107.94584216752821,0.09626846263258196
116.96432014424998,0.08215848024641272
112.99351148390025,0.08739557586362873
108.13255212988966,0.09527087855582526
106.06574257548264,0.09087500154686519
103.59401784479599,0.1024291655015469
118.48291105080791,0.0821368132044175
120.302820052141,0.08097652668282647
117.91267581707316,0.07745927523343854
118.59862691075708,0.07310518134839823
122.97606536529449,0.07560039318171098
125.22761962659943,0.07454099149538207
124.66698274448056,0.0703528907884362
111.80219180806623,0.08348542935169777
114.17763795784829,0.08945489141141824
112.32854540226649,0.09109469550103888
110.83111551753488,0.09041539758621313
113.5390673603893,0.08535107241033138
103.85671360966812,0.09720028789816952
104.93736914478437,0.09793837858250212
106.21225596675123,0.09743203239620271
106.21037338524741,0.10028876283805413
105.63963063404401,0.09914979924018992
109.08248363185051,0.09515026665835961
106.9507821641474,0.09408390327326642
105.71919251634841,0.0959846251265494
107.70217011074628,0.09528560874840124
121.08059789599754,0.07852198248930088
115.58726426903095,0.07982572877305943
116.6577512192205,0.08193777023104423
108.89199824072725,0.09369172840248881
109.44502105532648,0.09205758053219548
110.249642403546,0.09200176305367044
106.07897861880926,0.09850745407864629
104.43134050685066,0.10246794737311071
105.459136320786,0.09711089463944801
113.86608496789532,0.09073533618983882
111.03235188843063,0.0888388435906467
109.73532032264845,0.09426830591098441
111.2339387738077,0.09363149219333716
110.53990508615216,0.09201940984674536
109.70595258207562,0.090247889053677
109.13847502780372,0.09228038190553664
113.44897692335319,0.08802037071714242
103.4641097266311,0.09454178979483846
106.95642502245956,0.09698441004143585
108.31648279493905,0.09685200459297323
113.13430097030862,0.08934440260075159
103.19950931407352,0.10181092032938649
111.839956211115,0.09132921834888365
112.88465177052271,0.09255019523279522
111.42457489819904,0.09121111574409459
107.47582116960903,0.09496927406936459
104.04508935059853,0.10010611461798531
102.68804978160722,0.09902477454429778
102.96683727633376,0.10263931846551207
109.61145091544667,0.09244281393712064
114.61787942797555,0.082835311661683
113.48369426006856,0.08139602456720907
112.75401773714664,0.0824352640849538
115.02820381107462,0.08516741681713229
108.35138214002333,0.09222386171390265
110.0406441552974,0.09546848735489272
108.06124129650864,0.09697842702835731
113.53592034775204,0.09096504832997677
109.1443016702174,0.09560419682647821
111.39637813850959,0.08917939595025301
109.16551953246436,0.09132112268647381
107.29588053896504,0.09441983137599437
110.35307183342047,0.09197826420628188
116.25425754258066,0.08589717564132751
109.25453103457195,0.09216458269859876
118.2532991752856,0.08384881568656595
106.61398185462063,0.10168080975048197
109.80460640969976,0.09281200376387541
108.86128195705083,0.09333545198253977
108.40063933396236,0.09334175497448165
107.93068908117594,0.0978098272287132
112.34575220703647,0.09014839972340347
109.36457761393918,0.08906474359952048
106.39480378014272,0.09727571730547589
107.86995856535084,0.09472328223605207
109.23705592236308,0.09276099009921657
109.94793378324476,0.09480136865069656
110.33904773851606,0.09784427892386076
107.8192719123378,0.09519060920684815
107.56777237709967,0.09407095151122812
113.00806226088964,0.08785977608310314
107.91471505566616,0.09569992256994758
108.09756985526933,0.09309686274682755
106.09836042960303,0.0984000866838686
109.9106785112381,0.08803584325638532
110.41636266001339,0.08945084137372682
119.18984185598461,0.07678176678005161
117.24051413149456,0.07794899076753471
113.17819439629959,0.08631238909583891
108.72570080659686,0.09204344397982848
113.33881424476162,0.08968298731284498
103.6548580648653,0.10222224720437952
114.76797134488747,0.08556467678831088
110.09264540598924,0.08913881254452218
112.07817415884855,0.08989619362894173
107.87920747876097,0.09987102285131547
103.72204309345445,0.10315165425667783
104.69959291146658,0.09950143947955424
111.50413727959881,0.09050778178343477
114.20998868967216,0.0876322051258773
115.67517549735112,0.08473999619756106
119.4092067137366,0.08312455729884294
99.07508635364229,0.10998051491122618
100.1503607591633,0.11037142479576574
105.06231216502201,0.10120931087798449
108.36976137590958,0.09209750586238517
110.26722318788462,0.09391722390936784
109.9954597354486,0.0933281156323999
112.28687297640847,0.08833734009222872
111.94391975750754,0.09228289770611757
103.9845862084946,0.10114344035779321
108.48992423981014,0.09699308257308452
109.7310357613896,0.09220093763213526
115.6382515001516,0.08481992514899889
111.56831229853844,0.08971853336801217
105.69924746929097,0.09835173008308704
108.21690437627821,0.09652177294278699
104.03880615554677,0.09735035158761195
111.51172108324674,0.09206071270703155
108.08105613419299,0.0965270658512362
108.08105613419299,0.0965270658512362
105.00382792851045,0.09823922811939649
117.99137650334266,0.08256860012928718
115.58311350275942,0.08038420795136035
118.16757760532576,0.07934234086884845
118.86800098730635,0.07811662104029059
111.93306258898036,0.08978707570480125
110.3729659341758,0.09456855532829646
111.30620820640225,0.09327119546510741
110.47036801865148,0.09285067107238577
111.20866313337119,0.09198746485577794
107.7928888872637,0.09400439623016939
105.96550905932695,0.09566441441421883
111.6745799736841,0.09052643002089264
110.58977402913759,0.09006014659949393
108.39929240265965,0.0923970151606879
105.68928627114786,0.09953130804563477
103.60871480160043,0.09852651296465174
103.85915520488736,0.09982884531082596
102.99932598604151,0.09780921203341787
107.80550343360956,0.09780375080619957
110.27502503052264,0.09436025516742635
105.90115421653955,0.09795280188620141
104.33233058080428,0.09657003312799999
115.42824083302855,0.08310586573111489
111.93996902131563,0.08788075732488557
112.18144724184904,0.08735613420263691
119.80700029942165,0.07621275664620836
120.85314823825881,0.07720711259392586
112.79543231489157,0.0895759695594086
114.02018832646405,0.08618165844451156
114.08333656082372,0.08180949593604023
113.82647753676241,0.08355994845732148
113.90045871307115,0.08359190751093576
111.60836147194863,0.08950809171759212
106.33290019506984,0.09677548669822308
108.76281004797902,0.09225997128176625
112.84742709737597,0.09104570125805342
106.83275681432417,0.09430452541119351
104.9472896452254,0.09637315735035858
105.63023950562369,0.09899030286055571
105.76853412444028,0.09684111967076514
109.89536890794781,0.09243356926590703
111.8812703861614,0.08744701330514076
104.51530257019697,0.10118707450411395
104.60310766759112,0.10474796967916061
110.10963807656735,0.09334985804234755
106.63225858889375,0.0925528037065504
109.76679410489504,0.09124800562245593
109.55621389051262,0.09635925721659601
111.57936067142678,0.08880567348768757
110.64621967952053,0.09195484806834413
107.84699350662585,0.09826857060441857
116.79529740653487,0.07488739293224964
114.0511191919356,0.08512001276551229
111.3135310340808,0.08667103802352503
107.35002920709987,0.09182856523066531
106.5958149383072,0.09791710673018113
113.32247054233022,0.08714413179906333
110.86997411262534,0.09055618489238568
118.98820043068729,0.08020934366386344
113.26014808682545,0.08344641167228035
124.68189108778498,0.07286645379997646
124.78801821989703,0.0750456492331093
123.477231658371,0.07694958826041308
99.61300222756289,0.11336928977078983
113.63747969155028,0.08869660353014237
111.9249818215954,0.08911569099960845
108.57818575477492,0.0968883318690282
108.10266026059514,0.09546433013442508
110.68941047922716,0.09366630491473218
110.90882010763248,0.0908111896983694
104.33057733275392,0.0952867571025885
111.71111214368825,0.0874585778931514
114.93029619619767,0.08661351834226959
105.3407171611981,0.09809997086471609
108.09794902487724,0.09620623308050665
107.82939662503851,0.09034352838377945
104.06400815225741,0.09764518705256019
106.98224478455388,0.09361086534942387
104.59218001107249,0.09081146005462963
106.02263694140424,0.09227212586495469
102.2336028198326,0.09991263693272517
114.63482042370207,0.08791986715388658
109.94627835109947,0.09718572950443922
110.01270713719627,0.08829866671181008
111.72971496906261,0.09015728795561481
109.34223011791588,0.09204797444213099
106.88211024824305,0.09718272869903052
107.24030614980215,0.09825099943467722
111.36670782672063,0.08786363317333097
106.3308852261571,0.0999806850498309
107.24556752341238,0.09660819019959382
100.8180035907816,0.10575723086465666
112.33577724953327,0.08964013039994169
113.62250158130836,0.08834948232430116
112.2123114151305,0.08574388582720391
107.81585712365958,0.0933774563613094
109.42637750328939,0.09174934420144847
106.39330464002407,0.099929971361472
111.64378941628203,0.08895994266159185
110.67246287248945,0.0908519529356869
106.76567859830762,0.09990713302077135
105.57974689603572,0.09420562326159722
106.07703527507459,0.09644541134895325
106.76707633920134,0.09951295079492277
115.50751102282238,0.08670660746632901
112.07930514957172,0.0881897348430228
115.62415451641802,0.08896956706789229
111.40534317086222,0.08600148932716553
118.30816028044241,0.0843283485144865
116.14962132813609,0.08374939538148662
104.25330647903343,0.10297195119221862
104.31998099600149,0.09937387013959369
105.84323967583259,0.09714842726927411
107.1273473743992,0.08934643072777348
112.13039371405686,0.09018704577939787
111.36129899816385,0.08873324028973711
107.94794246467933,0.08904132819978727
106.19083473834873,0.10077117184969309
108.01860243855728,0.09426346287375101
112.1652791215491,0.08543708127299042
109.50466818501208,0.09348478658810691
107.87282222933773,0.10053282897518667
119.67659246034465,0.07900557108592972
121.4759392585582,0.07669958637023905
111.96184197524606,0.087430818290499
105.90257727095555,0.0977861062914302
108.06112186847214,0.10108554105312878
107.85400380123941,0.09312523453678771
111.51124808893177,0.09159564176161888
109.51810016180347,0.08925093540428407
114.46861851739098,0.08501663786560273
112.34576414066044,0.08693457689670152
112.42447834245534,0.08845951046968209
108.00395577631753,0.089498086779897
110.62891799612454,0.09559679143831808
113.37423347334676,0.0872088059464519
107.21176848065483,0.09269348532168548
112.49901127250452,0.08360031957179871
117.82152203302661,0.07858241533818527
118.41008682852274,0.07681074383808609
119.42556616425873,0.07960022916738514
104.63683686717863,0.09852045972468387
108.80181967125269,0.09324465306080885
110.64439415933815,0.09430427234750972
114.29792110009853,0.09049078414012243
105.84881206015808,0.09372627403935054
110.60836814454782,0.09491442856948745
114.13458143100443,0.08715252833982813
113.69096204379377,0.08776097041047723
113.52923198655417,0.08765060220110164
107.99238157957913,0.09881444191540402
105.76422898522597,0.09445044314385832
111.2757708642127,0.09044745917508551
107.18841965571085,0.09413098759508975
114.2038885106446,0.08425992937755894
108.6096978712184,0.09433587938428882
108.20416615334975,0.09238314215503747
106.53494367143401,0.09966975472295359
111.86109163819577,0.08572337885316181
111.41005442656774,0.09040597661487791
120.36870999467018,0.07690387186752282
120.36870999467018,0.07690387186752282
119.82432193920754,0.07607451297206429
118.13860548572194,0.077134133404666
115.91190779614134,0.08227685581289171
108.83710932962148,0.09478192123490772
109.03477652694275,0.09254942953753548
110.37242358045273,0.0932371871486569
112.69743281474882,0.08791768914121026
115.00368922156336,0.08793668077173095
113.81730991861123,0.08779489072986438
117.03504071584314,0.08551246904250254
116.82457545555026,0.07828179004131958
110.40731989831166,0.09496970068820065
108.84297407933617,0.09024193203132672
109.84402784743006,0.09096912744185422
108.00123798299921,0.08722886505533173
110.10132310656229,0.09268648443701526
110.15503419538595,0.09321359116817218
107.89235190482825,0.09651863911675643
106.57644295218923,0.09957816682552108
105.86283855403461,0.09677305383180562
111.67286449696606,0.08923453956440001
107.99508997049927,0.09035308511298258
108.27353496289646,0.0939657619522825
104.4975812069553,0.09592715598148191
116.51709751097992,0.08321348827032836
109.31807228440371,0.09335893423984742
108.57760860857051,0.09304313001858495
109.51965089136246,0.09501095440413145
103.9840743165447,0.09982427058407438
111.66751050110041,0.08665977063382219
105.22031090484326,0.09839835618109066
109.20034827222061,0.09014987625403427
105.21589334620337,0.09353617051978443
118.17547525291918,0.0823506466906318
112.0885883384556,0.09282247712866613
110.2116254904417,0.09009666624424813
108.97162377579859,0.09650797879842944
104.09304768316797,0.09191032860059636
110.10375994768982,0.09029420104898178
110.04154641521173,0.09053034524711935
114.74566089361142,0.08474552112607821
106.86464016289045,0.09457101201393643
106.21351187023332,0.10149344887228616
105.91449597042191,0.09634283971432953
105.0330543719279,0.09558889048262176
109.45908379889747,0.09324505482070672
108.31013615679429,0.08831858801950197
105.80946938762456,0.09242858943597093
119.81371765134253,0.07712292617473597
108.68142472782631,0.09120879329133681
107.39446814101748,0.10097990205290304
110.50847820305752,0.09614317165590182
112.95720708172952,0.0932399014918704
112.7057174161954,0.08963202985471615
106.57359259049495,0.0961336485313467
103.3817520961292,0.10163669002576603
114.68631777511737,0.08653201748471136
117.35319388363084,0.0789059034198884
115.95198914610481,0.07985436470215976
117.58258828860413,0.07996242032153429
116.59803324365005,0.07916833220833164
108.29272714231205,0.09565958942954755
108.25270598562497,0.093131350869767
104.42694868788897,0.09528720137580296
106.64598216774591,0.09294877306873636
106.28807962106796,0.0929266471865187
107.31975898506124,0.09489118295983573
107.32039445876445,0.09469240017567603
107.21508480081253,0.09525557515253642
106.18106619563234,0.09654669452293242
111.80886225106565,0.0863914772832678
108.1695748325521,0.09278503528567525
115.08897117593561,0.08804531376464182
112.90846510289926,0.08454897627621082
118.71708061287933,0.08018792482764224
105.32349324925057,0.10530573635736518
105.68224281021597,0.09984077133251085
104.93184495482383,0.09617301977492392
107.3878963782157,0.09845401476837386
107.43542292952128,0.09782059697217056
107.58443276977016,0.0928768769296269
109.952928175514,0.09236013005646126
111.66349474065345,0.09152356578192179
111.55295821124108,0.08997796172930607
108.56810386703242,0.09865644401602566
107.51733143047761,0.09042590679842716
113.00559232127861,0.08798263208353169
108.4481526485219,0.09348330072949936
112.17011406178842,0.08944789041437187
111.96064782971744,0.09007308399701867
111.65632273616887,0.08696920368310324
111.8512841005386,0.08821708399561798
99.66918409216174,0.11187532427809604
102.60248904249022,0.10934558415596657
102.34449385645169,0.10037921532096654
104.28951159895637,0.10052529958002018
110.17605292845941,0.09298005569140594
111.96881153770151,0.08864376583268326
112.12060021654,0.0937506401777967
110.72780873096879,0.0906054309963128
100.17926321133388,0.10716037619433594
107.21582073274736,0.10099223960441003
103.2678016455483,0.10448355152731698
110.53853808995183,0.09005853429705994
108.39105057926479,0.08855884917042767
111.19974690890804,0.08964896197184925
112.7318766028609,0.09197099482301298
113.16847153433937,0.091849112624398
109.75857773669922,0.0892804214349951
114.2586129890767,0.08816499544845115
112.41929845983061,0.08489301457860292
112.0746721676247,0.08887152890804502
104.27013524874368,0.1013287357110348
103.776742217418,0.1001034194191483
106.53511351176088,0.10207473032495193
107.49676171215856,0.10104729692957531
111.00018618525974,0.09515747726345099
111.56478156857155,0.0916662739845041
113.91256881938597,0.08612201822239268
110.96461013752621,0.09003800341764406
118.05393677703432,0.07992849701414848
115.85621964905985,0.08359280278160301
108.78762888753452,0.09210037230082528
108.60666898171831,0.09197244724695261
106.07448174272125,0.1037552767206139
103.6163108404372,0.10325646243678038
103.6163108404372,0.10325646243678038
103.16723551820819,0.10055595303950145
103.41557902412147,0.10207783451563655
105.89556569432118,0.09779437806533178
110.51113101939349,0.09140969943072702
108.43539739640276,0.09643434595428804
111.11972374562353,0.09127014891889242
110.14966596853002,0.09304666962970572
109.36220828392591,0.09470924376261215
114.34858094471194,0.08422748234777351
115.86919585315673,0.08099800583298616
109.13841532524462,0.09726060515741383
107.1337329255727,0.09537328856073082
106.60256112276237,0.09610315254920265
113.35931824898016,0.08759734545527832
114.2207066118237,0.08230715562768379
104.61388819462906,0.09826518310246987
110.56683485221188,0.0902291412240309
108.77671349123112,0.09060407867462769
106.903322669467,0.10215341435197006
106.80733256706742,0.09481280205136736
107.10533598194078,0.09709986160648504
114.18759142482944,0.08876217203719208
112.96292073833179,0.08881366943082566
114.87977666074048,0.08784700408817835
108.06851132827497,0.09264892278546798
115.43075750459252,0.085351028001125
111.98461556354904,0.08862926917185598
109.7355782903834,0.08868729478350969
115.74038146496505,0.08959591672760013
114.82219222768157,0.08860384694553679
114.9901432974898,0.08302018473467061
103.86472413334074,0.10185212810586494
105.80235938788954,0.09864575175426483
104.95369895178581,0.10074040975386729
107.15254024346831,0.09850076303049655
105.90169741387965,0.09493163377286781
106.9184831033237,0.09847524510704933
108.00191431415695,0.09896952275982988
114.84601645660504,0.08940444945385351
112.94216700692833,0.08253509874096605
114.22759366609262,0.08701338752869493
110.80722970677469,0.09372936464808086
107.07763581105107,0.09243023115404163
110.86643830719497,0.09060536915898228
112.98085263987046,0.09134941747960125
111.55852171188164,0.08902942999978442
108.35897322235733,0.09116260772464636
109.25182322628343,0.0967603080167297
106.58427758172232,0.09733339533288297
105.7459555436633,0.09800296757741479
106.72088531473484,0.09991254647568212
107.28278904144945,0.09417189119797256
107.45994792899968,0.09851436372371723
109.42171101940626,0.09562294685385905
107.32714714872195,0.09676585794102696
114.55854472290943,0.08421072606742028
111.50069478324751,0.08682037220873115
111.78048362954017,0.08918024822333988
106.01447351725558,0.09849292101532749
108.82185940993735,0.09718783118095906
106.02284881388084,0.0947959728171685
107.0246374495573,0.09549156847080797
107.52914927739387,0.09383111551569685
109.91838596045832,0.09080950064141095
118.98278046341471,0.07801786127000537
116.39431443362786,0.08082967648441994
98.50456499252526,0.11016661145025408
101.43294485707075,0.1124695220159028
102.60921512939859,0.11240599922867153
100.32453507632415,0.10771741135376525
109.4147593440476,0.09505410424909927
109.94206093404249,0.0949400072963794
107.53426858507669,0.09956514750125521
104.93039014053117,0.10401213223205995
100.20862853794989,0.10413324474277368
104.398066415576,0.10360796955129145
109.81257888208818,0.08997538005432472
115.40845970066685,0.08688591041153201
113.49350908152981,0.08716113015962312
114.0903193337663,0.088809810905979
111.94903793161988,0.08854362841970399
115.76704775779123,0.08133963865753266
114.75247403079658,0.08079861214603712
118.51290123095775,0.08261575354423553
117.07505298382164,0.08425539454503068
110.07815559867203,0.0896308490581933
113.86591532039664,0.08559574920111886
110.22563184662714,0.0912748742146164
113.12268812801703,0.08432392632396037
114.19975013795788,0.08467699151633347
113.1042707292011,0.0903362218577171
106.7703081352614,0.09669431497553163
113.10160666010182,0.08904907934131237
106.11918840289981,0.09375860274850666
107.99953313663292,0.1009690912876402
108.02326669027893,0.10140446216717058
108.17424177654696,0.0955773569523955
121.48181933378919,0.07495935110537684
122.21318047531977,0.07830339439871227
106.71836347013048,0.10101571991966501
105.46444378568795,0.10090097742513025
115.80725733710368,0.08123750295197568
112.07997298368875,0.08795975572141879
108.4316004862473,0.09455797378811043
107.99297221690823,0.09448360537752838
108.43227509558146,0.09794662419568848
107.93385055709057,0.0944331031172868
107.67962160981034,0.0944423379534043
109.48627082838053,0.09139042424634339
111.020190668907,0.09102887410738802
108.8840195757854,0.08645767173491815
113.08186550656802,0.08434104186679271
101.6040071213792,0.10607865819098908
107.11932672705642,0.09770141880573292
118.22067083406513,0.07800941865660735
114.4310108357857,0.08755438338297979
112.83524726918029,0.08467983358234274
105.63286527588366,0.09685691977922783
107.48773684842521,0.09461716395063384
115.07313670622815,0.08343080932385123
107.51827358340725,0.09603774949966323
109.62862216666053,0.08815143257356266
110.12558348632038,0.09012964027681873
112.48281213591298,0.08993100633466516
111.06871069890236,0.09424164129389268
105.86471788724324,0.09897692163488618
115.57837965677182,0.08622027308740073
112.85515339415565,0.08646557625820744
117.49454804912425,0.0821313636612342
114.31014310968433,0.08038102092150323
106.91157942116739,0.10258445641635994
113.02915175549097,0.08289366860813698
114.89489408733752,0.08489185985254262
117.9997012420115,0.08282479173446872
101.90190084963756,0.10283640213981338
98.12731638477804,0.11524595714553669
99.67083853088766,0.10894979523627676
104.46129777306152,0.1003971644355448
110.98632096968178,0.0907488483479768
112.92368623402898,0.09235405885132726
110.72876686354688,0.09186284404000977
104.52826012357676,0.09575901826158896
102.97304402678331,0.09682738301247848
103.91309709301241,0.09539713369393983
113.3890941538543,0.09357225277895065
107.75806271074391,0.10225127756741278
104.98202673647587,0.09722885969352452
121.14239367812975,0.07846822646819893
119.47231664522278,0.07651892615422706
106.83820700115965,0.0957382964408684
112.46316641887594,0.08887372559386432
110.50283409384463,0.08889976599906686
113.61550378257424,0.08557601294025328
110.04588979796819,0.09153111067001528
111.32678472296088,0.09041744154401773
109.5766939323324,0.09054490302134499
109.14355412082787,0.09101012442810233
110.19536903166009,0.08973068458873372
119.7277178448929,0.08067037350926816
106.8221394380448,0.0944044541071086
107.01337500746074,0.09303995446116212
107.20137263683297,0.09898585179559663
112.31570334231625,0.08595916807134096
114.19785240816819,0.08389656384971195
110.42197221638068,0.08924506329899327
107.09165982123722,0.09496739793679009
113.64954292444148,0.093133170723355
104.8397431819688,0.09358174253297327
106.5586900423009,0.09629527381519423
104.5223225469622,0.10372295215365092
106.09105756757165,0.10018540764918578
110.01691487708634,0.09388411884753774
110.10524796481035,0.09210969047550113
110.97405190529342,0.09500960547336448
109.06577113504773,0.09756698257161565
109.5329018853388,0.09580655133597177
108.64786415850223,0.09305116637238961
108.08786185782695,0.09292412706257983
112.30789899553933,0.09008245404585402
111.42457792056474,0.08647511245711474
111.67895702623028,0.08645809448467488
111.35874233941976,0.0865817554907869
111.36104384112423,0.08876502752706265
112.12768646316617,0.08831376499448224
112.65157912551656,0.0842442883375123
110.91202460316596,0.09559249040180522
106.5756888933341,0.09474013828354601
109.31533521593792,0.09428846134619837
111.95629020751271,0.09166556723949407
109.26003528825623,0.08915125750033284
108.6172690610035,0.09359820090499987
111.64945573872377,0.0886577302000559
101.37665050689422,0.10948272687960398
111.66648910544572,0.09330365818688952
110.84203297537246,0.08937376557751733
109.1184620002671,0.09000371539162516
108.79789022260279,0.09495581522889757
108.25244145753666,0.09591809477611762
106.51462867916855,0.09663109702767456
105.63579263732795,0.09715170237064781
113.20219862857917,0.08797083301431922
109.6924164549685,0.09293053470357547
109.77277753532461,0.09165835444202536
109.81834767143266,0.09509806049270751
110.1785112114801,0.09328195138865855
110.3838799042851,0.08776804060443708
116.25961508140091,0.08295538169908176
112.98684056972982,0.08886604246753609
105.04601753078039,0.10103835718696885
110.69800615564989,0.09183969026062933
112.11763808986504,0.09422302168752208
113.52012048517864,0.08933855052729023
108.23597877073173,0.09090412812931316
109.93242580933946,0.0896138185400779
114.26203318283771,0.0910011324091394
112.13751858771664,0.0882902571376867
111.41949471930418,0.08828400373647528
108.40011024656133,0.08954317623227527
110.21174948676362,0.09039967395299472
109.86785551194488,0.09523665478028694
119.8266882574736,0.07868148298193196
97.85032448676617,0.11252030719098155
113.3494032288416,0.08758164254417805
117.8726721893199,0.0823915767222317
104.72282852436554,0.10211009756269576
108.78533801140338,0.0938029852927458
113.35408473945776,0.08264251817589571
111.37185810885713,0.09189267187576848
107.28101265498876,0.09235349151829951
110.16148491842586,0.08920176931486727
105.22275885228585,0.09948425209616704
107.0102318906996,0.0932956327386171
108.13044940965958,0.0962360710635026
108.85193172995743,0.08862865233926595
109.18379167505104,0.09348912085886209
108.95269931865889,0.08733728530444183
112.68735728500796,0.08623018171354022
107.8822843259816,0.09496482149067599
106.82044088877599,0.09599054429807773
107.19936688712279,0.09521053264351208
103.64021152019073,0.10377839041713607
105.59581257156341,0.09731301775611308
115.01243161800375,0.08715654617070337
112.3227502211904,0.0871025257411323
103.74059875439916,0.0994635349104934
110.73819853672451,0.08779771142567677
111.54458664648585,0.08629146072024392
106.08640823470068,0.09847871062642954
110.1636455972811,0.08873747988705104
113.49383956388208,0.08815247161551372
100.0455860145907,0.11421289768420398
99.19915377925999,0.10869952151412214
100.83083097426612,0.11246412057678574
103.93385769819615,0.1013920382993079
106.5661566349362,0.09783636898121792
106.16076718329063,0.10423345529084653
103.8650952076586,0.10309173509449067
110.06020013742148,0.0908694589278637
108.54260300148755,0.09157335419558385
107.16479131070562,0.09613297463737844
107.34693874767677,0.09785894363157305
106.3673252721446,0.09379866037951219
110.4999190817924,0.09379913926524208
111.54160355559887,0.08973459491266988
108.15454834181722,0.09910890416336755
106.61083941700046,0.09795719343863436
104.12298131141274,0.09973952609264285
103.74073000732176,0.09719121916145733
106.56964908624174,0.09235330864005328
106.47357383320704,0.09060854764697655
107.79179935771427,0.09304791081395793
106.42578509310387,0.09260878811722953
108.19138142032314,0.0940730914929224
114.9972654320548,0.08539633757572627
113.37871462449617,0.08460683464592207
114.05970283144077,0.08827649535672366
111.86314430300382,0.08635625874738055
123.91741897988881,0.07731792861996206
123.21836674207691,0.07723801506361602
104.78042283968612,0.09495122017738358
111.2289716853888,0.09007037627722517
109.53950509192886,0.09326804926211747
112.46385191596829,0.09090217997757277
108.61828447974067,0.09691127165417168
107.39457259578094,0.09875460477255119
105.34366160801159,0.09995727749075325
109.30229449338306,0.0946700710644156
118.84196752197265,0.07921616771512106
113.44488134449547,0.08120013528650023
106.62175429730847,0.0926699260144287
108.87189352159005,0.09826658290396666
102.67758961169021,0.10257724905577019
101.56357636512419,0.10094772469919598
103.79358321455813,0.10513526916676127
104.97406663295597,0.10665918188611184
103.02978985131254,0.10118071189611336
109.94488288540342,0.09142637312353967
113.79012115538315,0.08067369486047046
114.07827054045867,0.08346680095809547
126.30157588894735,0.07098049146181037
126.16400113093923,0.07295476904586233
122.7728185903272,0.07167888824957575
119.40332792009133,0.07795459139835773
106.24354371560344,0.09618415337224132
105.25033983870102,0.10201182626054356
104.98739130854148,0.09907022220226284
103.67557317728756,0.10261641922551716
108.89155459315005,0.0988535058252896
108.11263724530033,0.09480745381702346
109.88266475297925,0.0989328263795493
107.46695130625167,0.09484850534304207
106.06462273115889,0.09430332588058674
107.14462512532127,0.0955202724645638
107.12400431608236,0.0997264310495318
112.30314592437398,0.08366362163039388
114.47125332707658,0.08562678326005965
118.25142986764588,0.07814305428693281
111.22314418428044,0.08833878412726127
112.26487369170519,0.08841566023692132
112.27733930782543,0.08916217783549404
114.97084807694277,0.08931268160774646
111.26720970546671,0.09531082871360941
109.62560669434713,0.0918531001477628
108.74303916511785,0.09040279190042286
112.58929987698575,0.09094115945602795
113.5492995019051,0.0875710521357069
109.15957290424015,0.08960526227111865
109.99048792225624,0.09162716306510559
112.32866127469919,0.08887052737571073
111.46312243044454,0.09293151459099129
100.84460518405724,0.10547841669720162
110.91575640629702,0.08890311646107821
105.93006918298111,0.09388702854019018
108.5431114964419,0.09239709385642011
114.81523802907263,0.07968336576309633
102.75708790978427,0.1037397445110707
102.46549786298979,0.11049967681042058
114.8989289928142,0.08212678536086689
121.71814749690176,0.0767341846532088
118.52301042616705,0.0766662724021031
118.30301655683613,0.07627649735049567
116.9340926521278,0.08024704007637475
117.25767770256975,0.07779687520560014
110.56523877520196,0.09309747509218172
112.42624694013843,0.08361270314079175
125.11718746014404,0.07314635024191872
120.57427364059693,0.07373353948219714
120.66144864876885,0.07841021509279975
119.97830554816747,0.0789411216706592
116.70743120329789,0.08103709621451306
105.90587180033044,0.09549624667658353
110.66100377632887,0.08984838159760737
109.43781240644768,0.09273064911921647
112.5436527013022,0.09182706996978092
112.7234246022603,0.09287676501603265
110.25307401000103,0.08668372226467556
113.46569906415732,0.08691548944504333
111.6012743855703,0.08596349284642556
109.13511936741793,0.08787099909086142
115.22719723728821,0.087661480036726
117.8792958344985,0.0843775311338349
110.67081830146863,0.08529868786375777
119.97200251764947,0.07510350080304035
109.8065506401497,0.09313498379051376
109.79841440446371,0.09527885960108037
104.45568150266298,0.10262346968706276
116.23329474655692,0.08215978080884623
106.28900140963214,0.10123476055109963
112.12612773994903,0.09065159321111664
108.8994542862238,0.10007484968501101
100.30513174755819,0.10267965113128057
102.64441677686328,0.1088374895774472
109.30536439354836,0.09753237202593949
102.3903823292432,0.10605630620817329
102.04532368296758,0.09909870923361809
108.32719588304161,0.09758337152865268
108.76820910769445,0.09716579565843156
109.56715172651339,0.09374040479299822
108.02357134312058,0.09260338644560182
107.68082332946274,0.09964424288884115
110.39938004762584,0.08719548157416525
114.4036762270463,0.08444152525058159
110.71715910942919,0.09479520830181865
107.95580801731134,0.09364987214706073
110.75751515547397,0.09236547845106535
101.81290344963007,0.10787296008065382
103.50697645027564,0.10433837490065186
104.10855977366013,0.1048833001257013
107.93972852074604,0.09648955744995953
107.14257945588022,0.09253685598044568
116.66097691494289,0.08437968886815825
105.24002709528457,0.09893860403928872
107.04673345583655,0.09779441821160939
106.09130701887106,0.09958395193811112
105.66953596247276,0.09796313453593854
102.1587272424604,0.10132558694009355
106.62367669184162,0.10236980774803998
113.96031871751676,0.08844079424878054
115.46657442341402,0.08867694272526869
113.07938144121927,0.08355258121664565
107.85797327399473,0.09367904207635212
107.85797327399473,0.09367904207635212
107.76417140231386,0.0950303356565968
112.26490820701143,0.0886298816258895
114.00285746085152,0.08756614690392722
102.36430950998073,0.10285174005791059
108.38726709884028,0.09823488154262867
107.35395722808079,0.09567576353788204
109.67984962137275,0.09987309494498291
108.60578698358083,0.09498542701720764
105.6971479254716,0.09570163609300755
104.10802058428473,0.09975255903305592
108.49553116593572,0.09542640711285891
111.27244065135059,0.08941383830686073
105.87137468370514,0.09725414591586262
106.63557767960192,0.0979390006734845
107.86964104089103,0.09554507997848138
105.7436917515598,0.09803442158995199
104.5754264716908,0.10081247183757036
104.11791912352089,0.09790858097418763
110.52720456792218,0.08745709376094182
101.62938627330676,0.09674484086722783
109.70608245834104,0.09539570398650939
107.27237719601074,0.09716860452623767
105.29292505264945,0.09896949660750015
107.09870191854482,0.10042154133914913
111.36963612641485,0.09090103767163339
108.29755852768224,0.0962876878222616
108.75632530879753,0.09284331629362619
108.32367580014746,0.0957360800055851
108.39612630888554,0.0999902780668287
104.96179492971989,0.09910111992080665
106.118113636266,0.10328430676374431
101.4629250235965,0.10632876924544692
108.29488650009745,0.09838801750035431
108.54597387045318,0.0993335906821082
103.8831889374848,0.09492166897310848
103.50150960998656,0.10735737180206843
102.40560530116522,0.09896500629589898
109.62961356717773,0.09635126024081873
109.2518299904078,0.09438148462914545
109.52697276070073,0.09929887497006525
116.039523288763,0.0847532917434282
112.95325276853796,0.09190428890745783
105.13488483726017,0.09803097162942385
111.85308813125047,0.08518312182485308
108.29639070040898,0.08902723385528283
108.38406607358323,0.08764222232790056
110.31974090657168,0.09171563660163813
108.3039174973543,0.09188498906473692
106.51020899330166,0.09352970056486125
105.9100187965927,0.09723883090727188
117.40188818691172,0.08150708265787457
117.61569042667412,0.08229867276304198
111.89598637016168,0.09196700695856036
104.53228057549443,0.10598914269988353
112.37167649113667,0.09071419100491848
110.03033167810382,0.08995167653273578
111.85736491579613,0.08204747299377589
105.0355418652567,0.10030355705747784
107.32061613442518,0.09496119413553035
111.15060622264822,0.09146087275735791
108.50845214083068,0.08995946975327351
108.47896291900673,0.09178403410997643
109.03693062507386,0.08769275313457457
108.37683747124855,0.09888684357082797
105.13204332560456,0.10258477602984824
103.60518231157832,0.10545665436741396
111.83989081672512,0.08735697539333569
107.40111975626549,0.09122428628535842
108.32188624287592,0.09111295363386332
108.69086797152183,0.09504118878230707
105.83873689015215,0.10003134785578031
106.72297770251484,0.09582334875124457
108.6570652185345,0.09006132432388134
110.28941010780864,0.09420043266752252
110.38060486351421,0.08984946283087726
119.17693409764658,0.07863332109913608
112.84152816216978,0.08527945130156142
116.1284882260252,0.08602182865860078
118.3812097606672,0.08550200526593159
116.77922991469653,0.08389531855682984
116.41480088846893,0.08344338578295832
118.90516035677933,0.08175113184456219
114.58126284643393,0.08123922510727898
115.50518419106015,0.08326906200417608
117.17146569730683,0.0835266065384682
113.69473824001112,0.08509904150145112
112.062716656581,0.08442194062099496
109.84874971344414,0.0927033854539721
109.1986216124523,0.09218737149315309
109.7033321394879,0.09365206327645638
103.68914737017685,0.10504910980132424
105.19766272264818,0.10155829664690716
106.87772077122187,0.09791422460823228
108.34897210725298,0.09110478604026503
111.04078272926255,0.09136217203980952
111.9160109216995,0.08953629663292535
106.96254056173575,0.09695115355703689
108.22387389756881,0.10188726055883672
108.84658918781717,0.09877080464531612
110.40243946607534,0.09389314672160289
108.72526203523319,0.08919775945383693
109.60942224320628,0.08918095093591877
116.50753485345217,0.08107641767420205
112.4997042368626,0.08510004956017385
105.89629063502323,0.09864952867473945
107.8415624118098,0.09731822883757264
108.88617435170569,0.09410686044391468
110.78367648754323,0.09066707050790761
103.48316387468275,0.10300772110660306
109.18233574340549,0.09759275330859356
109.9969079936846,0.08865119189090744
109.4330747942435,0.09019136375595001
110.83373819979619,0.08891643823592983
112.83715869706012,0.09018258091641385
104.96428701267686,0.09844415910176385
113.07966575695279,0.08995273764666419
117.52694663298989,0.08183077628508767
108.30651749549006,0.09476291319716657
114.03752886113271,0.08704797227890246
116.06125085707083,0.08634326072604752
115.86911974440872,0.08635396808637459
110.19563373727742,0.09018522981474704
116.58978476696011,0.08364305650996905
119.40482373259663,0.07677846763803402
105.37146510289809,0.10527439763411675
105.3385770381071,0.1003836236174271
109.79617380390458,0.09744425684572827
108.87596553715571,0.09540946414901989
112.6352850808093,0.08798740417273092
117.04738482433248,0.0858693495819975
101.95942165292684,0.10397239375971651
102.0609523342959,0.10924841075984569
112.59208454604685,0.08549310698284639
111.76106617296047,0.09026496601085529
112.2171261406223,0.08779129711095122
110.3123774165033,0.09051926966804832
108.14872314826367,0.09558561939635411
108.94805372129898,0.09005532865022264
108.47897499901741,0.08907349420398904
107.47651843621416,0.09586644221320395
106.90700738030857,0.09656467009595723
106.82517402719728,0.09940807743750502
107.28997417678313,0.09480146251612623
108.9769096178498,0.10075732976502866
110.61142805599886,0.09116119599233416
111.14881577398216,0.08733660042270859
108.35552318042578,0.09603368087203759
107.51821934025767,0.09645246128173111
111.1369098934452,0.09294683855942047
111.37101259699388,0.08929269518688947
117.75833261863328,0.08213788472239279
108.2301855274358,0.09374383824589629
103.19516914032995,0.10418855554152404
110.24704782010294,0.08953317056805224
113.03780596558889,0.0921121879260798
104.32512807509363,0.09692032790838966
107.4033365039949,0.09772619014695395
107.21431706330586,0.09146670510842589
111.0418779406309,0.09272860550798916
106.91529095809317,0.0942841274389073
110.65553350027929,0.08931636040037093
108.18375489362322,0.09142168457040835
109.70432500366304,0.09314989001803961
108.04546099709322,0.09462206410001954
105.79081062486063,0.09668407939895698
103.74911767503995,0.09982862295600738
106.64919523737154,0.09399501846398448
108.83286869555683,0.0887661036817965
108.39359354620113,0.09190897631019272
109.38315806972301,0.0868597877827741
112.19176739482309,0.09349831991673194
111.42715539315952,0.08836443721708072
115.76881278417069,0.08675480297187153
109.10060962339776,0.09721975401093363
109.13448210150273,0.09121615015932794
111.10926458243922,0.0875370789870293
117.25035499591667,0.08108641067128111
108.13201553085229,0.09373155534138394
109.09989446644433,0.0917977326987887
106.03694680955478,0.10120228174230096
111.92196494344277,0.0892511823785965
114.75192977426894,0.08377566611794826
102.39782049562463,0.10704267832691385
102.44027447541254,0.10160983410457035
109.44575083092121,0.09212748245060855
107.00826864351548,0.09148374729796566
108.84231090821875,0.09404658214399927
110.32331297853969,0.09415871127793839
110.20024358866404,0.09530262344573233
110.56977616561576,0.09486593565932375
105.42965219552516,0.09889109175285173
110.69364611217075,0.0904369324188667
108.6522465927483,0.09516544167164999
106.83942690257466,0.0964808768415396
101.49801371168442,0.10375305859158854
104.39271604445537,0.10651321134804578
106.4476922556678,0.10120572893124967
106.88146862194772,0.09653206646872761
107.40226960292796,0.09325167317337715
112.84491760274048,0.087132404087221
108.04496045499702,0.0913432468339762
109.56086447762544,0.09470160321112668
107.33715592345524,0.09158709710037528
107.24097855493413,0.1008514413923506
106.58585880363961,0.09561329037711427
112.49171755969269,0.0877606686128596
114.23552596418209,0.08713659456316059
108.13827658055664,0.09016175342949762
109.84351022416386,0.09374198625908817
108.39578988452661,0.09460509414399608
107.9787967725973,0.09422646403431469
110.87705127774156,0.0870169359055587
112.07290222485466,0.09347468319716642
114.5730376451365,0.0892939475151779
111.38124383753883,0.08808047206128852
112.08229473898108,0.08720687783214395
101.52923339497009,0.10248531722175966
116.96190457349614,0.07991680792523549
118.32779756137016,0.08271186536026497
116.96815469774648,0.07802026991023774
114.5917793635342,0.0889825803438602
113.79042388140678,0.0857739047173816
118.45310308426042,0.07875582126392158
117.56964247238014,0.08037158538638527
120.50058310890078,0.08073652207481737
116.39119225368819,0.07987688146738342
105.84493485664417,0.1026926072154328
104.30889046881084,0.10125295665178903
114.68595629727342,0.08565795609504409
103.88279375795368,0.10081841300689232
101.90614217712152,0.09866535234465892
112.06224862666456,0.09170401894939803
111.38591526046588,0.09255843887813395
107.32803023173447,0.1012530276567365
106.88775409755374,0.10086585151238107
106.22170919302222,0.09937195338734
107.45048912699875,0.0984666674782425
108.26426374618148,0.0916784746650246
109.27480072747596,0.09480254390995582
109.78802552446506,0.09514257230654467
109.49298926582651,0.0913316901076251
117.26164009836734,0.08060315223873935
109.80964976831774,0.08736725345580393
102.62515647367283,0.10183335559831053
113.21414536775521,0.08981399007836857
112.3320657551756,0.09027862310791679
101.63687820456462,0.10846545464095697
109.54783892970059,0.09450008358911886
108.50257088810613,0.09568323791039798
105.04211997497428,0.09714734874858053
115.4263113172282,0.08475789569886015
114.5800852936176,0.08724068123305355
106.20988551731507,0.09431432244049437
107.05797712733754,0.09434188473375194
106.6491981318936,0.09650820561211139
107.49233097132748,0.09585295755994937
105.44828219479528,0.09816602604044666
114.01777060493909,0.08924175757435575
110.27682184435155,0.09012956070634105
109.86393482254086,0.09154866278735013
110.84835346636419,0.0841141364036088
114.06008159493386,0.09053155647434673
115.51312782520088,0.08628105131988736
112.62835896194291,0.09681511385909683
103.31957519530475,0.09335003873219704
106.56496387743914,0.09332335790048055
110.13164174407014,0.09575351029505988
108.88754141274593,0.10130067809965718
108.12676748370339,0.09352438548461164
111.67052588586621,0.08399870051811317
112.28040769434621,0.08336983199946219
113.72951529747826,0.0868054598486407
100.09872256635732,0.10843090450445111
114.28476378112026,0.08998806447581542
109.38824284100261,0.0904814456450235
109.68267725396105,0.08852106915729069
112.5616176200554,0.08665405969615719
105.43413663793488,0.09667847124097101
105.522086478698,0.10034952209415343
108.38466294114689,0.09562447787291153
108.58935059088263,0.09779705920308872
108.82524005677112,0.10119153679645129
109.04152902768723,0.09134621033379087
107.72042082453002,0.0972052178294993
109.74733881216318,0.09242693565305815
111.58723876832723,0.09530654243523447
113.91311576358329,0.09151947619805739
112.6680426043881,0.08990747115526809
114.94438073579283,0.08090051065121458
115.55166639220612,0.07994381789056977
109.94919699155984,0.08613914978890523
111.09585691764758,0.087122487936577
112.27828279065521,0.09380833820766889
112.35398419210544,0.08932376689788832
112.95082708589709,0.08137716635919937
113.88314191821402,0.08441904889949016
111.35637375495392,0.0892660786954571
108.1430425863899,0.09072140395726803
107.61053201736931,0.09140921650757519
108.47487725089104,0.09160208767543697
113.61058949812256,0.08176824128762426
107.11890187638406,0.0984525899593428
109.73530863154484,0.09091306285004526
112.62688312240908,0.08449821459348102
114.88091837819867,0.08613878608239865
108.13668992193405,0.09389846250987233
108.80299279472764,0.09678097107155456
107.15536605551479,0.09632425193248309
100.17606029245077,0.10762030117195334
110.96762852393725,0.09347884158040068
106.87585232772186,0.09733656624565011
107.24204206582881,0.09744756954315617
109.85436225535551,0.09107716687129197
109.77714600155277,0.09175212657858561
111.16709887726364,0.0881011390198933
113.43407608873285,0.0858915735698861
116.18851983273639,0.08084815453823523
113.42831935860293,0.09187519070976127
111.36438353275715,0.08896226383907184
108.47611078230524,0.09341144836692446
106.33750437584843,0.0980214185223446
104.43817017070722,0.0996719493485269
110.13124715905306,0.09344398751497766
106.77419237760054,0.09354252185133148
107.82613233608127,0.09538389311761221
104.34549410507113,0.10000498623110642
105.48781420988368,0.09512404572651266
108.34185079881496,0.09249983289534845
110.51753520653307,0.08900906784111706
113.56656286065966,0.09168251048397061
103.49497621611529,0.10152221038980526
115.46965267827274,0.08791869423086157
111.44591049961703,0.09057301375747283
111.81925965854062,0.08896239872687911
111.51988614094748,0.08861797998598946
111.83074219810914,0.08429950842275527
112.30983907646434,0.0843815168068451
114.77742872885528,0.08510388127217332
109.53977522754066,0.09011493297138932
113.27993812985665,0.08721191053193623
107.55485128330797,0.09499685117053572
105.97072064400237,0.09998067973856796
105.22363719665906,0.1038536254854304
109.76612804229595,0.0937717412804024
105.98349257910492,0.09488096782192008
112.99951614827849,0.08449229311099835
114.7426059814685,0.0874433082622491
112.68854740916719,0.08356530507041389
113.26708219168388,0.08433435862097677
113.47313273062368,0.08447379829231735
105.08299718789716,0.10265956298468727
107.87193058656953,0.0922002192638688
108.3843080667097,0.0910756872227227
108.73783634170007,0.09300186844783229
115.92917753832648,0.08208562755437858
110.22072978207152,0.08938816892917865
108.69931749057123,0.09183891240782183
108.4106884925289,0.09825574016981754
109.8685723642905,0.0880464468288174
109.98566631164464,0.08976725498878049
112.9441507502775,0.09285350651144786
104.53726085492724,0.10358171106693724
108.40774970592038,0.09690167114879751
104.53516590298064,0.09894007924193896
105.06530450881483,0.10131404300171183
106.2528050796616,0.09715862828820405
104.80326747779333,0.09345570553527968
104.11561523355508,0.10058217355193452
108.89440346073283,0.09388180211839242
114.4540998205259,0.08278659737488817
114.63540292288577,0.08380920239199564
110.31150694206087,0.09008815918814723
113.92293489653032,0.08587220381635043
106.22379418695012,0.09696906610644065
118.31637104286122,0.0793953244288519
110.21764242052205,0.08800087454807035
114.67626083177615,0.08961413818699145
103.89742181880762,0.09669275570933555
104.55205946239073,0.09598825311299403
108.9825776195435,0.09118048741532715
102.86937131180633,0.09948234976951202
107.47523358107539,0.09509543625593694
117.50556904395698,0.08329305032861391
112.2994847683763,0.08602450659185204
113.04282715483461,0.08587754211691737
112.01912317322385,0.08522595306213948
111.11928729645808,0.09332394792832513
111.76449924923124,0.09287979207546915
106.91002369177825,0.095946719766884
106.16876544049481,0.1053441184622869
101.62221696575216,0.1066939260927054
100.98188177097116,0.10046601967381555
104.90457957483707,0.10638358601297497
104.73789650951043,0.1045196978077189
104.22494970851096,0.10165272975269654
111.55446610113607,0.08764074144126426
108.57352588015392,0.09153766266910596
109.77251420568533,0.08952928331881832
103.6509470865497,0.09978711526830294
114.93769924313442,0.08443004995887377
104.3861674944862,0.10163749264360324
99.6426676404321,0.10693656595587064
107.41459240886927,0.09523105006509461
110.10073802184091,0.08816532199640333
110.24190307489016,0.08696292633916315
107.90813673368014,0.09132786212602935
104.05339439695527,0.09169058239684119
103.89253269865412,0.09040530006047286
122.95847099986005,0.08065250456224163
109.67775648100967,0.09295464518914738
113.09945774063245,0.0861605449825285
115.01367923618857,0.09049376602544675
112.7428135713955,0.0847524360801465
105.26497862697897,0.09907002368375539
116.34964659453276,0.08737247018121548
109.70009740489493,0.09370668542233071
105.57778145772693,0.09944899237278715
104.18185419225676,0.09966544205662571
103.55271444627667,0.09882362437529706
106.35251607819231,0.09363660548214967
111.4404441612996,0.09394580106246367
109.55790970600584,0.08620178578935357
110.86195773270425,0.08873201377512921
111.73311003355985,0.09004365300632709
111.4376503117077,0.0871997319874249
111.43852439562622,0.09071277276401561
105.44621760743115,0.09933666651955579
107.35689526062802,0.10079004260366876
106.19302840176859,0.09859708880669306
104.98830178406968,0.10037698513263184
104.85777483873517,0.09841644765699234
110.94741103251809,0.08724076642651274
108.31284422217134,0.09469775669077249
103.20090399484053,0.1021487666436271
104.98788446064694,0.10160340832606134
106.21880959027071,0.09552405250531167
107.1320212614846,0.09842128865114279
105.05435140881595,0.09573386215013126
119.96006430472691,0.07935810096532511
118.104152462832,0.08329317699419476
103.51963708235903,0.09912156480613671
105.85924103432455,0.09883132198453556
113.21030857498121,0.08549698177765952
114.66554099608013,0.08754173703553836
111.22129321951105,0.08452092988325864
100.18262875556256,0.10572439575955343
107.24952710295706,0.09001010717741757
108.38273414010769,0.08878392326693789
107.72508365171474,0.09430290463752346
118.1937553435469,0.0809962809724019
113.08062518852012,0.09061198530227761
106.2960894733183,0.09716517765499405
106.08238545216791,0.10018599607851804
110.3846107448604,0.09170128805144391
114.69494106513254,0.08796423024919081
113.03694920248795,0.08287203462135642
113.57519237367273,0.08508944544673161
115.24106637195631,0.08355835970359558
115.04063003032016,0.08558913553807478
110.04246697223557,0.08115295638728763
108.58364814070345,0.08798418066558993
112.13809750772073,0.09088211391946269
114.0797275810052,0.08863530827655888
122.44665165948638,0.08215993340862347
111.14353879719893,0.09008034499559284
110.56928987772483,0.09154428990100108
111.31201287736388,0.0885443261967392
109.59448946229365,0.08949981963895401
120.11018966166829,0.07760382904783868
107.4837134051707,0.09310704233353057
106.85736301472835,0.09392679265217432
103.63162245170982,0.10141121231600614
110.47054151296011,0.09313727280874522
112.81987448100422,0.08755356877702587
116.89314203382538,0.08528159739516271
109.65724164078117,0.09045686308560266
105.1890320027913,0.10382461048164689
103.9833718528009,0.10313889652486073
111.54547181169183,0.09112726247128623
111.38863257711768,0.08800475661022454
109.34599511225794,0.09446476839658385
116.14883194447395,0.08113820555390457
109.81049190405597,0.09558463009570842
110.40206029674667,0.09041863839714745
107.64779934386436,0.09434801938616767
106.23911732327504,0.09827438709858094
108.88877320906667,0.09741130338322446
109.76979216723065,0.08803879917241604
111.71724236336574,0.08648224191492764
104.19650170512745,0.10087118071100654
114.8563199090447,0.08585721244582149
115.90952642556651,0.08420857416993224
114.6423710628461,0.08349334705368869
108.15206907025411,0.0972076604378621
108.62101226913771,0.10058855170443376
107.25306181315186,0.09649926192887309
101.55271632544726,0.10767201327214801
116.44988354208719,0.08582702769115394
112.5214619152183,0.0873710980451912
114.55130112327853,0.08305306908034689
106.51724825667792,0.09624925134752921
107.04444676676164,0.09737070001329766
104.9741210945291,0.09887007487470835
106.03159604679891,0.09832701171141954
111.3910148532167,0.08895057819744948
111.31758690821296,0.09362448333160979
112.89842975897885,0.08809152120996926
108.54176947838769,0.09425109181997682
108.08595008871382,0.08783160203427143
107.95293107734884,0.0978502671559892
108.10116432868395,0.09333112343145747
110.75571030008314,0.09217933417324414
104.8641698824054,0.10197127896312655
115.68005250722446,0.08770657899760849
104.84381400904586,0.09866975890059906
102.87533763999122,0.09813940365793299
105.19919130186128,0.09744425640725639
106.75638960066968,0.09647398227208112
112.89765613673015,0.08559184652694171
111.45187676742768,0.08663232622861065
107.68772731371492,0.089678971383676
108.92242290110812,0.09250822324442605
114.72372158486343,0.09283629738901365
111.01905763910874,0.08959843564795884
108.87956151528267,0.08983422310267092
107.12165427885054,0.08770291680687199
110.01928565629044,0.09100004064338167
107.42324285795485,0.09683132018935779
109.85585820684493,0.0945144590937908
109.14584087076886,0.0925099875301097
107.66027776513143,0.09612920840062279
106.54153138678831,0.09663308248020225
110.815106057525,0.08965828685785682
110.42115318935005,0.08887578898543282
110.10279647868288,0.09323293761687675
111.3868449442263,0.0925578753018371
108.75273019452052,0.09262937623615274
105.61059895988123,0.0937914962396205
114.67626790017091,0.08461630026454894
110.34657274354672,0.09125160675568854
106.24652663864336,0.09798720732394517
107.95067822728122,0.09916354394149511
108.57190110533847,0.09112664126868208
111.21221045951398,0.0937750019737862
109.33978323588684,0.08918031021996942
105.8085451784701,0.09494102525883603
110.62115788890216,0.08595878248316718
112.43607462624473,0.08956016578736342
113.63965317417909,0.08587169143231321
101.05785955860767,0.10166527640971451
104.48696824777372,0.10217275323413402
104.73326288315191,0.10110814290490858
108.58820839574209,0.09028666729376081
104.40128655398298,0.09869513213209066
104.62948362261604,0.10193740768112104
104.59595692172488,0.10156104361027021
100.95749895843828,0.10015301181374617
104.66522969845079,0.10130532100931133
105.32213043654544,0.09629939952436918
111.63760023052036,0.09297048435646389
109.29297995700996,0.09191988254550905
111.56248923539765,0.09542254072949657
110.24321238533038,0.09211390678397034
109.38592950547873,0.09110792670153142
107.72412654596351,0.09311717527037758
113.94563539055959,0.08630951100908933
101.02097650755185,0.1050338661568933
101.00035387149263,0.10973771838982063
110.51567767925323,0.09554019124230032
106.93748648972726,0.09601326446289805
105.56588742507905,0.09869552469723185
105.83096389654878,0.09390685022659365
110.49014226007131,0.09533804624983876
109.25936241124892,0.08977239074705247
108.72550578954328,0.09023542382584533
109.23637547692215,0.09503742884551464
116.66911342493985,0.08213754391698208
112.30364595246186,0.09030717293189118
110.14371680624242,0.09583817804520768
102.41623542732643,0.09660273738804272
103.68876887024518,0.0957705855411748
104.89300215230254,0.10059203492334312
105.35225552321731,0.09595862648132031
107.48508088988042,0.0959741723170461
109.80280502015798,0.09303410137451114
112.28221468104368,0.09000817908629462
109.15666725837468,0.08895469259889133
110.75705492327874,0.09205440397698832
111.50283639770095,0.09034707189640431
108.10908292716846,0.09352160811788338
103.76620863558658,0.10444524771571377
110.75693135366197,0.08983146983914586
117.07513463894014,0.08103290541968267
113.00801408593799,0.08751988272507392
109.89708397930403,0.09236529116123203
118.07327278776059,0.08233039362959699
115.44514671743231,0.08046208521861693
116.57489871967944,0.08433872741846161
115.73532278244956,0.08616012606613295
112.86149543094045,0.09296565025963131
110.72796622682972,0.09746523440169579
113.69908785976469,0.0873957141968604
111.21789091220789,0.08889932355359492
114.82772531195813,0.0858561307125032
112.41162918272808,0.08752935766513115
112.7697727514942,0.09047324529690602
105.32244439447928,0.09790402227322044
105.14812021626034,0.10102358792210728
104.9293425751678,0.10104476840779864
106.95823813236714,0.0975811111918506
103.16669801822663,0.10501615573042544
117.90769898657531,0.08249045691851827
118.45872973088525,0.08024159437290443
120.70681970185706,0.08011073845499302
119.46449575306626,0.07972225299119634
117.6852277434257,0.0836992104121979
111.5947511246297,0.08321855344404219
119.74875774539547,0.07621101472171278
120.8694445620481,0.0785082494333812
118.72125414208965,0.07966334518430651
116.53879142012303,0.07543185753447214
104.87675419257042,0.10085126603098267
104.84778301105662,0.10276709903771925
103.27035797556506,0.10015671642898563
103.93292958118923,0.10006167331523988
107.97881304178081,0.09337305723334856
107.61999935510757,0.0933471945702668
107.89760032533275,0.09567058111562797
106.25518063421805,0.09924834196696539
109.48107804754059,0.09767272939453203
109.12356820196642,0.09783681510925636
109.43114529353264,0.0980861519308539
108.91847359791798,0.09771505042269409
109.51214753137151,0.08880353027510508
107.54882584388568,0.08635780592185235
109.53837689349108,0.09060150316864071
120.95372701657175,0.07719574576985046
110.3860246804123,0.08930375209848758
107.48028105545329,0.09669872539747942
110.87688865531874,0.09094442474070359
107.28907033100401,0.09445502946827672
105.62271867989931,0.09581646721247629
113.32040005385484,0.08845954126793545
111.7959397174046,0.08100131865027242
109.21528495992075,0.09559506542896767
109.81626965273092,0.09488738100442422
103.31834342966627,0.10600348643078075
108.87207094600942,0.10156470856258795
101.61055158350715,0.09936415093395463
107.23371884495246,0.10255189079423112
104.0336831701566,0.09884030146678367
105.59964742774284,0.09270225512678147
106.91889141417104,0.09754245411817912
110.84253765459901,0.09248785404247484
111.5451350630118,0.09322600304268158
111.46719537296391,0.08443408928563371
114.94935128746066,0.08195509214210057
120.22940055197058,0.08119565186678622
119.29319153599867,0.08182914619148945
112.33753319355958,0.08422872070407642
116.01863009865359,0.083726782082424
102.34583415692487,0.10056538069878378
100.22453249795927,0.10438693598119272
101.97082773067757,0.101314044727303
107.97427378540863,0.10325069249840192
114.14169384990493,0.08620528830784868
114.38982618373224,0.0838795185317353
114.75345488827185,0.08779559825875959
106.5219249011718,0.09926875891484951
108.23457781083623,0.09539405667321357
108.44713951560347,0.0982741879791504
104.28860374235886,0.10193438733896111
104.82437035235246,0.0988388599500866
104.61666376737698,0.10051466814888886
103.79460706560778,0.09803662008940739
112.8629943014215,0.09031629221259854
112.02452836120848,0.09154915007088987
109.55173320685817,0.0929761455545693
111.21008385629524,0.0901569651449109
110.58267955117,0.08891011625690752
112.43494575797732,0.0894319761863004
110.40460220391633,0.09065766714652322
111.80249306330457,0.0925548475270384
110.91069290407316,0.09065937437749085
110.38734030831054,0.0939866110051568
101.71399799750836,0.10409317621219336
102.30915882292105,0.10633320673040306
104.20517393401788,0.10358516062157973
107.34657026357459,0.09483600413607922
105.33033182764179,0.10247547548835849
108.49572570601605,0.09782946552216393
113.3061071932934,0.08670625956253904
107.14443560890285,0.09308497952530614
107.24364342692242,0.09555609793719054
107.2025397020172,0.09345865419721193
107.50516785452761,0.0972922381097517
107.7719849690986,0.09467526045185823
106.95495492371597,0.09697845706428428
108.03547552910041,0.09875194513699892
106.72212330736647,0.09923678139860297
107.16639415621974,0.0970500134873542
107.18262796173599,0.08935081892680535
106.35047975876546,0.09642439682754662
105.75213016042308,0.10409538350574545
105.63897941797805,0.10311632637128174
112.90847758759018,0.08699325453056628
113.05958371371938,0.08486543019051479
113.69334117212257,0.08211100470407415
113.28761323217981,0.08538828443667512
109.84361746745543,0.0934609685081849
110.755119728504,0.08750498735921497
110.80023709667843,0.09268732647153281
106.29752334145232,0.09738903916659192
111.07283531795001,0.08504635967209473
110.91246943865883,0.08574419143987293
108.22277491226279,0.09470559024173382
108.60758717062797,0.09362133610399043
109.09720071033318,0.09344761608876317
110.58023793518504,0.09175087969445367
110.83364141702685,0.09056723910077064
112.57700858305755,0.08877244880566437
110.55294459631182,0.09060739458985961
108.9856996566758,0.09446784861982381
108.88605266162526,0.09029174358490206
107.28815359239816,0.10085663907238561
106.33557052919923,0.0998565018044066
102.77015036666859,0.10209797410941741
111.55323918078344,0.09132362650388863
111.52977833965812,0.08885263564072213
109.18335741069657,0.09236429521713857
109.46468865537308,0.09441334280026714
109.2094095881513,0.09377519317940058
109.20140446218493,0.09450745536581812
111.1270596987251,0.0894652349914296
107.00062769530003,0.09722319944030891
106.52521867069103,0.0967453646059234
108.79815190850714,0.09356195281512879
109.40183538835433,0.0940204736916436
106.69407421486329,0.0997660468293842
103.82415937325304,0.09573111380932522
109.78468094477259,0.09082412111663643
108.88740479571146,0.09107207056935648
111.505900756651,0.0913366697812936
109.371762258991,0.09052621400073371
115.15848176407455,0.08407391004031334
112.88455435639912,0.08021181798219675
114.01495384658945,0.0828450056047293
112.98791619348671,0.08242296429449279
117.6097346657734,0.08334096946836286
107.57606103341837,0.09409985091692007
106.66282444585535,0.09364911878359629
107.39386444371195,0.0938320904683116
105.58937394135643,0.10056362194756463
111.33854174700768,0.09068321782175802
112.94998675206418,0.08238046968454527
115.24381698289827,0.08279642903759431
113.78014985132641,0.08915920968577054
120.62085075719851,0.07903472721831131
113.77511500088453,0.08179886115819511
115.05704231848688,0.08691979211511631
112.91186459434884,0.0853312501645103
111.25328243129881,0.09009412473650813
105.86115720467357,0.10110587648712127
106.39406446100065,0.0977563441156336
109.35267594885316,0.09231988058138886
108.10426673370416,0.09661552142205213
110.87335987605361,0.08836430841629629
116.15232653675028,0.08560313666904164
107.83788167745251,0.09517691568533503
106.3437563427995,0.09423018604323785
109.97129917741805,0.09000531099658876
105.24335493858494,0.0961785732329871
121.43427133055457,0.07606038547976056
121.83175386357334,0.07930128782876075
104.43707013584671,0.10536224985114813
107.0840949310976,0.09302432481991725
109.36720426855005,0.09170766978637929
109.17712535229357,0.09485167243802237
111.1617223646741,0.08719866984655777
119.57298590965506,0.07981235097612864
98.15601986847014,0.1145666921573953
112.17838041564866,0.08986439016741848
110.71654794109493,0.09133927091639613
105.1823495945384,0.09417133204867945
105.71349802791663,0.09399551085690233
109.84308957933698,0.09085766672804874
109.1142041546526,0.09716898896788333
110.59421966927643,0.09389897284768943
104.25942151345495,0.10185312779739902
108.33942700879606,0.09451814561403213
110.13118951571794,0.10209373120272758
103.88511906497911,0.10381855107132505
107.95340053817749,0.09365199459636596
109.52534900027024,0.09295000509814515
107.18498992277885,0.09591977135189154
101.7409480826831,0.1163299338187915
101.93189874384505,0.1163587018054423
117.79778120730585,0.07932031887388089
116.87423923296345,0.07787014080687278
108.51610915949178,0.09667151859881198
102.6753224710393,0.09996632690591147
107.31857416520869,0.09890527880153908
107.20444561308399,0.09506395145960995
107.2866547829616,0.09495420194499243
109.29861698663093,0.09537158065195944
108.08928042013471,0.09513411377562868
109.98816630170283,0.09406393167871896
112.38906956790487,0.08985023725815575
112.31498411648944,0.09018827242806804
109.71904274621065,0.09181538606417794
116.18460056112127,0.08652386004661153
118.086481580902,0.08333199072412643
117.75150699105095,0.08473308960509614
107.39370515083522,0.09709130532736195
110.55585398992065,0.09240387615213537
107.43625355379912,0.08957362913814892
112.78482082132199,0.0904138704949098
106.28818806938234,0.09708873254630554
105.46256096507122,0.09472602575900473
108.82004311341669,0.09043379872895652
110.23159750494769,0.08786457037515495
108.23368650581736,0.09554749679025278
109.74153038698702,0.09829859405105272
108.15409140308874,0.08881219544105023
109.71359094983654,0.08966359023032587
101.63242489367873,0.1078026278902568
104.36038606393276,0.10090104408919089
104.8138779593689,0.11086651751880347
104.00678115235867,0.10820900177678613
109.4381863060907,0.09517835787889607
110.36231075375402,0.09644210790755407
114.78600579946863,0.08873660431644387
110.16764099074199,0.09113727048416646
104.99815864583744,0.09988022287386285
109.21176434086156,0.10243985553466926
112.07126202815348,0.08642736610331654
112.19532776475641,0.08703842152600796
114.48254733598652,0.08322374943416319
109.32983336730058,0.09596733485702746
109.08966004597453,0.09546756379707143
107.46822158480173,0.09279368312152889
107.30298161406132,0.0951818541965749
114.40637134212166,0.08120450956144731
111.26674393310792,0.09374604991085321
109.88702524527693,0.09176676285867859
100.86733013121564,0.10855013683775114
107.66662576228609,0.09389373712580915
115.31207297684554,0.07949527464756333
121.64779413907165,0.0801250480793224
102.26132140218485,0.10333542339693724
115.44973080349423,0.08609094669986012
100.44151305314531,0.10829540094174198
103.07838770238043,0.10670188934699476
99.44079475106373,0.10856611816024389
102.56889646906048,0.10168295256713246
109.85445513485557,0.09009671713763978
114.32102101462915,0.08372136458554891
115.33051742559998,0.08380111827936404
110.930175678571,0.09017456569974713
109.01103688594367,0.09587192216690928
107.85393225892443,0.09298608718109001
108.49507819168026,0.09687170847505712
106.02584413973491,0.09137983106400291
115.51706642061279,0.08379078260989922
109.48974447225616,0.09089470274030194
105.84471778472043,0.09966887439859719
108.30404356332294,0.0887625681790172
110.64456489531011,0.09388389444512149
111.38864332147118,0.09047591990997875
111.64499399396227,0.09139091863490216
110.69250800567053,0.08868923093366614
109.53540495405963,0.0929377302704403
107.73977778475303,0.09263635916252531
113.89583694402498,0.08722042156459255
111.62374298404944,0.08972181960102768
112.18154353951488,0.08955328929683921
109.36026119220139,0.08916289594468291
108.8276821115811,0.09532031525336243
109.93838305747002,0.09395346609209927
111.71236671839902,0.08824559461333807
112.82811915250414,0.09228186378829807
112.77540202726132,0.0868028263617582
112.69994386699173,0.09168852957630964
110.51929176663876,0.09086920281089331
107.41413156413799,0.09888483164569879
107.212878725736,0.09588585384845764
106.58330992411345,0.09801452932908636
108.52744411158896,0.09179104958627918
106.59867374756575,0.10138254200618234
116.53814898522201,0.07748532366442462
117.27003749343801,0.08053698157326775
113.54599225433049,0.08312528090403501
115.51200178020875,0.08213433860274871
117.28490723481374,0.08104632855602321
112.33242463176369,0.08778052099075569
109.49213571592843,0.08767029122716183
115.72652089681706,0.08761085517130614
102.57055887467584,0.1018042316697597
112.92421891314208,0.08900209297882167
113.9408482472543,0.09045270925239311
112.21260693987605,0.08923427145494586
111.4573449992703,0.09003967909183912
112.19637430149065,0.09207649250802498
107.12167574578149,0.09050786844880167
110.40874877952147,0.09066443045206003
113.91838933278046,0.08397061655271587
111.02432559038351,0.09096828563659295
106.77863636056249,0.09745573344365388
109.65034617479839,0.08925642305251769
108.21890095412375,0.09239443360775748
111.00533320212436,0.09409073124562457
107.22148864706324,0.0912004322414349
107.37661729991541,0.09799868748630448
107.19303661730213,0.09667516297647309
104.22734634640575,0.10191295483432339
105.41705018550212,0.09835959984142598
105.93840845967125,0.10014062425682971
107.88702090218007,0.09678207364964952
103.6389182746005,0.10211409995475511
108.80639404215366,0.09580201694940715
111.96728759553861,0.08816331876755078
110.11021378772416,0.09144557858565396
109.03299666123888,0.09177817492238913
109.79608555225906,0.0928009268728019
112.31079468793274,0.09043771925165302
111.83657563798022,0.08720676063444478
108.08949795002512,0.09672826652455255
107.87645271518699,0.09730218782127635
108.12971778259313,0.09551708229635822
118.40480293668855,0.07942556884280788
112.29461866006677,0.08738332413688513
112.36428216092062,0.08392012967515194
111.38417116949631,0.08808143307709373
106.11640650796129,0.09672118061932598
110.50865919582398,0.09727807146386679
108.9753483425886,0.09628650630056965
102.54413622611875,0.10329813808899686
108.90254983209385,0.10030035399899347
118.06657629136589,0.08593639492546791
112.81739200752635,0.08097181958888215
113.16847827219543,0.08113140079328518
105.54846023370096,0.0902752979866878
106.19413296540237,0.09305830145740134
111.34938670889497,0.09084267932316333
122.44030343627254,0.0721666173294128
122.11618000241734,0.07639244924278205
116.96219602044009,0.07845373119589233
115.67942085413327,0.0821728657824207
114.24206167473335,0.07940335739578869
117.72688737668369,0.07611359294903726
107.04709602810456,0.09319289654701017
105.6918585931455,0.10335654949378943
103.49357495684099,0.09933782252988506
107.30939817384053,0.09880414697286843
114.89053652586553,0.0853206421123003
107.11353761926338,0.09563529231141703
104.26609937347926,0.09952455855029647
114.3442044565819,0.08966969368503487
105.73472800538504,0.1005070322777538
104.58457697862059,0.09547744307365279
103.66313776597045,0.09422786580141769
106.92917514767116,0.09852717899296042
118.86452741569201,0.08276318547876249
102.52601139650038,0.09910102937190786
110.54485617068845,0.09090606244828768
108.53138770341616,0.09485361014875704
108.4602898986771,0.09382448568252191
113.91364698304847,0.08457424040995418
114.4062521739171,0.08741743176416474
108.384884492076,0.09380039692550438
109.30733505332053,0.09337717406397793
116.40383726602896,0.08536192587051017
116.552990653841,0.08165622789322032
106.02725297638185,0.09805919107488688
112.66546260895007,0.09127425801200101
111.19765283462652,0.09104312331334462
105.12203391840934,0.09397327673612432
105.0913767085312,0.09221635860712274
106.85453685918343,0.09354262172332543
123.68617937345282,0.07645637375830427
102.85011757491705,0.09913429019584144
105.13269020830155,0.0947742015450481
106.24631181717268,0.09949019662274783
106.17754670038028,0.0958952185775557
106.15739827585082,0.09928636883813424
109.1531171175974,0.09462467738316147
105.74815423312633,0.10149972550680318
108.49146150774526,0.09224153951970436
111.85968687037297,0.08867876014639339
110.000509694401,0.0909597538199307
112.65109408486003,0.08892760808382721
108.35470552632242,0.09276311261177651
108.46412210415039,0.09553389951947071
107.01401990651007,0.09591655464312547
109.90442388973571,0.09295697233433528
106.13437158448652,0.09767958755017939
107.63189251903968,0.0976372422141758
106.75801584073241,0.09777867266762807
113.09488378727791,0.08420378076537763
113.23379709819176,0.08870259511025831
116.95536766085057,0.08162435011859165
108.24718494281271,0.0925078116137209
108.30388279555632,0.09199767799885962
104.74920058521839,0.09498637321270624
111.73292999709047,0.08758298490422721
105.36577178927625,0.0997661033678485
108.24079226459259,0.08728702308768532
106.91044066584203,0.09495526002492938
105.32845384775268,0.09392667318843077
111.71028915500749,0.09212843355120144
113.43102703779682,0.08765883385739845
115.31646378961003,0.08661170852050894
106.0880694452417,0.09772076953034094
110.1645392480992,0.0917271317300447
110.00650201962578,0.09505120093748683
108.99577641245098,0.09462318747108929
109.10617704293394,0.09184406971040641
106.05609723138487,0.09472002285446125
108.99685456775966,0.09691792865313184
104.58632805959274,0.09754327005881454
118.60419926873095,0.08228821065185711
117.74108308451574,0.0811952662668057
115.86718883978169,0.08018164138659031
105.30016186675401,0.0927497845054996
113.85262188676586,0.08790534383199185
110.26214102263673,0.08593176842150128
108.44760745749761,0.08780654098931667
111.33104629759161,0.08982110223108469
109.19534752306377,0.09535653823505268
115.59328330052428,0.08422243646152437
109.15090821611074,0.09206678022950339
110.70410888043527,0.08501368265046377
119.33509712572857,0.07521810082577404
122.49113983178303,0.07539638690718634
115.38566466760516,0.08283513909585292
111.47721715650275,0.08073596960510743
112.94834071933481,0.08366599984617323
109.95117790333614,0.09026241375697995
111.79936240388953,0.08915457057065401
111.4820166918251,0.0915240613588042
111.54039203932838,0.09330905705800831
110.70147148647766,0.09072861871690216
110.32111478404047,0.08986233469158936
107.02006715970546,0.09474667018352904
108.68366616408413,0.09590621988154098
111.31835462025725,0.08638293280739806
115.81241341174439,0.08249641519805191
112.72806063756207,0.08268006750057919
113.37912159393915,0.08717328298921796
112.77655253526305,0.09020872621119211
106.64622934901614,0.09378513237305608
108.92992951293712,0.09591161908808385
104.41806892891988,0.09875161215349686
114.48819206459798,0.0851880683267536
111.13482038934742,0.08709938500734085
110.78460451617677,0.09188341198344246
103.45856527556613,0.09991321012386851
106.10206205055444,0.09497781474822496
108.45381017386025,0.0953106187077237
108.55604046525288,0.0935813934817681
110.36223701970037,0.09496032986017093
103.76496060142892,0.09867420432965422
108.74136317533227,0.09393607083814426
103.55928179356356,0.1008402333841186
112.64972277701249,0.0919952413159332
111.58889985159584,0.08986372882032723
108.4891327277966,0.09157511338445572
106.17763562827444,0.09771199229244781
105.85497578135885,0.09866148418894786
105.58773735016581,0.10026269684579461
108.97104265892924,0.09315859209836924
108.83783858732265,0.09391936140627202
109.7310303220195,0.0922174126853861
110.01118937707193,0.0901278979286513
108.76217564741674,0.08966973466090926
107.86205334094164,0.0938241432627928
106.19621404674241,0.09195515079773892
110.67218989568076,0.09036082420582782
110.28035775668602,0.08694364663315048
109.35536510149524,0.09766294676391366
108.73254911748407,0.08901321181968364
110.63988755005971,0.08832037060452816
114.02020762755038,0.0807664584112606
114.9049644192635,0.08314800059032669
116.18183823669412,0.08358208723156617
105.77143876924991,0.09731168715382789
110.57813190782556,0.09068127982669458
108.95410123964092,0.09412868584566639
108.18199835969936,0.0932088678375841
107.8469735072377,0.09246711282017678
111.56476651052164,0.08905939951688219
112.92004475317069,0.08362283465565254
107.16478333682832,0.0964562755848496
108.39380714030844,0.09745964024028288
104.98552678779377,0.0949242580900531
106.42635571644556,0.09682116425799105
107.58694738805264,0.10220623832212966
110.63365514451338,0.09018855349961336
112.37711341775965,0.08520921546594634
114.73125123147317,0.08468557718451576
113.64601848145037,0.08750721555714826
112.37380621817542,0.08393595021813417
103.37749585469976,0.10816679102371293
110.6929618324179,0.09087535890268722
106.78722583440563,0.09724502581116891
106.88170443497326,0.09217720422292357
110.73123823630354,0.08603544916259898
110.09017962027075,0.08954442244302181
110.1012652353835,0.08654501090985543
106.55718831475968,0.09877868248797897
108.99886994445258,0.09485663368322846
108.82753933901132,0.0974666998992058
103.97999473964371,0.10557580732789389
105.79706566818831,0.09629050193815775
109.14545929395683,0.09503561247107914
108.9212249567072,0.09608094454476053
106.21010117651933,0.10150397634301664
104.82479335781774,0.0996606052920361
114.11496089778821,0.0863224782005256
108.35963261675235,0.09581435144960201
112.86902689871278,0.08514732112889366
105.2699179926046,0.10152156825078616
108.61798027443534,0.09528917925750154
108.00539160310433,0.0950620505298412
105.74616230347522,0.09683383015622601
113.08834801086151,0.08601714271095817
114.89023534761893,0.0846085708145481
113.93351925877698,0.08387216575258663
106.19975249996631,0.09681827265653238
118.41203228865584,0.08062529512830807
116.8675931706635,0.08643377093091195
109.39693430143406,0.09218584439313958
112.87813475957824,0.08895347524006322
111.18466906467441,0.08761909983228014
109.09494890412383,0.09221760710332404
108.17206696222703,0.09374358147133989
110.89334039584607,0.09128364814278692
112.34807796000429,0.08704994657028822
111.58511719398692,0.09091376482331474
110.97053062028664,0.0900771181363793
113.35963411101136,0.08665499613334979
113.51490104110312,0.07965703992084906
105.19122941764654,0.09181568106543195
107.61853305653436,0.09639802178322933
114.89724781745518,0.08231999158788764
108.66420111121215,0.09554860337887876
107.90736841512206,0.09210292903899898
106.1840310417604,0.09260426445777789
109.0418979012004,0.09689545718436646
105.7702625682067,0.10031955488259274
108.63736707566827,0.08838045368065438
104.04893979480323,0.10081854075942256
107.8081877671931,0.09863271725196784
106.13347238503422,0.09613206555868868
107.4733797726713,0.10180841292551458
105.43917841694356,0.09993689582508676
103.75482117779316,0.09960354058292607
100.97594197942149,0.11199265134575426
104.9352925871498,0.09502260269967525
104.4219225177223,0.09851638885495062
110.971670406769,0.09558915983028475
107.7856607680255,0.09022021765622536
112.62154402145649,0.08934063896810525
112.20242570113986,0.08734798011763782
112.82729298923182,0.08729306905333087
107.6036625535257,0.09778575920752539
102.80248301766247,0.09800108482819504
106.73393688512772,0.10212074631836976
106.73393688512772,0.10212074631836976
116.04068229054002,0.08483625966640944
119.43969290605264,0.08458235727271488
111.23125867200746,0.0883165948075684
113.78930218390647,0.08455866052714311
110.31517452291197,0.08941091449361084
110.03450038320679,0.08712504712982154
106.88556696196561,0.09509200721831121
111.06790036023303,0.09103793504499652
111.29426759220239,0.09177368336489711
108.83610465247038,0.09102691967133808
107.15263065771475,0.09768243994156715
110.19332508747152,0.09238400209326995
105.942776082336,0.0947806070032626
111.09993421124675,0.08531901886968861
117.97904779375973,0.07469292646284921
113.07963630181412,0.08274099537779789
118.42611961393843,0.08395820779483963
112.67741868660744,0.07966145538479331
110.63046914387327,0.09783019809338223
111.68320265522294,0.09133182647535404
108.62358452943535,0.09132883764018056
113.4554276236823,0.08905612853236566
103.79926159701733,0.09654549640326315
115.10712699487915,0.08790969017360413
115.39611441980085,0.08673084652733004
109.67894083306722,0.09184041529203966
109.81874501665652,0.09343158422139604
108.70589721374166,0.09277540942769401
108.3516645678996,0.09467148000686326
110.30582968817481,0.0894562155881087
108.17291192225943,0.09130050603572659
111.64385636594362,0.09197731880260689
112.29646327729394,0.08837951216254404
109.23128687080077,0.09395475338112098
106.94676020983036,0.0980587426573821
106.55646419684281,0.09603970000259293
111.92417885218096,0.08612370120867226
111.26406642230349,0.08575432274927218
117.04522969120978,0.08114427808456241
116.82737412821207,0.08281904331347789
110.10603871178121,0.08736485333605261
117.75808301525826,0.08065436061657742
111.22713770632662,0.08895586144278887
100.87444601786528,0.10651984509850025
105.60503792636239,0.1026259905656268
108.1682815082051,0.09217637217002829
110.86870377150643,0.08925327495487859
111.54595163615777,0.08840284487655056
111.09904925477623,0.08864108551152727
103.9079091691154,0.10025900544289366
106.56447428715973,0.09569670564141029
105.45924131132648,0.09607550393517202
108.13758705772395,0.09873172575057658
111.51086951854822,0.09413509810382022
110.49592223908797,0.09017654403275333
109.01330564116468,0.09245088642050117
110.25263779568265,0.08351763368021342
110.89362333727043,0.08409804281766095
103.56819263398276,0.10294441668406899
107.67815498179066,0.0966951877110817
104.33564234164037,0.09886402723293349
107.4900250761749,0.09288367300856074
105.70881600022892,0.09449823391498072
104.54534104701945,0.10762235696075052
102.70822573036368,0.10766141741634785
106.86007052050127,0.09438142313269376
108.07228786446757,0.09428582399601777
105.85042575314914,0.10377918275955347
116.61463885340731,0.08294058931118617
116.4978718464119,0.07909469845073776
109.60816593837488,0.09200181737545174
108.4640056008936,0.09351426309794773
109.32048619924623,0.09352651528131352
109.13687325663253,0.09222692906197462
115.62238966622057,0.08689267853555739
107.22189397094066,0.09008703217613695
115.62052751701306,0.08531549634246181
113.84114349131202,0.0815907475351307
120.51383528403089,0.07735369712586034
115.92053099388025,0.08653634272792274
117.12184653675033,0.08120462549110966
107.3460129645463,0.09035676795107196
106.45694164146786,0.09277748832202286
114.35327945318726,0.08059839498848538
111.87079088438874,0.08282990715575671
109.80153534997991,0.08496490388471249
112.23500756491006,0.08732965891177188
112.17295983704199,0.09242945780375493
104.47683155979507,0.09962962186009146
116.87919093000407,0.08347404963435016
116.1878022940479,0.08289741110705441
110.02716978960491,0.09029856244299454
107.17816150402687,0.09992348934911424
105.28953197376748,0.09801611212630978
108.8967005123096,0.0886470998902382
113.37188961772335,0.08323690268148264
115.6238808396379,0.08645708436390385
116.1187504976396,0.08543084951574653
114.0343655314999,0.07977174955684549
116.88894449031092,0.08526331610454577
113.52515422119862,0.08916833353251225
116.37150176036735,0.08421529245284837
107.1370262674789,0.09686722967320142
104.66245831068318,0.09913764356452513
106.16565728913899,0.0976485869129588
113.93717112570322,0.08776951909824166
112.40212688921736,0.08452373634491543
106.34055125847703,0.0963584026364739
104.2887072709801,0.1030053650519053
117.01811467328277,0.07646527785414092
116.31273833216648,0.07724019260230182
107.68697819912818,0.09721016993980702
111.42547543318551,0.0881893734064418
102.95800959712149,0.10404321824829524
109.34697885825635,0.09325756328584194
110.30156014220907,0.09480700943960457
109.02398580657923,0.09665213811229781
108.32659587056371,0.09682128262915929
105.2878941027376,0.09605768573470194
106.3438111891732,0.09537536845483972
110.42570033612554,0.08734949483081171
113.52307764525877,0.09010409406932912
112.22641024146165,0.08738366348362725
107.34703780011438,0.09537926559465558
108.00659301318137,0.09959712230289518
105.04553850978849,0.09865474680768765
113.08742417856007,0.08769754159528571
105.39673636372746,0.0978788025997293
115.36383506950163,0.08952436364778564
112.78401304033216,0.08740834976516623
116.30001544061221,0.08481441088970494
116.19638473768748,0.08328585934345649
114.80640095026087,0.0821371040806136
115.22500916581208,0.08758294478209745
116.64371343187806,0.0874280134727071
114.40385764681147,0.0850987758823441
115.34774551350507,0.0825656587646091
111.14286578565988,0.09626003916761156
111.11787775878145,0.0964322844414017
109.43088437907295,0.09877763787821321
107.67999783802597,0.08823192849902448
109.43550868859508,0.0961926132798508
108.66413772769279,0.09249618737466969
109.61944910419248,0.09138570604770918
107.09525223000914,0.0990575179913237
105.53548501539103,0.09655279523078245
106.69814267348004,0.09708614095987424
112.14460275960664,0.08741700424773838
105.38629014741895,0.09865542896777021
101.68485036637723,0.1097173963333217
107.53715722866349,0.09853931339457087
112.44713756902529,0.08289615132031815
111.32343077441891,0.09018921277963637
114.2712806082774,0.0858997921623686
101.19473861168792,0.1080521357913412
115.54620116938902,0.08522649073009361
100.85217480894349,0.10827416781375358
100.67047792873113,0.10857105598763449
104.33277372389772,0.10241792066833455
111.20688720436733,0.08925878774859568
112.17776090917239,0.08847446203730396
113.2794024362219,0.08885204764445319
112.50365421351525,0.0840796509709923
109.50265682338934,0.08951224266120884
109.2220109493809,0.09425248414535253
109.8598042625259,0.09335821673388635
109.43730702451684,0.08613366271493371
102.26446264259334,0.1069107710440487
100.87339377741921,0.10947966773979989
119.31982733921572,0.07427185423132038
120.06006147280516,0.07818751466961327
114.94808443779152,0.0839574120517772
115.99929509461292,0.08410683398187972
112.60016416691461,0.08697683969477932
107.87694409581923,0.0968669326516979
109.54382205617723,0.09394582968872281
111.24626976298688,0.08877314158733407
109.64154747885958,0.0913541034638202
109.19467779242301,0.0908307188236062
104.0069648882639,0.09495770259710644
104.89473683654612,0.10448553139728502
110.09648081418547,0.09293952594050202
117.48475570847245,0.08405520197951143
107.21996236188461,0.09392823811916845
113.83131864267196,0.08940519305256348
109.78899192919776,0.09426469791141524
110.76477704112926,0.09698457723004941
104.73201109841371,0.10471171976555817
104.86685816871166,0.10633022119127107
104.43781295605807,0.10079749060138816
104.90986430440329,0.10079854230682506
103.88269134112693,0.1018210292061932
103.8784785055496,0.09799700393008388
110.6376648052761,0.09513916801278766
104.21041902814042,0.0992628306904524
106.38606854276712,0.09591821664394178
110.12504706835271,0.09337136564895156
112.77253423615623,0.08598425757255186
113.32882295485692,0.08726100771501402
106.66582568698655,0.0972053412869411
107.46931336071742,0.09561280194122988
116.00549945708208,0.0820708945036465
112.64352042445532,0.08595706917263786
107.62930348811028,0.09211367725248858
108.09067734653168,0.09059672691876419
109.77854431781228,0.09054711834781895
107.48391930457554,0.0986575338425243
103.72777745516801,0.10063756249826356
112.16918944777055,0.08940384166183175
107.94797095855809,0.09618024478767848
107.47820477190263,0.09450879939727148
101.95435668332567,0.10285068269763398
109.79570265526965,0.09482376729654704
109.87051788935374,0.09431281144257389
110.87556033052029,0.09508208766637541
112.47681292641548,0.08669420805188703
114.9645069506736,0.08961343231782905
112.85481431752727,0.0852679479339475
111.90635007438334,0.08670734976364694
111.83641677692731,0.08820690725215424
113.9598842713624,0.08686207165198472
116.38810206332869,0.08363870797518622
114.12132199358024,0.0863782788003914
116.45963134684001,0.08146246957063553
116.94871219192478,0.08218640187874476
110.27779688117477,0.08450818038782433
110.34855827447232,0.08493271975586399
109.92462116663927,0.08927700398198933
105.51929664350834,0.09648337373732482
104.84462901278424,0.10034762627725825
108.7550318045231,0.09703921430806531
109.04727806902432,0.09468280476149477
108.21178320138104,0.09101443254141187
109.53991219385647,0.09019849839468749
111.53272920129041,0.09264119973295644
112.20961474156081,0.08488891331030693
115.5078704931319,0.08703274960918163
112.99020830973807,0.08977377084787098
110.90547940940864,0.08687233291007128
109.67317729791161,0.09123277964831915
109.69014226569932,0.09115465646932543
108.49725695585356,0.08980703172495559
105.3865133132196,0.1032155326425992
106.15489471087825,0.09899662414092839
109.64558204713612,0.09673142080892053
100.43684451190335,0.10961466931157486
101.784601364921,0.11050021956843972
110.31652068603498,0.0885991961185532
108.47949339934836,0.09361829971887997
107.62839655130199,0.09366339438879764
108.92189874411753,0.09191857482344368
110.70287356894657,0.0932906799605924
111.97696217872803,0.09055067289991135
110.87470656094227,0.08928497000524312
109.03862013323099,0.09035097048422498
109.18492469250533,0.09188461756815988
108.84097182598784,0.09201323384863483
109.166933725046,0.09149470067993636
107.25203905906645,0.09734256764683566
110.63658054027776,0.09101533176807387
107.85454060445323,0.09671766275789187
107.39814086468502,0.09635903740344813
111.9001698590425,0.08834322767215017
115.63989765417332,0.08842662736250745
104.68347935939777,0.09546805046237032
115.9268539545001,0.08694194919700794
115.78458242795335,0.08612549266309064
107.72056291640841,0.09775756018390276
106.28305673737617,0.09587293323585226
108.71881233363878,0.0998747676757446
108.61521308292205,0.09962382938667567
106.79539620816917,0.09991661385898436
107.42118056699218,0.09637094877510072
108.46694401067111,0.0951836814117065
108.27234379385348,0.09333644093040985
105.11225969358762,0.09735628242407413
108.06668945325072,0.09700231396777882
105.41864164868342,0.09684464156945197
106.40138571853863,0.09597420245863002
109.43831706097956,0.097267912813335
111.50844375174609,0.08855813872226638
110.56900735995222,0.09172597303251064
111.07244937421308,0.09302446191157401
108.6539110748837,0.0996331817656342
101.10581103384047,0.10343270602177086
105.18915179358811,0.09802181214459423
109.17284223460273,0.09638503054253077
108.07843679102159,0.0912799339635408
112.31087378906254,0.09444584508471866
108.26294665407728,0.09046831367053729
112.94363516526401,0.09181247366558826
113.23812552473322,0.0927466456691231
104.68587154335187,0.10353691601687762
112.93244813644672,0.08397658555605246
114.06109929696234,0.08818847939900426
112.76909520422002,0.08925697770762367
112.9667915864591,0.0917110888208294
109.92845348523821,0.08788195573769207
112.93302082786242,0.09065932068279381
109.17340496967527,0.09180801370266879
114.51186583807542,0.08533489806713364
109.40411604173372,0.08693219411886662
108.78798608186162,0.09844161069854569
112.14698289822731,0.08860789035271478
105.83768295613972,0.10304251328435925
112.9257048363295,0.09095742291005422
102.98809408371281,0.09884352024221332
104.87646748437747,0.09693094928411827
107.692141372664,0.09091911555820778
108.6096772650247,0.0907971575326387
111.36076199330563,0.08925297006848977
105.6999343716769,0.0986554081444962
104.85723911403699,0.10091509836869796
104.06187876144476,0.10748294764009658
103.36258436049911,0.09889547917343243
104.65232384938784,0.10056624119721486
110.39025018058662,0.0907981309836608
111.14741979361807,0.09411163716033692
109.7753398667859,0.09378166925428678
103.80090591737552,0.09892066751364031
106.43490834371833,0.10072997671038038
105.24531490048315,0.10019054643515424
106.10640417838441,0.09406951793357343
106.1368273589708,0.09539982371117835
106.61987990207668,0.09946797777441463
106.33390223523423,0.09931557722073554
107.93133955618039,0.09661906391229336
107.26141892191458,0.0961001978310008
103.4978168709334,0.0980171271576755
108.93919941854685,0.09895992694443559
108.072336131219,0.09978554506887298
107.84815879916495,0.09478719359037933
100.27283962214867,0.10654601703555833
108.32206833345084,0.1007743397923497
108.72455714277463,0.08965312185309605
114.40545916651139,0.08621022431525861
115.45348426683593,0.08245030011499638
115.51457088324861,0.08250178208600477
116.49828924426532,0.08307073608808108
114.57701834659944,0.08682872964185334
113.7065831449377,0.08397720421691726
109.40945243125057,0.0947934296499781
108.66339172616736,0.09333898833899333
111.88897541027109,0.0938398140802328
108.05713429173109,0.09207414510379217
108.07149270956998,0.09236285072142583
111.82953744888034,0.08865148113143001
105.2624626394119,0.10073477642646728
107.81414959073176,0.09406832600200495
104.88835614942906,0.09974635977945054
102.95495291920865,0.10156796681119726
106.19589352465034,0.09719869679476327
108.08268285738097,0.10153048358293297
108.03608868022118,0.08853544284253144
108.58561127486284,0.08929662216835912
111.61517803968488,0.09519253932313997
112.17199528364871,0.08909837573115535
109.62239538443903,0.09104845732127387
111.21712780943558,0.09360346889657131
110.2350752750643,0.09126598118870202
111.34582715138907,0.09019293459001748
107.1930701406105,0.1007017197086228
112.15128196216439,0.08742012007806708
107.15582648834273,0.09228650325319386
107.73025439943812,0.09913324296979802
107.01306896508038,0.09959323939722704
108.5139165664833,0.09588629177751481
112.36513915501712,0.08882165801458135
108.20414396353674,0.09679587881618545
110.57702547004698,0.0892672471189121
110.62030285532279,0.09026247319976165
106.857434994959,0.09137570388268769
105.95267941027306,0.09103592075206184
111.37159203878116,0.08830654615361691
113.14880470990119,0.09046964194744977
113.86940465809205,0.09180290619330723
107.9288410391952,0.09080914510925395
109.56653074140642,0.09181082106503301
109.43481888833067,0.09534135585783711
107.08263483643587,0.09675030918505821
110.18189917460136,0.0893484191515033
105.78309281779843,0.1002392825513384
108.30772160049945,0.0978183675214842
108.33246597307742,0.092477104234563
113.44206005049551,0.08508275608215479
107.25564117020048,0.09621103737473208
105.78081603210491,0.09827239615955262
110.81199626949758,0.09029735953358187
109.08848141771861,0.09499969082727316
116.16633379066117,0.08297010398395549
115.85044274985441,0.08418374110412516
116.79782070440612,0.08339950192960477
114.20935884433142,0.08907867921263633
113.6076297438773,0.08685823064786614
109.99791892509678,0.08966892284647038
111.60963087676525,0.08966810095437758
105.72981470059501,0.09769488317354386
108.6711226750349,0.09823283399138767
101.00561424847768,0.10366037435959854
117.86303103041251,0.08086006578974793
120.3690369876175,0.07861729897680339
123.97105448994726,0.07853700088760696
110.06984530060987,0.0926900847154141
107.87443343204724,0.09818391319619109
105.78557533159386,0.09480974060413401
107.70263881502481,0.09734102369521568
106.57459838756034,0.093403907451442
109.29248662756451,0.09572811057340992
108.84175524604811,0.09238774835105851
106.21412213055063,0.09932633206545903
110.33652565412498,0.09333713648994671
114.34077723274042,0.08399622493804368
109.70684903588514,0.0868700273041667
110.49942087398323,0.09515055301005282
107.22993119575818,0.09293720140341706
119.04965393309415,0.08041234873631979
119.10396154781432,0.08280001513242675
111.10088366177088,0.08618008315770878
113.21119409720131,0.09263252163083739
109.12454274075516,0.10005474168587661
106.52561745410836,0.09993685804489423
108.44567142419474,0.09444777862757826
102.3417306327091,0.09717597710605093
106.87975189846463,0.10309718158113028
104.74662659574683,0.09231660544369036
104.13350207300977,0.09365019667512245
99.35037572043575,0.10504256589626254
122.74915685128138,0.07741091412503072
124.68773133838874,0.07340438619238404
119.59262084727538,0.08218912245950045
116.85000486277558,0.0785918681335517
116.84746354061532,0.08216337019887573
115.87557795558929,0.08098662006263804
109.00350344790904,0.09269403348530554
105.9239264066385,0.09503483947860267
107.38050699058965,0.09678894711636557
105.93525569497456,0.09279568155943972
103.30856439117144,0.09973968119082795
102.55622615366786,0.0980634034412706
105.52943277650657,0.10159739237299661
110.27033596862483,0.09075656876708368
107.92779214366706,0.09520019424581651
115.25470544185356,0.08378912726069453
121.51459686763648,0.0773254647837557
117.55350272490064,0.0785749685535017
117.69825502279836,0.08005300810834308
110.12927393682706,0.09207651686407543
108.98409070896135,0.09640956767152947
109.39172510080587,0.08776281905226163
107.6999819102962,0.10078697840914042
107.63554853389334,0.09335101192976966
106.90700220981842,0.09830963744781361
105.40332772742906,0.10093936206193356
107.29916116442556,0.09489411571477864
104.91080306982256,0.09550771885482436
107.77074141646351,0.09216504415450795
110.74020531225901,0.08960297832340054
111.29315668089151,0.08786940302841756
112.05079950103499,0.08772500073076324
103.92866154915625,0.10396668624839844
107.0971492425565,0.10182566536628568
101.92404430262752,0.1079308544681476
119.34752712107905,0.07845954754439853
110.5735584896662,0.0889244775933683
108.52323608336262,0.09889414183822866
108.62783869643064,0.09877320593762132
102.10329010105296,0.09881702390853238
117.46440090526859,0.08154342603346117
119.36317573939306,0.0815448408770849
118.88526524828828,0.08028496702471165
118.07809712867186,0.08188231307990515
109.56036471411595,0.0918942740901208
112.88564569927892,0.08383954168829026
113.24822744022686,0.08396067741132432
114.3697701269788,0.08605996452536142
107.65931856807063,0.09503778856355757
107.76810786294482,0.0957113370996376
114.5136972645021,0.0888072684349638
110.88633299437862,0.08968835771331414
105.22579973700411,0.09006977264218131
108.5176462073394,0.09302940066992874
102.50547262466084,0.1061792967107594
107.96153463993936,0.09871367954900673
114.5986313736094,0.08875110728274262
109.13329304508517,0.08984531033670906
106.76343288754627,0.0907480590165414
108.61728431871961,0.08856649555551424
110.59400428292848,0.08933319838244909
110.07196065581587,0.08857107514197234
113.02844493802189,0.08721331290800152
116.04390301605861,0.08699490151715612
109.67150918013323,0.08944510123756957
108.21626279232525,0.08803252289851347
113.4880279704398,0.08984312953184442
109.3396516567855,0.08845055064504695
111.35364836004713,0.08977649038887187
105.06671070078897,0.09818672498659414
105.61268799131122,0.09917000988751432
105.41379687748892,0.09881950703460157
115.94228811430942,0.08482373146301211
112.71390525615654,0.08494025217319967
114.13339869061669,0.08423694052168867
116.83430295084308,0.08132564073719745
115.03595965505947,0.08160345984434632
112.55688273893867,0.09278472156874794
101.35042093312767,0.1075938419559443
103.97413004942281,0.10003186421442492
112.20216914736204,0.08964274890370277
107.81004704192331,0.0946408413050404
111.0258895738457,0.09174420185070069
114.60668684809231,0.08484859819757087
108.97859456895249,0.0957337766179908
104.07912638514125,0.09986096623922226
104.33074299122201,0.10729448425824048
105.37537429659089,0.10000983505614275
109.91185933271258,0.09391023920473592
109.66336346780842,0.09107927640057796
116.2642594276082,0.08779486858084937
121.12414727164395,0.07659330407700368
122.1791792544814,0.0760086662432227
105.55384253589781,0.09561565562229203
106.74308944348677,0.09614838061618082
103.88733447326652,0.09902845365737381
103.75309060807541,0.1004837898734557
113.58755794793176,0.08766884508359676
109.75747655885152,0.09120984034564192
109.65639131024298,0.09212334486880662
105.62600399369434,0.09568253155521982
102.88597389768653,0.09964117060762445
114.28552908206717,0.08555825687085247
110.40048156758164,0.0898265848707739
112.83071234607901,0.09139165500296068
102.08689634186337,0.10470253641061528
111.17216547513807,0.0915413329915858
108.25347452999736,0.09680707570102699
111.15515660264033,0.08504600852546722
111.289669088305,0.0852649151000158
109.44774134859244,0.09411015150199334
112.67461806957097,0.090574808507986
111.72901259370956,0.09042409246307183
111.41360879403724,0.08933969036330276
110.02429641734156,0.08953491219220827
116.86583167100908,0.07880192344893154
113.95046804597109,0.08491833007576857
114.9847940481062,0.08939161617928425
116.59341723822021,0.08599336020270533
110.99430938906121,0.08590710520690467
114.34006375320378,0.08423338446103511
115.5441226997982,0.08299140528223035
113.88058507701244,0.0826544201323076
97.31314352063765,0.10850679473664425
117.9448795694044,0.0844204356264012
106.65868391338815,0.09302726722619074
105.7960745265465,0.09909736369174922
108.0469089322512,0.09426492376338039
109.2104254848839,0.09068669457284378
104.35185685646093,0.10230038811226803
105.4337501011207,0.09796892935168264
105.06027905549693,0.1009969992137152
104.0490124775786,0.09906995482085254
109.98049410696841,0.09254815629694156
111.0428191276649,0.09116052911011244
106.2661443110446,0.09488794056740198
110.20114812908263,0.09404670612182285
110.09866513520141,0.08564094458964246
112.20742545440305,0.08900822796165671
109.96258819229048,0.09046167141266334
105.33972846235288,0.09938026572707297
106.05275820644334,0.10014859633177775
106.07242376728603,0.09754407849783717
108.13295751672914,0.0918477944853931
110.77632842915712,0.09498035002634114
109.25327194966722,0.09134293875452115
111.84689096430503,0.08672840747292297
112.23092806780282,0.0874689176910327
113.23264552872315,0.08599360898778885
113.54183375279783,0.08726994456369115
106.20027851155118,0.0950381746873322
105.92697959313685,0.0957806151191903
109.63374125149642,0.0934748733848625
107.75466786919829,0.09284799440282872
108.77672780158552,0.09534900581924428
104.2213033071152,0.09376093981778452
104.57885185896572,0.09466529932814853
109.72765889406804,0.09062359537349551
111.02745046536505,0.08783375964356296
104.6800054864574,0.09819573968786867
103.63988672775089,0.09973073121500452
104.20195205410481,0.09894710034012463
106.3876041293721,0.09754275989024237
107.13663997521145,0.09631524813835117
108.46607518129291,0.09726205022879615
106.61472664636115,0.10055603511551334
114.95638628001447,0.09195397216523073
105.78071213340013,0.10377922982817939
107.85863271964475,0.10252665849324999
102.51694536965354,0.09673918926179921
113.8883763918596,0.08473668694673775
115.47512749718899,0.08689394878587438
107.91824937394811,0.09261107255296935
109.41862023471994,0.08984218224921574
106.46504640478253,0.09700459736970314
107.81583449039594,0.0929027411940401
110.25332096348528,0.0930736484502909
107.31814430982809,0.09821827816202869
106.95669645743976,0.09821591838564524
108.01892638921657,0.09363500283395215
113.41964023459136,0.08645959674411006
110.2433909018731,0.08985522533006036
105.59295747200132,0.09758052133557286
106.96580706726755,0.09837394157781405
112.04638438234389,0.0867715752446872
105.43040326016461,0.09597285506472757
105.15354300909304,0.09706124267408738
105.30471254127293,0.09826033212143236
114.97352143800461,0.08504717980411014
110.89371242354446,0.09054870627356552
110.53577944428392,0.09415277796910303
114.4349174797224,0.08671967747674371
106.2490040590288,0.0996008727965254
108.79983363424529,0.09298710930557984
106.29626606433315,0.09904831839496873
108.07356947549921,0.0958472086440764
110.83810089101517,0.08966935997235932
112.22279995048325,0.08815920649208146
113.65374883791904,0.0890021354866922
113.40546292834142,0.08902576554837617
107.79565065162694,0.09366441986559126
108.43816787993809,0.09401088268932749
108.15978459804845,0.09209224938067632
107.36632369311629,0.09353339521250881
106.18251011296785,0.09846639921761872
109.3795746319285,0.0922099845598724
107.12636589624158,0.09949317858659237
106.51662266812977,0.09535707106890495
104.61928438575859,0.09711423469690872
109.37372059460478,0.09665551127792826
108.27416787648676,0.0939252622715437
105.73696561034271,0.0947200732293958
103.97174301713102,0.10138670220986133
103.76526006847168,0.09692317274879259
110.49165835282363,0.08976059355090082
102.11095418418047,0.10766691238378784
112.04756526414582,0.09639562854831707
110.38116523971699,0.09176807384570912
107.71918686697875,0.09897520332297499
106.30038824949816,0.0987634278332869
107.68518466630476,0.09321054919384976
107.71875109641776,0.0930321550688615
108.61575102880467,0.09306697883785778
107.47996157502936,0.09566922588645688
114.41767776570943,0.08402060842049246
111.11264836626424,0.09036869166258067
102.28947254119386,0.09881134607290097
102.01716932061467,0.09873465279698551
103.31611103664258,0.10233777771021342
103.70493910214006,0.10099138550321375
104.80472743116916,0.095965565536967945
114.4568972533504,0.08303568202335618
116.71505770391217,0.08459580360823121
113.88473352832649,0.08926446844605516
109.51067568008409,0.08767748844411773
108.2416169413034,0.08589566598007091
110.71268075848258,0.08977809404063061
105.75343848520964,0.09032244119236837
104.36810996447795,0.10006023706147571
108.2379004193387,0.09492723420408417
114.33895328122368,0.0851484512084902
111.34064446283581,0.08494741671158004
109.96239893636597,0.08946926647717678
108.55463158438576,0.09225928356159718
116.43081607299692,0.0853358466025203
113.79677399837908,0.08818160460330397
107.36800157677497,0.09959962895810916
109.97562901806255,0.09480139269221402
109.55498895202368,0.09323839786021515
112.51910848899558,0.08673555615210837
112.47785270070953,0.08854465844917558
111.7403534549343,0.08726851785469845
111.23786071208376,0.08983360306109216
115.05733270132457,0.08032104272347036
117.02732743090708,0.08330270484445068
109.01717305955479,0.09059771746154546
112.14679191089218,0.0875926287614919
113.89206360121518,0.08851042045463998
109.96183328262363,0.0879573707913322
110.24386011167967,0.0900101076685607
108.83574919690355,0.09906156473340615
110.4430132223096,0.09081500338103633
117.52156938354955,0.07885551597740457
117.02796158737421,0.08088155005026007
114.99392519690592,0.08045532911555942
117.9908675803803,0.08033776647150515
109.177936245079,0.09448611691592676
103.21773555867475,0.10951325879589603
101.78741416009241,0.1061197981697515
104.53308636255927,0.10057637342534365
109.1176871916513,0.09240979866287356
107.61032290703119,0.09428603886824775
106.64727075161576,0.09639383495985436
107.86575422493993,0.09374626025203178
107.692151970102,0.09367326116066707
111.97511863443754,0.08548883840794272
115.95149439628007,0.08573195281621161
109.97828164391466,0.09245986195264312
104.04836048205172,0.10507302390426486
105.82279665334157,0.10345821602420323
105.41772910692717,0.10496783561011652
104.788907313188,0.10681831257307593
104.12467458005524,0.09934915973057613
121.48461946468075,0.0784165336889135
105.28103364098823,0.09552848013544135
109.75759102240966,0.09097838070011877
108.82734997327186,0.09350208725114892
109.39412821899748,0.0887713057304407
109.1760699340257,0.0888543419018509
109.10167871825219,0.08760401636154705
117.39634586817299,0.08481827417716072
116.21308643025517,0.0839363003124607
117.83622567297053,0.08418174549200136
108.49047141127559,0.09276492250602693
110.29747608021107,0.09248115424669615
110.51339544692406,0.09494283390685027
105.32856942199929,0.09915597384247661
103.81071535051575,0.09869644059405436
108.5309242379441,0.09296218055468805
107.51834260906446,0.09286347407117028
105.22025118336478,0.09972315937315107
105.58010878515219,0.10629771032387071
103.3960588295138,0.10604956240960506
103.64739508151749,0.10454768930201282
110.89703619714354,0.09285094351176779
108.83054643721078,0.09284065509820617
109.60123875088402,0.09385995418570184
110.62048373297421,0.09111121833624715
119.04201692230896,0.07799646831695466
113.3129950204202,0.08634973259911376
114.10581545429837,0.09175795205640605
114.03601875184582,0.0854309741652909
108.0924321549314,0.09473440738059545
108.44732939100797,0.09805234506713947
112.40349190469504,0.08647166492676867
110.88380533687469,0.0871109148810408
109.40942651676075,0.08798212244328014
103.90323205264133,0.10016711355122031
104.64149998603295,0.10392778108470126
105.60652242129223,0.1009816628845065
105.43409356966,0.09962252903516985
104.25062915388376,0.10213263330293984
104.11872795942595,0.10678846858108082
99.94242005535148,0.10653522617044382
113.6293329595999,0.09149764665086238
113.77120326412104,0.08951873509527443
113.83577724602578,0.09189319120233806
112.18315625081262,0.09137976746464675
105.61920995654268,0.09935781602954226
110.94790755246578,0.09602830155005938
107.51469308210083,0.09901647983884129
107.19696634623915,0.09815100508856706
107.69761439384955,0.09753948300742708
108.22731738423741,0.094456565831061
109.90153931544394,0.09122567647491397
110.82011395245834,0.08618846391788922
109.90411462808292,0.08702315330223959
118.61005401773373,0.08011469806645267
108.74495308722726,0.08822086710393384
109.0293416180893,0.09704248765944384
111.6497048700666,0.08883800956447528
109.20589888579504,0.08672874316440221
114.51249088369525,0.08850154684717494
114.8039077765535,0.08847434311307273
113.32374464848878,0.08458732299828144
105.78323050769929,0.09496410858077932
112.53283988295057,0.09181041645566372
109.97727005139316,0.09378200453747182
107.90988168220095,0.09257705617753231
103.81324041069587,0.09950483237022013
101.93740550159062,0.09928453282059019
104.0478484527908,0.09910012101759569
111.9350592855136,0.0853259356837897
116.37530824744528,0.08330377908812765
107.39023051287334,0.092378331021635
107.76817665736839,0.09404912707699879
109.45124136248644,0.08840578377040913
113.33596663737605,0.0856988520043925
111.04785087542776,0.08467380723938879
111.14861559296412,0.08910987052192089
109.18659200185506,0.08469885537355919
114.06393250561939,0.0910204414810576
103.13060336838528,0.10387168542268979
116.94176942899429,0.08028927356862062
104.52100147456328,0.09190408442794576
105.29311356115011,0.09343377652494204
106.67765917986436,0.09349984327942137
110.80887101914406,0.09223996236462863
104.63651859731068,0.1001432669656361
101.69082145276514,0.10423580930410269
104.34114888947778,0.10006051469202175
109.64347393340034,0.0928739792218778
111.48226416451038,0.09370506132046114
110.22159251356479,0.09139057352065494
107.06448314886387,0.09379573789199906
108.15761188558766,0.09292131353899949
110.4209982008025,0.09450472610407068
112.82160960463743,0.08987164892950186
113.40784656291608,0.09030601635269239
112.26479543678803,0.08912798727399719
106.79209203591374,0.09855047661278432
109.62174500610584,0.09714832193592694
107.566764339899,0.09878942509221243
103.422470792169,0.1011803742152229
113.75466956103877,0.08298868204581458
111.8898181112282,0.08235525077877191
109.66976832731423,0.0921375272659456
109.67644126098824,0.09237580110947563
104.61053915837329,0.09627528621403789
115.68820764466257,0.08699744510067678
114.12522471471658,0.08445305930175075
109.42125663091609,0.08611608746130428
111.06765732635475,0.08958065556130741
112.22488931353833,0.0904485167132215
110.1957735787085,0.08902666453674683
109.60410941424432,0.08901634776527434
109.56205513331798,0.08970299844625151
101.70859236185161,0.10872168233464187
99.58362144656152,0.10707018933450782
98.65934018930248,0.10814343983472591
100.84930073578255,0.11024670809214575
116.32416043449335,0.08401576319081012
99.48151274482157,0.10528934150074862
103.46846332783714,0.1089803553106204
108.42599563705552,0.09441701832543245
105.74058872405254,0.09576582352987541
104.63878619166242,0.09977727160435816
106.80330348176912,0.09614002424621111
110.74433032412595,0.0918227922161305
115.18662396103136,0.08157039048940967
113.71522417049867,0.08496696707553895
113.16156984175129,0.0856796239742154
113.52176129811369,0.08718031179997965
118.88422670609127,0.08447854130431182
106.94610954893194,0.09196556789254598
106.1702521288911,0.08985826984151433
109.30080430368152,0.0919612212059861
105.81459727366143,0.10019047660955675
105.16478838064278,0.10527797469859808
106.56641430539696,0.09899062857472782
109.61900605762463,0.09712911383515951
107.27484753973027,0.10375537859174931
105.804216080811,0.09991013473448351
111.35255395976174,0.09135246504160396
112.16841977435787,0.09083294566518876
110.46427132394925,0.09093824114153712
111.57245495033226,0.08388855079354278
111.03594302863864,0.08363127756363894
119.33055704985857,0.08258882487102416
118.8255309836811,0.08774990919471386
115.61581525772681,0.081751246527096
109.82327432578184,0.09141849290681844
108.76211321635633,0.08846419525826776
117.30357937605494,0.07764471202946906
110.39918972893099,0.08464106415981212
119.8357795048774,0.07840554635976581
115.51212989036554,0.08147389755237419
111.47109249308967,0.09161718542821344
111.06071662162317,0.09259561305641116
108.18596411105338,0.0924697485272019
106.79368579984357,0.09364287509538206
114.05900667866543,0.08826747048241548
113.82221499764859,0.08814042326525015
115.61715856097292,0.08734327776042784
116.42319535855798,0.08595560950302006
115.77889059936676,0.08346605258841377
106.56848413968278,0.09549536273111427
108.10845354091796,0.09764160697888244
115.61540933294107,0.08397551674723089
111.99382660157939,0.08676950027255768
102.04694414029254,0.10427688872658183
103.91828391895146,0.10525218062485622
104.64179076106497,0.09904616120032554
103.44186367931997,0.09890261758782015
101.34820138362952,0.10364603849576517
102.20998840628081,0.09818352230096442
103.85814581464925,0.09885485770509736
104.1623481471916,0.10186100797731856
108.40028725732184,0.09645615216398995
111.49603897374662,0.093906086078684
106.45950383426553,0.09275732044754108
106.73877269991183,0.09107572322655354
111.29218130373023,0.09469412888136781
111.18890106746842,0.08984551758912662
115.167850104436,0.08192024325758418
109.6841525567558,0.09669343208060863
104.14295872151591,0.10398406839503956
106.61453755556076,0.09656394570828451
110.39620255173665,0.09144893806749983
104.60625385517162,0.09792577495349213
104.82308328906954,0.09896501293720215
106.29940132819867,0.10034927248844781
107.6800336043992,0.10000985711067505
110.88461064764685,0.08886732013155782
105.34686636125248,0.09924532652308099
114.90851767220947,0.08278636802357756
115.53141653196325,0.08112169213027738
115.96637968686987,0.08179962849889273
105.33076370809829,0.10196920087553245
114.22216639908072,0.08455244354080395
114.953292134528,0.08266626373056683
110.40978408611485,0.08755483770800257
100.41750717167676,0.11225441087201783
117.45955090305957,0.07972063243041626
118.2003427921465,0.0793592378860887
120.75687828251515,0.07599155461121797
115.69448488776783,0.08191893097780849
117.53103502630964,0.08349979027793417
112.29347214339792,0.09133160419189627
110.8940384448643,0.08863452984522081
100.72699703376462,0.10810420324885098
106.96432173325906,0.09798920654298592
102.72449224229669,0.10203574528292965
103.56845368456803,0.10114350847524366
113.93119416588658,0.08672786161567435
109.66736788280905,0.09547983769252419
107.68179895194181,0.09718174199814049
112.39824697536733,0.09567715093252806
107.89732243365775,0.09131803941505842
112.2160646260433,0.08806271512301371
111.99696414051117,0.08744341599920892
112.47345415085535,0.09375145798608037
113.66835030829361,0.09421814790180855
105.58609482413013,0.10419221223481791
105.9888161021327,0.1046313040516463
106.15385344102901,0.09343373950001158
109.78396484277062,0.09784710904570765
113.32365553769368,0.08747603310404439
108.18919244038031,0.09660178653270468
107.12737817655788,0.0958007175453831
113.60487735353558,0.08686846126140949
110.5849513466378,0.08715064775235963
115.25616113599537,0.08859103534756158
114.4952527793636,0.08450743546874535
112.18396062984957,0.08462127496015659
106.33837030731762,0.09243693692829641
109.90747912229166,0.08875706393351662
109.22403349610235,0.0948374172486961
110.84967212467163,0.09044093735636517
111.4516658860682,0.09205036235670525
105.16340299114535,0.09767165834259739
106.92211414194499,0.0925428302509884
109.56723831869365,0.09305551656419012
107.91967654000405,0.09052750324609798
103.98092315363381,0.09499488680432314
107.58090346239888,0.09627096016208199
108.93663714944611,0.09553743553226436
107.1232739954892,0.09423857801954383
113.94708386890562,0.08594816924715225
114.1903564046245,0.08323086376708617
109.31099183544126,0.09514518598154327
110.65093788312892,0.09460929650727162
108.55904525942505,0.08950264364899466
108.66713806738238,0.09145930465755103
112.51113760981413,0.08769093331595795
108.16624973628244,0.09506154126719003
115.90296979298161,0.08149945270871581
118.36361607418495,0.07866015516534412
116.68096091449917,0.08029683877845702
118.5595106619582,0.07858532465572082
118.12970830900255,0.07960830923242827
106.321749310524,0.09969751230691863
106.35558152824962,0.09521258681619148
112.81856121970516,0.09041600523808234
109.13059690716504,0.1008971208258496
107.2813087667858,0.0929451131832828
113.17232394414913,0.08460145853038369
111.41539008478493,0.08687973119038993
111.97945079878112,0.08742481140327293
111.6050353304285,0.09021157718996349
110.51572807087805,0.09187176825238645
106.157134006997,0.09838784289419805
106.55189832139615,0.09473173558661896
108.00595411821185,0.1002074273878922
110.28219570578486,0.09259305181172688
106.86485129564755,0.09751177175958792
106.5084818832542,0.094289797636491507
108.00803708644538,0.09549031672386536
110.34835114377823,0.09086618264946426
110.23796681611546,0.08973220481152727
110.33827839033445,0.08859973406782859
110.20910255842803,0.08774334209167431
110.33007573867472,0.0900458942739846
109.03625942139314,0.09267315207755829
110.98360654778826,0.09109202547705718
109.45379032966993,0.09173515616916085
106.30638915491866,0.09194821736696594
111.6700967687551,0.08870775249363648
113.407751487576,0.08997274677532519
111.29368861377414,0.08746477864753462
109.15698120964402,0.08990488713896319
111.62122682206133,0.09161030019370887
113.0570264427228,0.08883901997714325
108.90164441805747,0.09552751138503261
105.57975452581343,0.09610203806797293
111.66534927518701,0.08800562958344661
108.53567471935267,0.09172902855727015
107.05927245220106,0.08967319733334525
108.75861506057058,0.09647094200701496
114.00205759357256,0.0870149927896007
113.0913536780161,0.09510846577853459
107.66329539709372,0.09198537625565249
107.72742280017668,0.10037217158717926
108.97980363432244,0.09035105963481631
108.62300690805918,0.08938580568248253
109.89568028024706,0.09707713785394106
110.90707032817008,0.08850170028544185
110.54031922196602,0.09153275682526463
114.96231357958919,0.08355802566285567
101.21227948144798,0.10663834711142235
114.72585947981719,0.08167489758855906
106.72204510558235,0.09586474044833891
106.33584778859304,0.09756449771492917
107.02799417788283,0.09118374665655589
118.72638417620875,0.08532722973695735
116.07540485426588,0.08303812825099786
112.17796847718945,0.0922672902939499
111.85114484779197,0.0932507628824006
105.40041519382989,0.09565635266745035
110.18827112679969,0.09592015026885158
111.49820713846042,0.09491130270261292
111.06435043334511,0.09556565411697449
111.98079657859361,0.08895422277580911
110.62504556496931,0.09566313919017502
110.75094616259909,0.09614500916467249
110.16736653686634,0.08648168555161742
112.65250045081048,0.0938663824661688
103.5152343160268,0.09685953092705218
105.53952791796962,0.09897742942594699
103.40962574380484,0.0996710091934577
105.97326982323825,0.09928136356929346
105.17999472085928,0.09940024474693553
103.21307979098769,0.09894506008752423
112.97961943488805,0.08801165245229278
113.4652054489659,0.0874918942963592
114.84514771596015,0.09076538000777037
106.29385594581295,0.09449138803020386
105.98775932709246,0.10286471294378874
106.21894657120856,0.10042491267537831
103.99945968436481,0.1050409252461419
111.362544828741,0.08907376896695275
107.14610268364406,0.08967546011441434
114.76305730405082,0.08301346329101437
112.23095223168944,0.08848568862632247
122.7737638343353,0.07222907486084267
107.6880481100376,0.08621372584300917
108.98355903325272,0.08910138839222653
118.01542792932875,0.082080922749743
106.6000105557781,0.09165705576111906
106.9450263057639,0.09419599646265336
107.54673163617245,0.0907518576959621
111.18204925699864,0.09001820329959088
115.31714276597735,0.08212227985030142
115.61181456885944,0.08221568842732935
117.34792058269065,0.0804885730294582
119.28467085603877,0.08122566522310123
111.97204249191545,0.09013585521120399
111.03246928765853,0.09127103636280048
112.27379954618665,0.09196488205979995
106.11752433293046,0.09463734919156327
107.25478362205745,0.09598043495462445
109.77878017005612,0.08791107081349056
114.75511610700998,0.08248940365213334
112.97700628798475,0.08859561305806511
108.51069786363783,0.09844391937744301
110.88477554429903,0.09251460377859246
117.12682027101404,0.08577375396036517
110.59042766595141,0.08820147974776056
109.34244051953122,0.09115453717774427
112.39089124573844,0.09473519575703468
106.10156463227383,0.09538674530817798
111.79698573842062,0.09811951502451119
109.17397925485754,0.09172547258812008
105.14231879025142,0.10101400581076887
105.3146889762668,0.10052884797869312
108.86527013823957,0.09199358264434042
113.88211254617254,0.08962021781270026
108.06811648590423,0.09369667034318634
105.6225308136179,0.1039154740115041
102.2426170427574,0.10309028385008921
114.7299926791841,0.08518542693918318
109.58441745135863,0.0931238919280571
110.76482789614938,0.09166106325604448
103.81378089387343,0.10427022681886362
103.95495220408361,0.10163753891440533
105.52894223473268,0.09693288832320089
113.6609840945797,0.08453347627516954
115.40539950939551,0.08211748545114889
108.24987826478127,0.09558337471591198
112.83942967024555,0.08560151655477544
115.48933756526841,0.08608911517788954
103.4339130894845,0.10049628624681117
107.98349726556545,0.09796142032732673
108.13069882067516,0.09376832983935514
111.62773666872265,0.08887870705562488
106.27736539037926,0.09857236797750894
118.66193202832245,0.08172028568506726
102.87149205815292,0.09926975916422934
106.51933894873818,0.09620878232533771
108.7845113214241,0.0965208757376707
104.71662275016024,0.10122543540205146
109.09686531096045,0.09722474136071795
111.59423536688497,0.0942011553871212
101.34265182749166,0.10586376052186211
104.95795527371294,0.10041794604698928
107.9060521102507,0.09382322544804382
103.98826986148475,0.0996815642616171
115.75373931918276,0.08267004094129872
105.75760482336678,0.10177939166409497
104.96050860681432,0.1024706142654393
116.67555407750426,0.08405510598871428
110.28177036622395,0.08920048653678211
105.64778439470915,0.09518137144422298
106.13580145285427,0.09710875226449811
106.56288787689822,0.09669363572111757
108.96577240405666,0.096428800746067
105.87409791591574,0.09142162762884026
110.5696897311885,0.09290467825000193
116.65001203427597,0.09131469976965152
115.42579328934102,0.08839691784833553
113.89103714901883,0.09070468793158619
113.89103714901883,0.09070468793158619
112.34035732122676,0.08484761387726153
113.38880058172305,0.08645988909975146
108.95037357640712,0.09242317768033631
111.49988753354306,0.0899587702687358
111.86413147167356,0.09109266615549756
112.11137990908793,0.09329891074609171
103.85258173409731,0.0986782383181683
109.37924351122247,0.09100793830375443
114.70363435297045,0.08467282252469145
103.62885474550436,0.10358321399727119
105.8317098979037,0.10337437142044195
109.17355813533776,0.08663553269795873
113.96377977676131,0.09075119138705999
110.08333520069367,0.08558225816100135
111.01774216300174,0.08948282810606338
105.55616375618591,0.10137379890990945
101.16924154766139,0.11050716794222952
98.55078810269568,0.11016451567202168
104.88393045371583,0.0970121495087083
107.97167315448766,0.09578893943941082
108.82406932968648,0.09632983599082492
107.59505922092498,0.09413387769328468
118.99442941804223,0.0820102344206029
104.11585114581388,0.09749257268897384
110.05757740436732,0.09324803495797197
109.27241553968373,0.09255085241933786
110.19881566790077,0.09471869362839835
115.49915721017709,0.08363073501828251
108.69162236704113,0.09367958044702217
113.93354291802596,0.08417462391392422
110.07924261292949,0.08733467752133994
113.1558882772331,0.0900917227038188
104.67586911864066,0.09769720184475436
109.03189697152186,0.09328889584140476
103.82992458913581,0.10278651248238631
104.01131148758273,0.10558549038436298
104.05598352182169,0.10689377813611271
105.2986331751533,0.0989176477788962
103.82790577075771,0.09713466523746359
104.96827695893742,0.09675475103556212
115.09856369017214,0.08766693825925428
110.5907626314197,0.08701897026109641
112.87047663891582,0.08744098494838967
113.84181229656706,0.08803223261314452
111.04094283528707,0.08414009068768187
110.57618976291505,0.09340586315603121
111.29166548319576,0.0881541968085521
113.4846614436071,0.09137589720348623
113.6375724457891,0.09179756512045477
111.47789821454738,0.09152850105506521
116.40069746065552,0.08467339541416118
104.77363465762112,0.1047926305494901
106.79762570386204,0.094929615578121615
104.28967760336016,0.10137188008854606
106.58815624297083,0.09985010206363995
105.26384798300407,0.0949095156328934
105.22072882927297,0.0938197333701528
107.31093705736896,0.09665846168709911
112.59007008109907,0.08669745358260439
112.20420094079525,0.09224352208674429
107.6870497507893,0.0943415643150256
111.15447589644303,0.08839888304801595
118.31121418175154,0.08191516031885868
115.18644863320652,0.0866317409328094
114.64063573750097,0.08491462579277673
102.50634543931179,0.10490025874620475
109.30089183023745,0.09605999149165585
125.24427262100984,0.07210679060957448
113.29139286797977,0.08644647958419814
110.78482302465513,0.09431711642569751
110.14696434079893,0.09475910662257116
102.76921100486663,0.09954791007748168
105.86021165098865,0.09427086203046446
115.16659594854093,0.08808124704914806
105.91412742714547,0.0992340933758783
111.49744460227065,0.09003393189040408
112.53565676847445,0.08604584178885986
117.67966354282466,0.08392580230216981
110.92384460155665,0.09478143030537402
113.75674216998583,0.08439726981535435
108.35416462331648,0.09184401784485659
106.5445836236042,0.10011008883311731
106.09093823509663,0.1015316805850568
106.35354582547987,0.1017625070060513
100.92860955921894,0.11068437621069603
101.45105559410538,0.11063078472629051
102.99436037244683,0.10419632519424468
103.42228630329042,0.11105142059555821
121.13983576680538,0.08476771760708898
103.0967827520492,0.09756217256836489
103.73769558617369,0.09858387098530008
107.4275468130877,0.0908407248425283
98.68878395169963,0.10879176735332524
118.65061293109807,0.08301285395343495
112.54007425038547,0.0815282900744451
116.40337424161474,0.08521327438615774
114.08090704418194,0.08038906412498766
114.70649519177957,0.08131856150177866
109.5565439218326,0.08645381768282771
107.19602451461465,0.09368284428000631
109.85560023717046,0.09473286795965463
103.27093112608671,0.09887794263821556
108.06490090443532,0.0928769423205846
112.64849165047892,0.08842350414393105
108.60216671817484,0.0977575766860074
109.74867614569722,0.09305819603830942
109.03212484748354,0.09413603110561045
105.52053609507233,0.10037740312967965
114.81925269880436,0.08729582860551026
115.81556419334512,0.08443750236066495
118.86464308020525,0.08227684517010907
117.59230031847474,0.07900410984036693
113.19924189292442,0.08397500093606027
118.89157564478366,0.08307697275003419
114.77159863895872,0.08500601611124835
116.70762577327744,0.07792575632374435
115.48760548720075,0.0794603569926002
116.4753940933677,0.08516514433941186
108.90922671022226,0.09896226024017558
106.93443553585553,0.0962393639165319
107.52095240959763,0.09147382665760476
108.38359794169163,0.09305670029842636
111.52391879556001,0.08674325302171917
110.98718197024762,0.08726359831233055
114.02235774480198,0.08005468471068541
118.02772376519198,0.08028483040837774
117.05433184568982,0.08343447928274084
113.37194891218444,0.08886819833038431
111.66906518970808,0.09131002142375332
108.67951157823968,0.09362920517363203
109.61059494675297,0.09411526962779797
105.03037645330325,0.09954509078044153
110.7094949841663,0.087731183793866
109.57587217586071,0.09557590804235788
111.13182268906473,0.0901577044636992
108.50186448982906,0.09358162882034005
110.67607193965807,0.08974389084702841
114.2021784356735,0.08571753318881425
113.36913676780866,0.08687669607797821
113.1211145182855,0.08785297859348125
112.47124267223576,0.09070572193310582
110.09824965055088,0.08753797147324528
111.99869868457627,0.09449796558878984
110.83261462389777,0.09565577454425475
110.84744984121117,0.08932372133887127
111.8696146588596,0.08406274300892339
108.63193728182195,0.0999570940651396
101.54482635534727,0.10851975863361958
104.93069802057751,0.10242425663126133
99.74035763495233,0.10821230068705753
114.8372852384353,0.08690139478699664
112.89082652406,0.08470600415773366
109.79421231134731,0.09230036998865872
116.04438306394765,0.08509972927421232
105.64063746581185,0.09758446239262698
105.98692999892212,0.08968372795507851
108.51964253156791,0.09491959372262597
110.17055052648836,0.09066897595454464
106.93514258303097,0.09984503283868612
108.20081442822011,0.09942092797097561
108.83319801970801,0.08988304972456329
117.83395013486836,0.07823150254291728
115.08823965362456,0.07852823947009695
113.75862686624376,0.09164349333320267
112.95799683613613,0.09402453355316874
113.58471824853936,0.08967854100488418
112.09827295125767,0.09151874995593524
110.44392616782154,0.08905435614733276
108.65398810475259,0.09172931048561828
108.24841997061932,0.09100635247417517
110.10216685330468,0.09331479200293367
115.83480941378723,0.07977017857574929
115.33757055373414,0.08062415517430135
114.97719702491698,0.08535179158982628
113.70269103297927,0.08933596356703723
108.31288664802514,0.09342933919633047
110.40706452218859,0.09537852291274056
109.0682658946968,0.09064531266147025
110.48482968228733,0.09427013155361089
106.83442265942625,0.09768434725978853
102.55938574764619,0.1090228015404787
109.05201902405194,0.09373857519285028
114.46696021374059,0.08573498924946833
102.75705772367368,0.10367649491829928
106.27368150271211,0.09965296024145812
107.55503803949388,0.09723054004573108
112.41946654857755,0.08673646410773188
105.57798277372937,0.09998782453587192
107.62283018629736,0.09496697015305343
113.43198424414228,0.08236709735621546
109.49796816740934,0.08808735367588168
100.01884456242804,0.11426135676467843
100.31987158214277,0.11077507581531634
100.620586374391,0.10988855197730493
101.97689332424476,0.10577978633735238
99.22457297718599,0.1106696055919333
112.77288277538354,0.09011922243489155
112.66585165618265,0.09177739802466965
111.60275390753442,0.08974417441977921
102.96779586158596,0.1008073030999948
111.66673645511996,0.09280188931725127
107.11567177469966,0.09196964708903246
114.48205817176873,0.08734845497427456
113.46492480465578,0.09053210528119154
110.04889760016093,0.09322985985568152
108.53188261110346,0.09141816107949541
110.07638981185927,0.0925499113148908
109.49786865639435,0.09362698366051865
106.67250212025202,0.09718381587606727
109.78820189699407,0.09019117614514001
109.12133479882819,0.09061119728066573
111.77466329001251,0.09116950356567251
110.58393949159499,0.09096745016893644
108.34789096157309,0.08959383962608335
109.41307113244005,0.09488890976051562
110.39331006819037,0.09630555199545682
108.37068375149724,0.08926315154906758
110.82523452270442,0.09000841954159855
106.25360680484096,0.09758742594844412
110.9601195136534,0.09124344420299489
105.98378945451627,0.10121097796559088
104.70125672579854,0.09467136353896001
116.69150143443665,0.08366264030621785
115.05372043592978,0.08646665698376935
102.56453038085647,0.10156776669753087
115.17114370063419,0.08531895763677211
106.95896383949398,0.09437910305550586
115.25825685862272,0.0898605270072087
112.04274989494402,0.0881579871326901
113.4675880700595,0.08976400327402004
113.29570118986734,0.08657397771314562
116.67969940380924,0.08647419819290643
110.73235732349976,0.08368520156756395
112.86224436246872,0.08841087976186532
107.62657504742806,0.09958401391672096
112.29141428005833,0.09095817373098473
107.68255413198962,0.09438820299114589
111.02500498144819,0.0991792402557831
118.07415099629333,0.08445101670999969
116.98160833532025,0.08177180991319044
122.69019462046161,0.07873877933099079
116.12337500998298,0.08453236007393757
116.20780543364981,0.08199332190935435
115.83786113801605,0.08000056851582493
117.08148540576765,0.08026591336151971
114.43494209556097,0.08582575060807583
112.98519271515937,0.08849547375151184
116.73315702728704,0.08663971007596001
115.85102018973775,0.08683389486471954
117.51457228364964,0.07914526062857534
109.6029827205565,0.08554233837859242
101.95199078471568,0.09748191636251771
106.18711315051014,0.10427965204528235
106.13847841790361,0.09734982496300333
102.52681198012345,0.1046463290493177
109.79923157069605,0.08949954392401802
106.99292568297248,0.09743341404583175
105.85355868538156,0.10008998310495174
106.57501300530065,0.09305653400130763
108.38298272240775,0.0902547932546314
103.83174804798871,0.09634849188488238
105.42527673356167,0.09764501462839541
105.71518904225663,0.09572232856510571
105.52194850924937,0.09541882199378382
105.64647487724476,0.09585090523527491
105.4413918060487,0.09840231980442166
106.01595567323228,0.0984574290185988
109.26048371983461,0.09417125302925428
107.32448339239504,0.09968101466927429
104.67840424502154,0.09865043440539392
108.58252055318317,0.09799212506293573
111.16587646241152,0.08918479517907914
113.61144147355411,0.08923337397890352
112.46757805295654,0.08550475178168374
109.91694230627067,0.08670884187352795
116.65891255291601,0.08952691944263472
114.2684282653757,0.08631477585003854
118.88958040925114,0.07789843306970341
111.00925921587918,0.08881990951495111
109.76177810854206,0.09131149308764519
112.84364729869432,0.08838925434449077
105.80169441832156,0.0986329163430657
109.60803433099575,0.09568105961332733
105.67921050755331,0.09622628937396446
114.09622081292781,0.08469113835240814
116.28750359484627,0.08468907576521036
112.32866775723843,0.08907746784397301
108.00996908584825,0.09313050929268457
110.68263041389598,0.09440415107542702
110.4167055778561,0.09188200497052906
111.84379363593459,0.09210977604632901
107.86175828876648,0.09380528711591092
116.74293680175111,0.08392045232166631
107.71182047002222,0.09384196979953159
110.78030075620299,0.08818141146679578
111.27826941413176,0.08570668183920975
106.47895147499064,0.10346617656405895
105.38175478723481,0.10017211842047392
116.3731476490251,0.07714394501536755
120.25347545419096,0.0763155233170197
119.17334009601392,0.07436445196274283
111.56681432657568,0.0860350176156994
110.4265713450859,0.09006038200832052
107.16788182347646,0.09321964780711701
110.49927369985242,0.0857372763491664
107.99496921337683,0.09118237405796104
108.08727410021753,0.09617080652224301
112.3553580622984,0.08667123006057306
113.10516532804623,0.08615294775144686
108.48993894881991,0.09182377014281459
109.51862067770541,0.08908637460206484
107.32084217284785,0.09417727789402153
109.55170339423621,0.09739596235415822
111.50523329597473,0.09323624324878092
107.70008947459026,0.09710701112094722
103.85577061910996,0.10289631574633985
111.21472844980703,0.09457481374128167
100.20415629909301,0.12091848286660634
99.08644859726417,0.11435545347868145
103.26866742757714,0.10012904052268444
105.33700120746185,0.09596593452122013
103.80436275857954,0.09418151152123899
119.3397643591494,0.07897119900888593
112.19103729919769,0.08057028185992228
113.61850919224523,0.0886723675379059
117.34795930577076,0.08353046858095928
117.5350927892569,0.08174538083124105
117.90880647765582,0.08061294038964395
118.70870561767036,0.07998405971946547
110.0570113666134,0.08785676505459573
104.36747242413988,0.09833777696417233
112.20115391640606,0.08979278523590888
110.37375654355883,0.09082097467554606
107.69084979500666,0.09257608418491162
106.65436837990092,0.09537055850520948
106.67758898564034,0.09616769951339271
103.10756925707312,0.10602237222934016
114.36231931801194,0.08174868545371304
114.86505382871913,0.08390784314437913
109.34600761229693,0.08846736677027288
106.86630027532784,0.09394345434759306
105.12172983491405,0.10126155628950674
102.62260230752466,0.10190327037348375
106.94840848945465,0.10047292559292348
100.61367081943848,0.10428816406585488
113.18416106883993,0.08464774880106694
113.73722072681723,0.09392037064633363
107.40564498804609,0.09357264968251953
109.60478186695943,0.09500474322717235
106.37087006687551,0.10085953832635741
113.55429677911975,0.08527520075884276
114.55261212682004,0.08427803733948216
114.33795984135928,0.08400462703193627
110.9480101681347,0.08896255912053695
108.31465645415402,0.09740948118027908
105.45418758997143,0.09883742993503168
104.06983354490146,0.0984694320041897
109.2521415933721,0.09606290601420005
108.54097376671304,0.09670985774134999
104.21417470774769,0.10059345655407204
101.51967579773,0.10816838586664924
103.96188131811199,0.10748140362948617
102.06531981054876,0.10619163178165705
111.70251417948455,0.08797078920926325
113.69818563673608,0.0860441327222956
106.08659782470552,0.09512123629130577
105.9505684612399,0.09346272140378628
114.13689885776974,0.08640163259478552
112.92466510995506,0.08720505284946849
112.55294832673096,0.08880509910456287
114.68784258728725,0.08540846082870851
114.179310770557,0.08467944885214049
112.92890957384446,0.0876629892022235
116.30188471463617,0.08963988758547706
110.92672211427056,0.08806980234986794
105.31077796662035,0.10246449716956435
112.04549785784037,0.08870316508332417
103.10172673656213,0.1037661676542251
104.55434973460792,0.09956201463436876
105.90374402081414,0.09754118692378001
105.82160140031596,0.09799412931055003
108.28406053054519,0.09274711533417758
104.70040754859488,0.10298192982440135
111.59960199694025,0.08591170641294035
106.5664746246727,0.0990379182601232
112.80882073987507,0.09165295879351983
114.11020143343235,0.09201421669880952
114.07705679268157,0.08633146034016241
115.13288883545249,0.08531716987386381
110.63551239995985,0.09528230221035457
109.84355484028092,0.09631785108362051
109.7323954886675,0.09428135712481575
103.83595831259964,0.10184764198930961
120.74698519212056,0.07834283117217651
122.66902569607117,0.07721358047639891
122.63011276514223,0.07675320629032281
110.8686596550664,0.09251874957673399
114.05675229364151,0.08639389375004257
111.06860559755954,0.09062207747691124
112.25591918917631,0.09364789153421543
106.95389975104474,0.0985502184252002
114.63932903008183,0.08703192972886874
115.36469155808655,0.08180483257648591
115.92716824788238,0.0855833776095918
115.76840412703226,0.08069933722245051
119.97766763840816,0.07953239578612067
99.18420143207041,0.10796714632906017
119.34464942986492,0.08003686513630034
112.9704961005164,0.08456918702918635
113.92467906331918,0.08878702045474206
112.19391069991968,0.0911395001024611
112.28276626628244,0.09232068714548365
109.9044387382147,0.09415414485645267
108.74936279901328,0.09249859476733703
104.12361909950627,0.09642264125748087
109.31139074001149,0.09507028142510549
109.22471926672249,0.0932779759594748
109.84186393708933,0.09467846899766234
109.3750150284984,0.09393611914504212
107.51546151676388,0.09443649203722077
109.50613012512873,0.09092971913146242
104.69193645707935,0.09850532563130804
103.68095550522648,0.09877118789193504
103.14728577170656,0.09893132512794037
110.97079012702531,0.08715573144621669
114.08051854042846,0.08405945107264827
114.67677652105736,0.0827365562746729
114.5722353203161,0.08174023741774551
118.34080522053587,0.08291570808271101
117.58181405484663,0.07909199677992956
107.48622910347629,0.0953264711472947
111.93371940085598,0.08748709931706863
105.71391746810929,0.09825729190957894
106.8533960070613,0.09752068014494804
109.06986694014465,0.09653841187771176
110.13156153955188,0.09292156336008428
109.96125764948403,0.09004349052130448
106.13070174172769,0.09934312861821647
110.58401310841673,0.08875914770353571
109.12433089605193,0.0907988829519363
112.25459165611402,0.09286767931307341
111.06167737562139,0.09194370121529764
110.17132904934202,0.09094814477092818
102.74935702393137,0.09840261400720927
109.024823613261,0.09601089073455746
117.46003755913269,0.08072257740033738
117.06827984679195,0.08347251974160931
110.08909947663376,0.09043724121787051
107.67723860241439,0.09449197058483556
114.41234709859775,0.0848175978133683
116.52482147859982,0.08387558557723414
113.40150689123233,0.08578524172096476
114.54047110132653,0.0880907223611178
112.18432327630039,0.08672632508926276
116.64734138207079,0.08353259625648368
116.0896156821382,0.08331187126626709
111.63514530388277,0.08950492040998037
107.58682964487328,0.09270913044649784
114.12582257168499,0.08969047810364471
119.91670756596717,0.07942929025797055
113.5287573714383,0.08321649962223507
107.65815877178197,0.0967466073849827
110.01274460013337,0.09349413368211831
110.39244385600345,0.09148664683759905
109.85079538280763,0.09055798091299204
108.28846366016292,0.09253062904784311
108.72093483489463,0.09618725798311761
108.8059097596757,0.09304404376823901
109.01097263318313,0.09039293961566597
108.06318626038917,0.09545540750148575
110.83080811709021,0.08476618010269624
122.64788038241133,0.07651649946619232
99.77965484446548,0.10901125891981965
118.81610706438344,0.07736297056599328
115.73084575952625,0.07977978527598094
103.65810941813557,0.10350503811308365
103.58062473903622,0.09984406769748957
106.27433281604738,0.09707398250658263
105.59741975477027,0.10163646816600437
103.78957852560299,0.10227768368972609
111.93041212000762,0.08282159985296925
113.89430972228845,0.08533814834814511
116.61912267765008,0.08781997872101222
112.44141812027955,0.08447494776064816
119.9503657822933,0.07975826447963244
111.74381829215837,0.08277631379525398
109.94560318611447,0.09439960415372599
104.75951472472805,0.09587044359551412
102.93645704913833,0.09928054705184627
109.31675534244359,0.09251369503632248
108.80790217661198,0.09298087354344411
105.77066334351778,0.09505013738667999
116.68683781054094,0.08053478346630165
115.12019118215491,0.08354389254395639
113.38113644637582,0.08764253966051597
110.91921440213115,0.08992829441525635
115.30623252796134,0.08756789148399378
111.29795656074575,0.08867778486292319
109.12705071622936,0.09679818073869581
109.38967275652854,0.0987008676107587
108.53526641484946,0.09612693028994311
110.37066355757153,0.09342891258804466
114.71276649251975,0.08774927327482004
115.1674096374663,0.08564954467467178
120.06355532442018,0.0746157554655497
122.77473683997431,0.07473018190671929
120.5910206881013,0.07600071754900378
113.8289825393712,0.08463719873758088
108.81870176019719,0.09755907225470688
108.13777527867651,0.09199077461222348
107.18874630551461,0.09280461017894397
109.5605583181133,0.09090390422688398
101.97532017399,0.10398063146138012
110.06872307011567,0.093291710549606
108.82590430434765,0.09164058347216361
109.48864764237308,0.09246242917335126
110.20043520830649,0.0948020928525171
112.37744775230992,0.087811204817756075
113.17118631665595,0.08628526761137956
108.37898472411216,0.0939241067486831
107.67044103010424,0.09329415562252583
102.23129970092698,0.09891236295616009
104.8333092813701,0.10145308643035218
104.97765075922379,0.10012955914004963
111.0383353362832,0.091434890259928
106.53954791775288,0.10066179899174266
113.60323570442714,0.08638185486909514
116.61626093908284,0.0835985153771036
102.54440644666136,0.10277917620180964
103.18812519443009,0.0963292874477258
106.29101511682966,0.09214876348242536
108.51410472079608,0.0957016404757506
102.83718849255125,0.10938984969132058
110.94831630694104,0.0913965820703379
119.52150512861013,0.07993273575814903
114.47347459808398,0.08187628988256074
108.09929121729061,0.09440030291504267
109.89843636880427,0.09661735620794273
109.38661911133681,0.09303703268322776
113.62314250976209,0.0878623230422006
114.1423347408559,0.08958823895894587
112.71164562051364,0.0857115835005716
111.38109837437786,0.0851491921030313
117.67739070929389,0.08496783412974039
117.58404335930334,0.08149388985063478
105.66164655376636,0.09739800677829206
111.05965364647484,0.0931417124009848
112.71262434288195,0.09412304849693058
102.89189597684205,0.10893132655231233
101.27818603065852,0.11143208132486389
109.27168382510708,0.10480247856145546
103.4229100949963,0.10632285182813901
102.90484983254427,0.09905655107968123
110.18503940033455,0.08817544580141999
110.38027948564628,0.08912480724327203
112.67502035171269,0.09094541271972527
108.31521970494897,0.0923034935828191
110.0517503586556,0.09373254247072714
109.80945898281229,0.09056101350045385
100.00001370776452,0.10750589837256626
99.76696080179899,0.10647380560753561
105.98446801553348,0.09692478966590902
103.5159573549269,0.10413016930482151
116.22886658228595,0.08305288058685287
110.99409294535181,0.08576465900301332
112.33545543595393,0.08669345045435448
109.16081687237963,0.09731465292035593
112.65760151316654,0.09099653718555815
101.32910202304446,0.10616601280080097
113.09297417786348,0.09104088723267617
109.94135726444257,0.09098107662872341
111.00858302525299,0.08835019961725958
108.477173566157,0.08781205964265819
109.05766227274177,0.0893132983967105
112.60365776832627,0.08324091749730338
105.8556719554855,0.09298804632513186
105.9042035390227,0.09474882001721353
105.36440329746526,0.09610441532329067
107.09467906201364,0.09966279113868819
109.44492603660684,0.0907024912369025
113.47965420246408,0.08750453304962619
102.5288658761081,0.10337489568729423
110.23505225014215,0.09087171704771338
114.07958361378512,0.0863759402146878
113.63855598714922,0.08546451786293156
111.67966112636834,0.08789319265377374
107.76443682198753,0.09439762985937719
113.89139642509467,0.08910801539210503
112.58193119139538,0.08642619225875685
112.93904245388727,0.08736473722432461
109.37533899094925,0.09442298422147981
110.29158289526042,0.09338348411972579
111.06577414977667,0.08955249428667623
115.80707630665623,0.07944580289467013
111.92006234933953,0.08615275215961873
116.91567827923498,0.0840667069694482
115.6202375342181,0.08531091024877999
116.53770698201662,0.08020711160059546
108.92829743548079,0.09140099939150467
116.3081516889257,0.08213206768177442
120.00509077025019,0.07900283457226111
105.63315426731484,0.10064626109746821
110.86967548218833,0.09018694346257083
103.50283714296168,0.10299709161215717
106.11511683437232,0.09964348952110746
104.35082617876495,0.09960765508056021
105.77016589577568,0.09650786949038893
109.77667227239583,0.09706411939897132
105.35938362987693,0.09533832030662491
105.6201546143724,0.0958873615555207
108.0123463958723,0.0947059534831775
108.57009387790062,0.09419070927163924
110.99404086576901,0.08820103543179364
116.7302697311054,0.08313814412156388
114.6024893080735,0.08131154158306694
111.06927317737029,0.09161808298142922
107.06730457438861,0.09666739956648511
114.69910229238492,0.08301593690756831
102.06899853921014,0.10141833870856697
102.53434501015813,0.10007657686724317
110.01411416058403,0.09280085567109751
110.62127544659702,0.08935338284457621
106.70705758277845,0.09741918347578266
104.64120370026656,0.10328869644305712
105.34830731450161,0.0986823512550656
112.74109263300213,0.08863112559714754
113.71672119014744,0.0876781825666399
107.88022588203238,0.09415758044408343
109.34045076220777,0.09350770488136172
106.33757710744858,0.09433611416894654
110.65239267784936,0.09212582568184456
113.02562502585546,0.08312424583465505
105.89882626224754,0.09086546958780015
105.63735093542316,0.09067342946402512
107.90148322916055,0.0930616505819445
109.6943704302812,0.09093521321572365
116.16236407953808,0.08540382194741829
109.04057850177178,0.09299900248105304
108.12303846038009,0.09884084028102155
112.0867325110404,0.09241227308175615
106.23777244260384,0.09801871447927192
103.62537388914038,0.09684078371715552
110.68244448805793,0.09214352089559635
109.33116611536599,0.09216293972976983
109.46936772090778,0.09012155950506774
112.9744884198014,0.08757188672674597
107.90421540537531,0.09414440243947186
103.62315608267745,0.10214166257039252
114.63158521164101,0.08593460511283374
114.63158521164101,0.08593460511283374
111.99059807654967,0.0874241845602455
101.81182145838616,0.10278189398499071
107.14690676570572,0.1005160737895478
109.74053617854057,0.09051946512678283
108.1383432517564,0.09146587239193363
119.79049579632206,0.0780219355162911
119.10185547070834,0.07837782395724324
119.31627990244687,0.07749791036900618
107.80538594359106,0.09380154446303685
110.38181808272212,0.094361602769012
110.56114293385602,0.0921646881457546
106.83996521000674,0.0926987477363964
106.14678069969679,0.08922302482732634
105.76855586536594,0.09753193604369112
103.9582358347248,0.0912027365980436
104.2407298989742,0.09238619318434393
111.60268260248215,0.08840276117446147
116.00601481015833,0.08526796245574425
105.69680097942573,0.09674840067532658
104.88241130723081,0.09595219076430374
104.2684807621283,0.096442105740893
107.75927521664251,0.09450816951075923
108.12788163584541,0.09542834184221274
99.85603293554755,0.10278646310064136
101.95345567178356,0.10782493706463388
100.76285802218638,0.10591155597621381
115.54674104026365,0.08123406891250874
116.3201405457507,0.08058980590975223
112.13032231440741,0.08665914119079358
114.18325840467148,0.08586457541132693
113.26517789100279,0.08939990288050002
106.0131011936734,0.09676715413595562
103.45017618763131,0.10638067827992927
103.4493826792957,0.10709491828796244
101.49435735610045,0.09897721722075414
101.16824247136718,0.1001301796764664
128.5651131173187,0.07365002126162584
128.47334500842905,0.07248403154097133
122.56066765563821,0.07754831831292162
105.17126007908541,0.09565422802239021
110.45804319647583,0.09474994778949898
109.21892670389722,0.09393720280343214
108.48244159153857,0.09280783019048393
108.34469499398932,0.09407026252589028
109.62155905621405,0.09401459630548364
110.41302467491543,0.08767583576352148
107.08463976011737,0.09786016553502075
108.57788194237081,0.09872370637623903
111.39921579809409,0.09431795175659521
113.80881738413053,0.08297775498072833
107.31581146628311,0.09986602741585499
107.13314119873452,0.1006633378452047
109.08315456380384,0.10205480406787137
105.53968163360128,0.10457002435188933
105.37541922502979,0.10245190569758264
105.92696771747629,0.10925840915755392
98.94276194704686,0.10740179465933714
101.77879579257397,0.10495950188320129
106.12280802618473,0.09483794962125196
104.76945099301136,0.10201268266264349
104.6889433779516,0.09995570171651845
104.67700049489015,0.1045878339708612
108.09641241986502,0.08850160589697842
114.41318904230687,0.08371885081441374
112.24280043469199,0.09180430507641647
109.73604824841878,0.09472754190997175
109.22733799186285,0.09926234299066099
112.32311203673089,0.08570735187931851
111.316706935139,0.08393117524481727
121.08220030375291,0.08004171243618029
112.32042874659244,0.0828402937700479
109.15435101464251,0.08616316484961471
114.58121397334129,0.0840104215052849
112.68234513224891,0.08495657040332319
108.98768473376269,0.09838839390994664
111.75305467652329,0.08892396145017915
106.11790751282842,0.09487563973042044
112.9896662913997,0.08840566201650214
111.49127187597439,0.08487275720687586
102.25261493365004,0.10725716394756844
102.01949958414679,0.10606134997804655
106.66160420801508,0.09323420559595526
106.90297353184712,0.09361937755217072
107.66338912837446,0.0951412583297137
109.32489237758395,0.0914253097266428
114.41448871524656,0.08462268992655787
111.12370899543083,0.09158769496312358
110.12404195664044,0.0902748764247519
107.6484798058671,0.09296258831889169
112.14273166115268,0.08789003696494943
117.58044480542702,0.0807204141075899
101.28967800823835,0.10620970615399425
103.2980882736255,0.1097356563542337
106.95698728004746,0.1004668434418991
108.8087354298835,0.09173049529408993
108.1843521149742,0.09219635461017164
108.95310956593282,0.09441982998572573
115.97062627051697,0.0823379489523907
108.35566786093598,0.09219758883306485
115.33684871501639,0.08398966346830669
116.24719510137382,0.08496040893160513
108.83779188113233,0.09171048242067575
113.93036665406024,0.08848755812802231
112.35537213709456,0.09181195357192262
110.2359368105858,0.08983425259232077
104.03858258065141,0.10511959721503383
104.59809824257415,0.10170994255485001
112.51602309511604,0.08603457925286627
112.71412985340972,0.09069033305620128
109.68747976851427,0.09434889814175366
112.44622566754643,0.088293958227248
111.94534381649191,0.08718226010752607
111.58242477251794,0.09137491351019794
102.29777902757256,0.10087066365291457
106.6215816733858,0.09956765927709264
104.78381370090075,0.09764144112983705
106.88762125464937,0.10266404753517498
118.22285136567982,0.08098456597164229
106.22375309860544,0.09590259396870483
107.13663496788534,0.0961032650868817
111.94118204362097,0.08753389809950839
107.96827742363513,0.09688720757904251
105.94271634344024,0.10201472193647965
102.13691122896867,0.10551087270411955
103.29034215712016,0.10231441654206566
103.10921357678369,0.10219624867922326
105.82549717373892,0.10295263736981475
106.14840876724656,0.1023075287244242
108.4778786453593,0.0932991057159842
111.99325349113596,0.08847147144164588
112.75622020428824,0.09213824534464361
112.2360518302856,0.09358565230788024
118.95053163732679,0.0852119178964981
99.1226023017172,0.1134140030386199
107.52997582087072,0.10535935370686607
108.38987246755035,0.10553929675904718
109.39386063868048,0.0920674128233896
109.76474792127125,0.09393335013917117
110.35608454686893,0.08718174552106457
114.25203135233618,0.08635409187117406
110.28787806568498,0.08858920920111538
110.29074470044173,0.0848898023205238
113.08690461350717,0.08742979401186471
112.51799203501908,0.08645343392856925
112.4681946413928,0.09006662232947855
112.37765623498078,0.08963911558117606
102.90631066861195,0.09962907017669621
108.24441772136008,0.09814868653425753
109.25933740133235,0.09749432843832231
108.42935678231332,0.09507522451458573
105.08211749193603,0.1008727211793664
103.3840467240983,0.10198148674235656
101.85492690189902,0.10199532676712493
111.62004277573328,0.09550486812939783
105.71676575267654,0.09401828915429775
109.36591658222225,0.0947417276653186
108.65899955309499,0.09164831896745823
104.10595076171865,0.10532684777933812
110.35690482235341,0.08848588255152998
110.84120664009508,0.09292741218927146
110.67702915500797,0.098842039396131
111.02573538922096,0.0982526847109678
106.69809037987494,0.0982355518045005
106.43342733489203,0.09957358212004157
114.88745137858223,0.08366325333206702
114.20861517419358,0.08424118476452
105.81347135155008,0.1068632955824103
102.39935302989058,0.10426600567737217
102.1380642205044,0.11028028774461923
105.01534193520854,0.10237747125606629
103.97946401139863,0.1034512561122762
104.7518986261556,0.10107612110435063
106.90262894579311,0.1000247009664579
105.64793164117808,0.098589077090119
111.56457468765903,0.09070812614135525
105.7891475657806,0.10310341387499279
109.54336313991338,0.09240841546874927
109.44824922801217,0.0924423348253158
111.56256751587809,0.0944891124776093
104.0174795145119,0.09721214611160237
106.81372101549495,0.10155798320422357
114.30983694121356,0.08063655912116088
111.51174701074788,0.09203940747426755
109.61995961879433,0.09667493202998358
107.06459536055415,0.09594640862183121
108.24156733432943,0.09323312212004325
106.90686813735722,0.09242826887334245
107.84249448191028,0.09551991244229875
104.94045313757356,0.09510747308483256
107.30886525542937,0.09209658399061206
111.67264378509635,0.09278128489736673
102.86471271865216,0.10697408199457936
102.8249710818309,0.10212980265243891
102.45616625301085,0.10192921265909967
115.1290307875244,0.0843276737365254
111.36620619594835,0.09303671288693095
113.40954711773384,0.08682847448315889
106.72138294770309,0.09817618839541684
101.94896149351975,0.11188214978289028
101.48010568638088,0.10572076430196581
104.26098517653384,0.10163916567808905
99.47868509961603,0.10517224830769735
99.10090268171035,0.10384044727239916
107.57912864323292,0.092628246378117507
109.91143194195374,0.09397224686833121
111.94780640884986,0.08830206872737471
111.70608113131074,0.09048356788437306
105.73726311908045,0.0937311728047268
107.2700404570908,0.09711045288022528
105.59380408053474,0.09708929826413316
105.2203654181824,0.09674717310641857
104.999337074495,0.09742813673863204
103.7310271856876,0.10077689449298766
116.14174726131613,0.08414772551612815
106.79635454067748,0.09755203031928113
112.87813971910654,0.08805421015537367
112.7871954552404,0.08788497489480697
112.64066036199006,0.08710742707201267
109.63208264194375,0.09022861687330569
106.89105013317291,0.09826457921708914
104.48164581683662,0.09999871784117269
106.17949826100366,0.09459628935262385
110.78008901376157,0.08888279593430258
104.24350918721233,0.09926045864410553
110.39124960109336,0.09358834795438899
112.81933889679924,0.08496738260327986
111.71997162982576,0.08908527584859491
110.89748766976457,0.08777078496883302
105.3849778933818,0.09941759661935867
111.08451194249264,0.08858436782394022
107.33273726909087,0.09202021165958327
111.6481061380936,0.09032289846409794
112.67623888235025,0.08126028349063374
110.69529319917321,0.08565368855577968
109.70278957076069,0.08731578530080802
107.79872319412286,0.09445497927894882
109.81030603136708,0.0911287088469786
111.45361786916358,0.09204116737625875
111.17460152107219,0.09181794814198738
108.26781516176213,0.0920381510395236
110.7203112309153,0.09430007872983535
113.97421205421524,0.08801420468639272
103.8910646009062,0.10343007393692222
108.71373173311768,0.09319572153760497
107.67581161364417,0.099461427614699
106.28301327792012,0.09990353608377925
104.73681591758822,0.0999493167870662
110.43572509639965,0.09082413000434406
113.03094295088322,0.0866775436272072
111.16141251842582,0.09324841185005438
110.77069385421089,0.09289249696013437
108.08750532625155,0.09986246464849674
111.54018620653662,0.08882319084693573
110.63409879094206,0.09211338560992761
105.65391317539891,0.09651211823302346
110.00397012748171,0.0916732531009655
106.05724757227296,0.09053539381283608
113.09505393606419,0.08704079582523117
108.05276686349065,0.09456340853824957
106.21262091265972,0.09569315629812904
105.94916128496976,0.09375983762844511
112.08595654184492,0.0854011205949525
110.18506228367056,0.08877810101235584
113.85160632041547,0.08900900393574031
112.1736572802612,0.08877251771956564
115.27305989028135,0.0856986949907566
102.45515948730348,0.10886662677939338
100.87638098748502,0.10580188662326634
103.78758016324497,0.10750847196460238
114.19746093928926,0.08714811054426805
109.89780093685482,0.0952015244751648
106.55969670955477,0.09591277191917214
111.10161713432991,0.0889497702786761
111.28584362435573,0.08814116056749545
114.5729549140297,0.08736419140903212
110.19442362226489,0.0924650978035706
119.84191081678996,0.08186355001913224
114.88460050709887,0.08396993024415646
104.48159253916667,0.10573891653632317
108.38713110591708,0.09410457395929894
113.84743189380231,0.08654776108381779
104.52067866319791,0.10157468610825847
110.51816906062635,0.08999263693394241
110.24013068156798,0.0911606029155658
109.60356203241155,0.09583685829692737
108.93338205920521,0.09382050587142608
107.71687082278356,0.09506083380426648
105.82742602259161,0.09457632485973591
114.05843191494449,0.08412260235331316
114.89787970063715,0.08588526412024614
103.92270486153524,0.10598580558894515
101.9802282827025,0.10442025503637693
103.0816219680734,0.10773715171123811
111.7122803500901,0.08815298068122265
108.383600698644,0.09389694502168099
121.50201413951767,0.07708160050728191
119.07273380803275,0.08170784257770972
109.42095883169061,0.09233147943013481
125.81009027484305,0.07439462980320206
113.430303673746,0.0831487408409949
109.2878164842739,0.09410417845179507
108.98968232482778,0.09544041804934192
111.57184393735743,0.09233999116625115
109.78745387581706,0.09111696523835516
109.33143211398722,0.09467282280480868
101.55614125748295,0.10349297102140251
104.22862345587264,0.10110866157910958
104.42929885844498,0.10259292258338669
112.8093771783593,0.08772744320833219
115.50097695891704,0.08540823847751385
107.91692626965398,0.09301944593889996
105.3843473139225,0.0993704946172134
107.18118370437783,0.10089060935239215
108.20118456900626,0.09695340024886046
110.00659354479454,0.09281777532333219
108.22171285243915,0.09281862326087108
107.50974965852159,0.09462842506177278
108.18283642150514,0.09761443793796565
103.36264227242471,0.10298738342350133
99.66963491186084,0.10875218543483947
101.1289926691297,0.1080923510991124
102.20411373605907,0.10416776106256215
106.90298072203903,0.10129213964494939
107.68997622070457,0.09443975490223602
112.31471164036803,0.08628474508274674
107.57965113074125,0.09676679868500199
108.71007881168556,0.10065464132418514
112.04522836274624,0.08956697067914063
108.64925057654806,0.09230449236635717
102.5894163065707,0.10079298934632834
106.0553439341894,0.1005319177891174
105.032064717544,0.09357120595163632
112.57520474357757,0.08921734253880215
113.73029050030797,0.0846270660797432
107.80849882864966,0.09177516040789671
112.21384932492045,0.08658310104586346
113.29359870449925,0.08735248088466702
104.30680102416771,0.10064054422758568
107.96204178413711,0.09738770305417792
107.09249766063384,0.09457313280455178
113.32416053112772,0.08567419167024344
102.83106076351874,0.10304315238595747
118.66263277585735,0.07875749947044974
107.88458910656014,0.09442808982137468
112.32609518554145,0.08872946570074929
113.56026181409385,0.08843286412245673
106.93718890105188,0.09316030259995788
104.82908810281879,0.10124563393737103
107.45432093909741,0.09766821823405059
106.90838335382149,0.09713010049415492
105.25939151450825,0.10242588688556016
103.59356531565908,0.1033097169999145
110.16009407929165,0.09064141131644471
110.27390801243953,0.09265319960869564
107.76638039953968,0.08990081039122193
110.1557212025226,0.09645420378769272
109.72539952493405,0.09389373558468782
106.80358679351704,0.09714365160600319
107.92481958634423,0.09955983247092864
106.65431219517937,0.09543195472636368
110.14317152246528,0.09063094944650837
107.35492899473748,0.09594117707455345
101.96657890316678,0.1076518633460068
103.54834539427351,0.1076870580307243
103.25138663642662,0.0977609969744879
104.08692411180309,0.10096364140262654
105.9024666937207,0.09867615222489809
113.36520489484519,0.08748382984970635
110.96084135373256,0.08508294593931207
112.55086241098033,0.08759232101156016
108.41613938258742,0.09593541937337813
107.88722720821681,0.10054677279929136
107.47694359271257,0.093254060121485
107.21306608029307,0.1000994492158614
104.52055326022077,0.09799723412124352
109.2747408600988,0.09599605028988639
115.14585921440252,0.08618033210296165
105.71889086761888,0.09856914281162824
111.45289559879781,0.08626952757375529
111.99516428662604,0.08660853454090228
112.33111089974929,0.0883166952997104
110.29745487380457,0.09384804035628695
108.57600168230485,0.09273679174480459
110.1850786042639,0.09690874903899266
108.60347329312935,0.09541516289356247
106.974035006208,0.09402954525297812
108.83265195691628,0.09969857471542219
104.57480628789095,0.09424909363613854
98.71725524331977,0.10444624780767792
120.10840183743704,0.07910863785354909
119.52592652081728,0.07743957657849068
111.82537518829582,0.08523553826338141
112.27652161340636,0.09284181011626837
112.83471488331315,0.08806583484372647
113.71139755172752,0.0867284292528458
117.50038521813715,0.07804329891228434
118.27834282947235,0.07708710033872791
108.04240656859646,0.09137690683589257
108.57216241881521,0.09956582663323175
103.27744490593933,0.09891523303567658
110.18428840983866,0.093622001123485
113.73595839603361,0.08306663306043648
111.01525130366493,0.08618768895841826
111.74251149854003,0.09248166173175158
108.47785350522251,0.08795626546927139
107.26904291511688,0.09144400346820922
108.11142580802573,0.09262089420277296
110.92079936316416,0.09207819486205017
105.26472382635326,0.0978305837830558
105.79410903264704,0.1010050876610697
106.186251979355,0.09806692240848583
109.62987059860495,0.09050178092209925
111.66387165287557,0.09089346707032714
106.37621901763043,0.09452882155428015
109.58283595227117,0.0909866359348161
106.39564470196598,0.10041267560501131
106.04191960043984,0.10323341098301593
103.67999173218503,0.10285649356762981
104.71867791364798,0.09783090938432551
103.47962167334882,0.09902169366557867
108.2665918885225,0.09747032727991169
109.24108328961748,0.09200393317625132
109.32116248181086,0.09234851720823013
111.48615438659186,0.08596797654307017
103.51182726367594,0.09984439467485745
106.55501695032515,0.1001600918636839
107.0969899838098,0.09573390099393883
105.57423705890092,0.10324996092475958
103.9647037541158,0.096471229584181
102.96183173239133,0.10195920671418415
116.27999202586695,0.08509653485244548
113.3978285021776,0.08577680269667357
109.84336215125067,0.0921186797174463
109.57243804004852,0.08825141386107278
111.94991458841908,0.09012543035942973
110.04065551970848,0.08784435541055523
108.61171680644019,0.09416046824427936
107.04365408330321,0.09263732430257211
110.36663473078895,0.08813602017058947
112.62457942476019,0.08661711582635041
110.98875136679149,0.09109664143288698
107.56975521782495,0.095502273995868
109.62340476588277,0.09223928741545194
112.68851606038628,0.09017506551013915
104.4173991698905,0.09505196954520793
110.13652112946576,0.08970239378402776
109.3487979927649,0.09207656365141911
111.36645477645075,0.09045897473215332
116.09133577043785,0.08046551527030427
109.11778067347976,0.09131832019221733
106.97379489484857,0.09628836194970322
111.03706463510599,0.0916787142510158
108.1588466807436,0.09620230555714451
109.65618733367965,0.09402548624805535
111.6135043281577,0.0848373724870953
115.0648775971459,0.08388086667468103
117.71379134714462,0.07708139074584044
107.95105479837301,0.09539170736849156
103.38217425178615,0.1023646582508436
117.40530195621179,0.08058414715511707
114.47774591649119,0.08682963974616968
108.70688129325472,0.09634204362850277
105.8693104751303,0.09702830943148825
107.98616036224942,0.09572896499187615
111.52728536416394,0.09271958147966003
108.15357280982168,0.0972031704694832
107.80921861299005,0.09588880111224478
104.18459008838686,0.10237664632237797
110.90303083465898,0.09054702494475136
110.44970233161872,0.08819129853333879
104.317318842734,0.10447658780154674
103.3015874835154,0.10213744423126403
105.54345969050023,0.10269889615001872
102.15929356697178,0.10249762255255328
111.56714260722488,0.0881329363169387
118.88908164644322,0.07969620382833839
105.12616971166051,0.09777091801293979
115.63845392626217,0.08339901130267433
107.53314861222051,0.09669915290235509
109.2740817166891,0.09426407815498761
108.50429122739132,0.09310070015494867
109.48624236638905,0.09232138248198943
108.74478237444434,0.09113126573116939
106.48617259680141,0.09699052703537704
108.60836942958198,0.09264111905355746
113.62153873900316,0.08481554613305112
112.9347582511668,0.08520870226881835
112.72831023683963,0.0856166114794538
109.1019923926539,0.09152809523929833
102.63466376707439,0.10688922218125141
114.16005562348032,0.08440442654686696
115.25607583827589,0.08249789430508216
113.72023475000154,0.08938696262019614
106.78592796153485,0.09674364280224132
113.54634158270804,0.08812771686016801
105.59501125695452,0.09482145428430995
115.18793880182128,0.085100263071862
114.8476058022376,0.089270773546945
113.46483468915825,0.08766030017323076
112.34397706328134,0.08765540089194844
114.72964912651693,0.08323051822349896
117.34424213768195,0.07828944810435595
108.71038883659847,0.09114024581561733
109.72463348995414,0.09428535988806834
107.03924114686643,0.0945987452713005
107.1473359353743,0.09826743396474111
106.45352269459158,0.09874431168255428
107.93400416323462,0.10129068051906286
102.89770164611502,0.10215131010660665
113.42288673869206,0.08167268421142544
108.56617806717142,0.08941412658374157
106.34698142884719,0.09781194585621929
105.25320894779556,0.09848326439087228
113.25798110382965,0.0902634239033464
112.70800665113816,0.08565304443368134
112.32808414948937,0.08629518958534424
112.80615881919141,0.08893841752344668
104.60690840297588,0.09756290843330866
104.80598486516563,0.0967120648281764
107.15421050472236,0.1009421096321399
109.67267010063853,0.10567567005634415
109.20693272378823,0.09330666181956454
112.426241605992,0.09707792000602573
106.75321677982456,0.10037146274801519
109.21783198489118,0.09936902955570028
109.58243967187235,0.0934230993335037
111.27489757924053,0.09846505035735431
98.27207136191971,0.11573228401542504
105.747979681904,0.09910282560593557
102.6867283406446,0.1020827084011813
116.89561687592983,0.08157609614381724
119.44756177347081,0.08261596253711169
119.2680186294587,0.08441944031931178
116.87179129390735,0.07853399127745286
114.47125083489182,0.08805644501191247
111.84082891903378,0.08598129713272232
111.66723579384404,0.08626495473236223
110.03920397771292,0.09429083382976358
106.7142359952349,0.10541365456514955
113.368964550579,0.08823214790212866
109.36803682960998,0.09197012323710928
111.90448981871319,0.0936197409439245
107.7326870316901,0.09879762078515747
104.75951230417215,0.09741171200138121
107.7012061550075,0.10206955975376138
104.62482642464776,0.09022284998027635
108.82196814041521,0.09646488865675598
108.33641787029919,0.09203810398954089
114.76809215430261,0.08729788020384031
114.70642301659514,0.08274462006838651
112.93061392469002,0.08885031108896438
107.00375373535911,0.08955289053470837
107.12165458246582,0.08989732117615595
108.19771901241182,0.09283342531494092
108.40234992580761,0.09152854154329804
112.68031760627206,0.09097270351076539
104.91614603841889,0.10101660464770247
108.33575524503685,0.09632721760790061
108.20132906780336,0.0942908287964694
109.56240706994943,0.0912692744116322
108.64969617995358,0.09292736443324222
106.8827716475193,0.09746465157981782
110.64632860740316,0.090363004452084
111.41344526181012,0.0886617386446763
102.46486182013479,0.10249946981433238
111.73578472440586,0.08608185160236825
112.19829724163155,0.09119691509210857
111.8001358208636,0.08637579765044931
107.20399477244275,0.095092823315576
111.43168101562173,0.09501104727297269
111.2068668480203,0.09502674835772199
100.32085154212946,0.10809828715715121
103.57615441822799,0.10750407443041107
114.25065918793406,0.08376584796121395
104.48512073164916,0.10371208291673051
107.24291158020726,0.09554574164238204
104.79968392136085,0.09795961916930256
107.23730844210691,0.1023245969953498
110.11752349373937,0.09374476537170237
111.19457132565422,0.08869844091762542
111.79284386750801,0.0915630363834049
111.10008584192785,0.09274800412001273
109.52280717731917,0.09180021335319026
106.39575040462343,0.09705348545689098
105.23806365363394,0.09634322367760545
107.95887689401079,0.08861880370285527
108.25779502320925,0.08823212521713893
109.7917351851126,0.09148752432207677
110.41384733503709,0.0926826090193913
105.8264477412634,0.09928878400520287
108.00507112464733,0.10001641040217801
106.30492951215281,0.09353797861306547
109.11681807512383,0.08927196648212764
110.54858923994088,0.09583243061300696
107.40020004402999,0.09575576609631807
115.37311430217605,0.08412331735430278
109.23118462841774,0.0902467675684048
101.47182095867524,0.11042763288289538
109.30951309840175,0.09048188889080089
109.30021175260978,0.0917361242486572
108.79760003297054,0.09829059932964264
111.48734756256341,0.09257576787306879
111.2437016090856,0.08260942038361888
112.52341184730942,0.0841435861055794
112.60805099913145,0.0885915267078686
114.384388372785,0.08397898968915292
112.3208536699554,0.08605952977866498
119.6304146429509,0.0755783872422407
117.931768388024,0.07866173644793112
112.42237149762165,0.0906123080997285
111.04130036591556,0.09224045824178607
110.09003470774653,0.08724986738771683
107.962143936866,0.09579228873390787
107.90918319108107,0.09579580335595267
107.11914705795328,0.09715869469259844
112.08407118022232,0.08588080456165831
111.10671344301342,0.0894974313077554
112.98473963358008,0.09078353148272879
114.60185240668498,0.08216280245663389
106.71235801804458,0.09975639822968076
109.29999936084795,0.09028698667269605
110.9165401644729,0.0907277354710975
115.06163021716576,0.08345882075352042
116.7883847800441,0.08509273980938979
106.28709770395773,0.10404765079089029
108.95928404610254,0.09095285203162697
110.38531441587878,0.09268995269891289
110.8418001802197,0.09111071384843282
102.19682865784061,0.0999565768582446
99.26520412725488,0.10912337064399186
106.18011672280745,0.09064698467659246
110.60343376013603,0.09856893598014106
104.4006091927318,0.09728624868838238
108.54868935456793,0.10307478422301809
111.40300026536455,0.09567803314208231
111.39979656408254,0.08329813899296447
116.85337050247449,0.07932594081708708
118.58185006977921,0.08325808225979935
118.95882991831446,0.08344987903858979
110.66372646903355,0.09309535996062503
102.55485616422865,0.10317640883940209
103.81757404465634,0.10253144675876165
111.24575088714052,0.09307763241647792
112.93830871994906,0.08927815207432085
113.13673416660487,0.08981321934062067
108.34188804756751,0.09333352978015497
108.88220130923969,0.08981870092616823
116.51522140649604,0.0818796193006478
107.46079206851844,0.09325657064245929
104.46652195299625,0.09974790617295325
111.38161893836545,0.08451755437600324
115.94027867879899,0.08638682182300521
103.67560971880731,0.10350603951384897
111.29510549252466,0.09288751601841946
112.10277130158677,0.08749517223551934
110.96827710196331,0.08742178109646784
111.75694393853048,0.08857276611046766
114.10904761675961,0.08256675677349758
112.98534916049044,0.08521359329994353
108.74828541744671,0.08972367574146178
114.99961202150344,0.08542975836460509
107.88132536793506,0.08843485734734126
110.19823245659397,0.09130141494086605
104.51335218049545,0.09263422020226993
108.75600158406378,0.08966718507763197
110.39134080982517,0.09502683040606069
111.52594386995534,0.08693640563624526
105.05563088963494,0.10152666566816143
106.15601232813658,0.10077216109603111
110.60034174802557,0.0934059276088911
112.98708309255552,0.08903646461463456
109.05766629396426,0.09201684126030614
112.06437947201971,0.08647107629722754
104.1123794187517,0.09675585506751566
106.12527030441834,0.09456620112484301
112.8586852157848,0.09480913294813875
114.03744206022265,0.09345609088838124
115.13099954756008,0.0837872836778287
115.15477016266298,0.08368008976968909
108.42172619105384,0.09105348548015803
108.79689289963764,0.08946862033462545
109.13722680379354,0.09032084310562892
111.27907080120977,0.09045842163080484
113.50329358710198,0.09321138612831352
111.36232020395612,0.09051476702413083
108.57735524062605,0.08924036118565312
107.46511274456002,0.09918619696057719
100.99863127224499,0.10337764696414407
101.92015384480356,0.10074308528158799
105.40737415718407,0.09796446507168544
115.67057238393689,0.08415127081058929
117.42271206908347,0.08375000062539999
117.69153471940395,0.08032116234102178
111.49291725140255,0.0935255320621537
110.59047364784183,0.09003512792354171
112.75711267647914,0.09115926028688183
105.10741539339953,0.09622879338236784
109.77551640323361,0.0914885905831055
117.81775487275748,0.07873697193630666
115.53672351533599,0.08424021076138791
116.18930952578616,0.08543700160521729
111.8922952306508,0.08481280298927965
112.94349553217265,0.0851352775029191
113.0942858406231,0.08360478659251767
112.5615190959658,0.08523790124138152
113.50607054496366,0.08707351145702957
105.31517162694485,0.1036601381246997
104.69146476115726,0.10103681458543202
113.34111137687623,0.08502023962273804
115.49648370149843,0.09095942478788971
115.30330773803007,0.08038697462792214
113.25640984437375,0.0878988823322877
107.97707463402703,0.09376805501367216
111.957172724697,0.08427840507352147
110.18721311108699,0.09328833589731822
117.25624401217762,0.08068825666452632
116.56022590359417,0.07954457558246063
110.30991637482924,0.0914883095470921
116.23309542530264,0.0817468669721262
106.12921678371308,0.09548919974537895
107.06149660417177,0.09180025387043164
114.53031501414617,0.0867359842431553
105.36495247611046,0.10152240839742999
109.4466777537701,0.09275249356934664
112.39815553954334,0.09324069248870712
116.2189160061747,0.08441571861659529
115.75313656458482,0.0823416188473364
115.04178271715003,0.0851023029941375
114.2050970794287,0.08613836445936714
114.37615015162245,0.08569026571541033
115.06718785104678,0.0833803771011956
109.42945379356016,0.09048161055090338
110.65455323748368,0.09195287119713551
112.69417139568914,0.08791986394464217
112.55368007281758,0.0885921487241604
113.56910203856003,0.0861803058650224
113.78754759882136,0.08770838623301266
126.04944750613362,0.07111976028401942
127.53630513002857,0.07287471664144356
107.04216329285812,0.09405986694569735
108.39523333206462,0.09354467828509262
115.75088076710453,0.08468139034040688
112.30023897293118,0.0891195908172116
106.4401648860326,0.09665632752426681
111.44324470748937,0.0903184753042541
115.34686870063177,0.08367646173689208
104.21043643839096,0.10225189685040705
108.90643713871984,0.09533586602647175
107.00691231462406,0.09653676324526625
110.32125334909351,0.08900906563742046
109.02755996450314,0.08939342599992475
115.02159653900002,0.08886567198911931
107.29238271378671,0.09204227607281129
109.3046491112177,0.09058418271111113
108.46931242649026,0.09677670601152415
110.17281747365453,0.09942938016221618
109.21109119210746,0.0878698487664255
109.27508692144745,0.09178821279146383
111.20126506806645,0.09405384034701347
110.8823652828304,0.0862864879833544
112.00160166432669,0.08524269939234433
112.42089537391557,0.08441700156955045
109.14197647912961,0.09256799708812535
109.15803341526308,0.094534088717345
105.94089038040525,0.099013787479121
108.89610380815078,0.0986926680963436
111.32706124483663,0.0845887237176986
112.15280086720517,0.09144595595897725
107.69373353037007,0.0937275881361565
111.13088796886828,0.09181765088444925
107.27981310325566,0.09616540593139676
108.90012726458382,0.09299051552058143
113.50947991227054,0.08864275070472344
111.8325184942525,0.08671503815282552
115.59527801741406,0.08518006946616591
110.7690925520433,0.09031195853431366
112.76769551235645,0.08993171779160224
113.34606909720857,0.08921950958928918
114.25335738560278,0.08706065191250233
115.02549245042754,0.09022595116796525
112.01822421402186,0.09069728648692396
112.12055363023677,0.09074519389680666
109.44496993106597,0.09294364440984998
108.76762980275133,0.08999335660340954
104.88449601787492,0.10101169613789927
113.61773920989152,0.08105135718922706
112.12768447090193,0.08659094626052505
108.9911896743445,0.09324223965745475
112.14563888383785,0.09532590715205816
103.48053407912069,0.10311054696860598
104.69372701368506,0.10387051404898197
110.32846698651235,0.09578811883454472
99.6914625661051,0.11559889304812965
101.29190759155786,0.10276177832265676
105.75152559617835,0.10598798291531962
104.04354613610631,0.09862813239410596
103.91328744813956,0.09950779656206833
99.65316229654594,0.10473578667898835
97.68213853248555,0.11674406360863704
97.5218518411117,0.11276826356470777
100.40202592826438,0.11142587138730305
109.76633519748037,0.09485045282567675
106.09341941035257,0.09944884783379182
103.17671603262617,0.09927077153313847
107.67688287274044,0.1011854868328518
114.73110966378246,0.08139393386172279
108.3158973545652,0.09628869595964261
113.92261994992516,0.08566941395774723
108.66518426309152,0.0983212089363153
109.25238006874655,0.09590679774037067
110.72085877485742,0.09056932587666067
109.97577688763666,0.08744731078892944
110.78925699281655,0.08838343262594721
109.77092224707722,0.09140577225352477
113.95630486307385,0.08387276229611838
107.38626778130774,0.09947757030489479
106.44688990416526,0.09432969737263328
109.05122250077768,0.0976062681721967
109.47295562020335,0.09914572051463062
106.64132884487472,0.0942310768362318
110.44975611070592,0.09172167013842164
106.51193637028047,0.0969931533684206
109.94523971317338,0.09147839811051947
100.34179292939142,0.11030614958951233
97.87048253629928,0.10954199810690878
103.99657609612629,0.10886831663157608
115.2111808626357,0.08692589145914818
110.61340527941485,0.08765043257712955
107.81098111301215,0.09841004912268914
105.84147401498548,0.09853134578015857
104.48048756575146,0.09647824038005132
108.46580636127763,0.09102366283252664
109.55354752674585,0.09153110999505881
109.09794643726245,0.09075264981208536
116.39339668326055,0.08561109633626873
115.31334932492106,0.08353074863261212
111.90957609029671,0.08543471261739033
110.5883289028363,0.09464312331623571
106.8023042453112,0.10241659434111007
114.73281944309223,0.08568400493903229
113.4408954565849,0.08386362368480735
119.56638383316702,0.08076920303982513
104.46909024150744,0.10128823608634972
105.45464022743313,0.09882927340701347
106.25674926988918,0.10034954748427302
102.85033382055612,0.10131408922855725
107.54038188384631,0.09523497455923279
113.03965360545581,0.08502370877779625
110.1521360747172,0.08638538159172465
108.67352405051645,0.09020789870243569
109.66351547311673,0.0936475363710304
115.19008756342791,0.08916012775071276
114.04113590012255,0.08480334008897823
115.280328570168,0.08968551398344014
105.69680860052705,0.09596888924457148
110.99384757555923,0.08679438584636409
105.4947752510722,0.09737514111331441
104.87673394555264,0.10347581309169898
103.74818218741179,0.1081625460112942
100.9530166529561,0.10564980901105395
111.6724659552906,0.08466447217301837
114.67720483672277,0.08595822970060299
113.42889597608016,0.08770309618262215
108.82411811254103,0.08969774962523316
111.63333844029637,0.09015534244445214
111.68835029889023,0.09121475878095726
110.19060540640048,0.08996850053094733
113.86711006566117,0.08486876225005002
113.22293536706484,0.08799361160872815
108.98688247616552,0.08999156600804517
111.79846309938979,0.08818313301382774
108.60227837990988,0.09300202420882087
107.84361122771648,0.0935390751000363
116.63439500375569,0.08207719071273073
114.90731325967042,0.08514852811485016
116.28269739438461,0.08152665230562121
113.7008782558501,0.08584073981452113
108.06662663409537,0.09629054507058887
106.64984250144984,0.09640220345294918
112.78248924214512,0.08731097693904724
109.22962815703676,0.09426753623578084
109.91667894176625,0.08781063311070364
113.31332881077297,0.08831017497434483
112.21377739220819,0.0908847756543707
112.68692408223487,0.09034308928383453
110.22367652320054,0.09138004106403165
105.48454925675011,0.09808261976374738
112.77815125204818,0.08819080394171108
115.26346830165231,0.08737961092536674
113.65484086023996,0.08710198551013132
111.43539592943885,0.087924940707879
107.10510972295813,0.09861390050693375
109.93209607299738,0.09530320750359537
112.31044589524748,0.09177821989943633
104.08306664393916,0.09680981489918071
105.94351151450593,0.10220146868781736
103.5432235346148,0.10377526107274557
109.55788351304928,0.09273949306511899
110.74726171995623,0.09029463036438373
113.52049649116209,0.08818851354912922
112.74380374481441,0.09132972331981347
109.88941040093863,0.0868517369060975
109.77231567954058,0.09013230923264641
109.74676878537467,0.0939683349470401
99.22408615709436,0.11034578192591933
102.54155851994945,0.10375564088057088
103.47910287084665,0.1038983702052656
107.41550215541473,0.0944716325850667
109.1527020434862,0.09729670779831731
103.14997232974663,0.10471294717244121
99.76173016187458,0.11033658901128186
112.55315723230878,0.09307233651665613
106.58974996805121,0.08631708645258426
108.36814985826071,0.09102971790382115
111.6531253345266,0.09364688945916962
114.41221170561361,0.08185614478917534
113.76122490825733,0.08242978915947387
113.3799213199316,0.08685568621042315
109.73586805370003,0.08903105072319387
114.37024571591611,0.08814336503894886
112.73296664991176,0.0869060788569176
104.09004906644404,0.09896588249229805
112.90789360548482,0.09028584313995902
112.38126001227434,0.09043803853570224
103.3009267184676,0.10099085432343122
103.02729796498423,0.10772630339256764
111.90216627052075,0.08717350575980795
111.81746276784489,0.08665652712361817
112.84054613918923,0.08777197646113521
104.71672431349128,0.1026576926187544
107.69339633733513,0.10013502550110877
112.68251285338526,0.08723427156459762
103.7381453631675,0.10350593347300842
116.38608483071668,0.08585441758931223
119.10511495909157,0.07967084511758
117.21545434851242,0.08040378833280573
116.35665768706895,0.07693855212276239
119.86163933474782,0.07612459277655649
121.58063177706508,0.07693284744242615
116.29825457439817,0.08346457329826192
116.40894763446114,0.08043892251420132
117.26374438416262,0.082228578628273985
105.90917739697063,0.0963258144638558
111.41970230632141,0.09223889987928828
106.46400179882802,0.08865967884346654
110.90345940022215,0.09519871779502598
108.5111474928366,0.08554928311774954
112.17515996753906,0.08924059771177659
114.06295887427649,0.08878471613852361
115.92011813748651,0.08736973290591891
115.8156361094542,0.08390328387072649
114.19302358305937,0.08777241268142945
113.89416745922837,0.08365504072858122
114.31026920942156,0.08412386741942976
111.80834667926483,0.08450496350784548
103.12690566013733,0.10322176577290502
111.14382594764254,0.09252072771904152
112.15591897990868,0.09655623599919376
110.81852615348491,0.09057386778594081
107.71061385091369,0.09272659756030253
109.61430419361642,0.09113811788695282
115.93947169228022,0.08356352008058969
115.04729603727236,0.08745024079377281
111.76298321205576,0.08934035769442147
110.89568704589298,0.0933919098764878
108.01875012610495,0.0910587860560857
112.11315177485336,0.08241250064289808
119.44258056232113,0.0815967850934887
115.44879023744602,0.0815971655195097
111.59249668660645,0.09246226478796117
106.39094401270478,0.10127932640626683
110.37886592401514,0.092760430768733
110.23973757326783,0.09080558051810064
114.55553378323219,0.08484963934397106
114.24442592381348,0.08832446653851031
111.40056174244485,0.08897118717378658
103.5465224207797,0.10143502508897917
104.29819660634064,0.10094098817275933
114.65693484900095,0.08427053476330178
113.61739628445689,0.08618968788359824
114.02334625629119,0.08987791315502655
109.89772740269875,0.08934603883897707
109.22599029059275,0.09246277434180315
110.56855711208135,0.093772747835997
106.87227762750837,0.09262839654785428
108.06562188015695,0.09891123471612731
111.59277851428412,0.08849480937382986
109.78389432323303,0.08955602459558244
109.83748416938296,0.09088524023340036
105.58271367552061,0.09925942629890835
101.95941483750045,0.10808749676711629
103.71870577776335,0.10523832394892056
103.7056966555984,0.10162832365538466
117.72065813427554,0.08227825694406085
110.12748588045156,0.09099639979075572
107.29416527163657,0.0938794701522346
109.0966749685275,0.09457289954962034
104.20130009399745,0.10644721355867261
102.96461886573617,0.10525246501343319
105.07861427138721,0.09876401550918329
106.60236258335479,0.09708386641764673
102.55493656778715,0.09896726919136326
105.12529940009992,0.10220032869448681
103.73825910458973,0.10017283079486812
105.87821419020102,0.09805848333022449
108.01778974907063,0.09410144312404002
110.13535804156596,0.09106479937294752
116.14873967258706,0.08074879562857439
112.82312642771652,0.08799029336138622
113.97236892301139,0.08826989427665541
108.0932987446439,0.09418381561262965
113.24982054243318,0.08523711809240075
115.98351581649649,0.08141430319508076
105.98925225185079,0.0983386323893051
113.89927968332293,0.08549807748907369
110.27645753527753,0.09030335514505633
116.02555941101383,0.08691822518762196
109.38780378213167,0.09196073899705742
104.80145219288053,0.10160797513660902
104.85055118141483,0.10108788683245627
104.65980944300138,0.10407022125581213
103.84075173182859,0.10547251438213977
105.38192195694583,0.09523012030049882
109.45253658503832,0.09649429492923159
105.57019269649018,0.09987444230438053
104.94814379018095,0.09903820971653056
114.70943383467859,0.08663378660704357
109.54545947274984,0.09206667044872624
106.84393043508916,0.09466680902976936
107.41779875210634,0.09853236735796192
107.65311753798855,0.0985165371979416
112.2457507809435,0.08514228127555859
116.91589401413859,0.08626946129664706
110.25057766337652,0.08678213507758911
109.39264414622758,0.0925958434289245
109.75407844591948,0.09259336636266227
111.95321535139382,0.0881963399575474
118.91578476459232,0.07776791868847545
109.47395565657858,0.09054320248597705
111.74768941320498,0.08750790446096161
114.01054613864898,0.08554254069916062
114.84173038392207,0.08398459042382368
103.66477705393562,0.10329752754745201
109.48711839126086,0.09463659947404211
109.85334598373824,0.08996184207400083
109.5923543360156,0.08959298017617574
107.92479157438184,0.0943221476864908
106.5012814029277,0.09539929490471816
113.18061629495402,0.08693375418593417
108.97492903979472,0.09205277374409791
105.64153875971158,0.09820673530704774
106.68009247101554,0.0972385938446051
107.78314349994614,0.09604476238609415
105.41735177189462,0.09619268204229901
107.2898336435478,0.09800641374942341
112.39336046990509,0.0858943081335246
115.39037477473094,0.08465871453019364
117.1539701727738,0.07952800103716245
106.48917725919523,0.091445821725347
115.7291561808277,0.08895091775073019
109.95760191648063,0.09539749900681517
110.33943624775682,0.0935069128453977
111.94190981022668,0.0937556874077686
105.42342764429853,0.09570133751435944
106.25957936368678,0.09823501382663365
106.96929226024515,0.09619367338736878
107.07658165427227,0.09434554623616179
109.69679693462061,0.09708268406552897
108.554580823758,0.09411638730676979
108.1303141558593,0.09262168124257605
106.63895659854711,0.09656169448142755
118.54412780429297,0.07983875736361656
119.78184577580227,0.07887667989337013
116.60285651471995,0.08296320445477667
120.63424005061864,0.07865967145832961
110.13859116403329,0.08745692288588806
114.52366657961085,0.08387979152599487
111.12202800421426,0.0886164199458143
110.51466450684703,0.08956375408265169
107.97266520103837,0.09608327151127588
106.86018662768952,0.09432846077716035
109.76296517157378,0.09435979879878602
114.96760971719957,0.08276003263238814
116.18052625510322,0.08285323183744898
116.51432514684744,0.07926129976163157
110.08334703232984,0.09414556761577317
108.2427911263508,0.09198790118582424
108.89767030950253,0.09479169482360783
110.56163455006721,0.08976172423213422
110.89843090381653,0.0909163077894985
111.6170450987683,0.09496536014420481
109.17929486072076,0.09200776274508124
109.04868657955615,0.0944205860474008
103.63603828477262,0.09982841134429474
108.76261497034449,0.09654397942859312
107.3613752279801,0.09693549496953228
111.71245621252233,0.09240810030759648
106.87469961130309,0.09687429065087054
106.99654440261688,0.10097844041622263
106.33829105401888,0.09362060220830028
111.34788560428501,0.0981801598530468
110.93246883647565,0.09311186976447958
116.8613847574091,0.08823809226944655
98.03423593294909,0.10560768843375486
103.8854234590588,0.10456485341343168
111.38965562250212,0.09063518759995028
108.71263329864526,0.09537683164512498
109.54296597870267,0.09385647547408603
111.25654350699672,0.08567781680338785
111.51391188691251,0.08815774866880967
114.85183928419717,0.08578146030013806
103.73440706033652,0.09785713996592647
109.76823109999309,0.09414776905125799
108.26735424716735,0.0943168935682487
118.97329858492739,0.07933061233159935
120.2221330302452,0.08094917970859813
120.2221330302452,0.08094917970859813
112.35544531221662,0.08704050840258738
112.61311009740177,0.09028823539021513
115.40490305142069,0.08286125443548997
107.0055774857533,0.09415910565081996
103.630463414837,0.09133513881915428
116.40335330572148,0.09139672028380653
109.82165774796883,0.09638570191240486
117.5682668573861,0.08676922790334729
110.75445616696868,0.08557669799628115
120.30495973168578,0.07847539259191691
109.6866460716205,0.08913801613514573
104.79118192157787,0.09163926619431968
125.95281788137923,0.07664108112381979
125.30370671406239,0.07604317054390232
115.40781671525447,0.0846733903953171
115.34007762685681,0.08599924184045797
105.65940301057832,0.09645895772577956
107.26907627665055,0.10029721301219253
114.93790915338074,0.08415082411063869
114.09944975713287,0.0833679712242854
111.40838307618165,0.0902285476163308
107.06158659574047,0.09839936288178344
112.08014595679374,0.09253587220613478
110.83543477685089,0.09031517162973658
111.98269772214077,0.0868246969454845
109.18401123293349,0.09010032861278225
109.01131189286413,0.087443649781849
109.93648425442208,0.09398027226223152
114.69530161883331,0.08589407515934716
112.78968944159784,0.08665936846911526
106.50589782521305,0.09557318008393995
108.23732652954367,0.09309631943716179
107.18377460288401,0.098207168269957
107.57791636219035,0.09920376590922865
110.75048091370313,0.09565285953641997
104.98336406859406,0.09308042485005727
111.74646155719728,0.08568537233900868
110.1758034985808,0.09064199128333549
110.92270627036064,0.08777096163518242
114.65306178351513,0.08110257480118316
106.62713753752199,0.0932663499620809
105.77992243175581,0.09169605961357113
108.5920751537557,0.09135888023347177
107.58886824309842,0.08682979879320094
113.22936540988707,0.0856663060616178
109.03996927238812,0.0953861730607366
103.48359236665394,0.10096858033116768
103.69407964177701,0.10086485307464471
112.85256100325974,0.09559932470060285
111.72296470637137,0.08792084233371329
104.18469215275896,0.10716741043116469
103.86539122957579,0.10434634209226157
103.0447053945439,0.10019415269573403
102.47945194916409,0.10303372447371469
106.79808456493264,0.09949861198649028
109.44675477012792,0.09749257053508704
105.10722469290019,0.09469427721918132
109.8405709151384,0.09215403913488171
107.05328540018994,0.09473752335647494
101.46603387721942,0.10334100575388988
111.50583022405047,0.08589928725985223
120.4396494412373,0.07175506611352332
106.84393060251331,0.08955445823165388
112.10359412439317,0.08893941362103837
113.82701875612062,0.08370574881540621
109.75955550935852,0.08252015417106186
114.57413391667123,0.08135809585839415
117.14255505062454,0.07781198988793275
120.63186465623754,0.07365849746545693
100.84502872280706,0.107413175054168
112.09123672769235,0.09042355191675283
112.37020393337701,0.0881590053389422
115.44954276988742,0.08460021943758254
105.93368476708356,0.09818684224488766
112.30748181741728,0.08945063450636902
108.41664354357933,0.09509656351486051
109.74965757370485,0.09627371670043527
109.70643813991776,0.09173837747008039
104.5591055518778,0.10430191198382106
99.28796214583065,0.108310697019091
105.97023066562734,0.09405979423204222
107.8997526916343,0.09898433411719873
107.15625006687273,0.09684097830838537
104.24949569706831,0.09995410643027576
104.17962434073405,0.10202203297513061
102.68280922058165,0.10136606996757744
115.19059815767999,0.08477153327275154
117.75035447988594,0.08377744364114406
113.3872957787214,0.0857161308748725
106.82134821195233,0.09299287435627471
107.33453414616314,0.09006362114026364
110.06200959313402,0.0921575494164204
109.33877273880461,0.09149363500639715
109.58313175688603,0.09110169651469853
110.3008888131411,0.09180629292289402
111.62312010384265,0.08959227780009592
107.43487798373911,0.0941123107131285
106.64804405855119,0.09726050764455381
116.19314912065086,0.0825047333294081
103.41666083781418,0.10063235581927521
105.94045977964521,0.09932882048891771
105.32424206681223,0.1009800307784908
107.81329999600614,0.09303902905990104
106.53838150688708,0.10172502879468277
107.46250619398332,0.09670387223471737
108.6032139698527,0.0926188454966278
111.51277723360971,0.09394489454591323
105.6779666223987,0.09584331146352225
111.13381613689758,0.09103632720401966
111.66917798026348,0.09082596217112672
101.94079397324505,0.10451427292601796
98.97240002704758,0.10598209464425232
116.57967836861427,0.08477856475224683
107.551174557799,0.09436486224511655
110.07080382757924,0.09392349542838893
109.7421099496423,0.0912561172943268
108.72017479798214,0.09656413125340602
108.80971880132363,0.09242433856725644
110.67201086789751,0.08934928749246077
109.72204860721264,0.09077351178478588
116.48551348335158,0.08298896778172664
114.13056226693074,0.08375811610480287
112.81937874046656,0.08796388492543067
109.0312371334689,0.09468183974889793
109.28776427510932,0.09040566003417559
103.37118436195496,0.106335072279883
113.87000307475334,0.08408021316350911
110.03067793709957,0.09180741261350399
103.15448278194903,0.10490038082993561
104.12703655850017,0.10199645857283296
110.99306369056087,0.08971953882927759
117.77694194634608,0.08083494724102673
116.37775218745163,0.08428397574107398
113.937396969565,0.0847850162518055
110.55674646663005,0.0883503917623994
113.68699675260834,0.09110307680723755
112.62896697249337,0.08596439777765269
113.75762780857626,0.08650328227082471
105.69309383877274,0.09959463606253369
113.11141448951484,0.09212504016972466
113.3404069129781,0.08350216646292342
111.10780141377222,0.08738104526454701
114.92483092317251,0.08402607487262623
103.52095175934642,0.09790128901629658
106.18701643315386,0.09171268245059352
107.69957942553242,0.09312454993488023
109.25675112214158,0.09469068987819093
103.61694970225642,0.10065308453606055
111.25392169934447,0.09172625163176357
114.16052931284236,0.09214828035614103
106.77129833213733,0.09564955932963766
106.84035037826507,0.10202943942751576
104.22711772084108,0.09736009954973773
104.3939959738931,0.09905134603014405
113.54400088976595,0.08797351087102367
116.10356889380157,0.0860124393351014
109.17383130882573,0.0906013337149803
110.00073546133785,0.09777257329368741
109.33701233152247,0.08949437593311942
113.23206285084429,0.08875649595955835
109.38495778632095,0.09720421948616315
105.90499086683468,0.09411493904890937
103.21741759865415,0.10026367652937672
108.40072196847208,0.09381953113706644
110.40607506662894,0.08942201902731473
108.39702250933857,0.09367782618842278
104.30013782953029,0.09667731196762498
104.28672534923183,0.09875472020455434
111.44478005563562,0.09168507693888236
111.21418103717026,0.09021237053793507
112.2008923659839,0.08909892501204225
106.98259676907234,0.09178914430569977
108.41661969437543,0.09278145374533069
113.73893299752969,0.09211351525005639
113.03717574499491,0.08965399815167086
117.68203887915539,0.08172756463996488
112.20954108873413,0.0865204575104622
116.00796914483416,0.08036110533621145
117.35371398790326,0.07910507800092643
116.75263640769597,0.07708671312517476
116.35295939374723,0.08282102198960492
116.39041612528867,0.08364794917687636
115.43455678576774,0.07953732052056117
115.22742961395411,0.08631117242758295
115.92684691544072,0.08463314400232357
116.67922862240978,0.08574354570874407
115.522414986762,0.07735666287283256
110.6030106532517,0.0858869453857699
112.90596464154132,0.091794788336725
107.95889297367539,0.09753988592561513
107.02460845055718,0.09981644213165043
107.71229398122824,0.09421555453326777
112.15154161647182,0.09244931917134239
110.14799475850342,0.09160272982581562
108.66385154966208,0.0961238317485561
113.23103545231005,0.08378226336084528
112.00912665434946,0.08832223452431263
111.72514220467393,0.08550322841005613
107.42810193727055,0.0908813795204835
110.81582176701241,0.09107623909506483
109.96085595399515,0.09108680646433207
110.51427166892474,0.09160624750937159
112.0185568163912,0.0907965637247789
108.03832636438028,0.09652031081614404
104.85984322666945,0.10117499813790813
107.1606003173784,0.09939078927951854
111.28855642336447,0.08811459945038436
108.29372228400277,0.09832060157813957
107.41233081956926,0.09590545550354485
113.49376285723783,0.08926178792612986
103.19246242571451,0.09596500482561103
103.41024684695677,0.0970429187902544
106.70224392026272,0.09989882276016832
109.30541731621634,0.0986195400958439
107.34225972329992,0.09851406077354408
109.61822135069922,0.09918787263823425
106.00886364372516,0.0966822291691402
107.94264040249773,0.09393522702901676
109.58811605080943,0.08902694602614077
110.00330984804985,0.09180339903251303
112.5674024447053,0.08376889625905445
110.25432843871414,0.09467879479276366
107.66930738538503,0.09651977770532608
112.74784496194954,0.0900629180104781
109.20910516925636,0.0915272000187482
110.35418775117816,0.09514831691140911
109.59217529707404,0.09229690620927986
105.92650445023551,0.1007543187569696
114.48356169727782,0.08673067877768885
114.00223236921394,0.08610313080088479
113.41360357308847,0.08926997246945806
115.42243533798909,0.08767392799622298
108.74619309075666,0.09413409926656563
111.96291289897195,0.08783512759482764
103.97184169597581,0.10009596294467338
107.92146364362111,0.0951133350387813
105.3013276540248,0.09875831174621992
106.79727666940884,0.0917242345844579
107.65000246726252,0.09030253101045999
108.55676798149311,0.090720217106721
107.51150113490122,0.09018456594816221
106.50409532170518,0.0973817769177725
107.64290416603086,0.09918779556991247
109.15186753910979,0.09634472624175174
108.34367171760086,0.09628460513494799
110.98732434512375,0.09677623208708022
107.15276003413013,0.10037336887922685
107.31696306609729,0.09830434748533928
109.12516531791982,0.09535858673901118
109.6569757056231,0.0938975822259656
102.52577326343317,0.1028181944898823
106.04666282202115,0.09008149842642983
104.97808313460814,0.0972747883099863
105.14281498699734,0.09529368838831179
108.179616972313,0.09475653010724211
104.1107427869104,0.09502911918679134
116.67340558774637,0.08236899298080941
113.4318916002394,0.08382854494056621
109.1816420486152,0.09031034438655262
108.22786478946848,0.09748053468237407
106.71664257053968,0.09799154930863724
106.4326222491882,0.09834043224503969
120.03660040239498,0.07500956049261481
117.5911868193587,0.08190655099228544
112.90429367898189,0.08128552862899355
110.73052049369183,0.08514527682467457
111.12787385787784,0.08551411544129132
109.91849694677673,0.09524446536770388
107.7052998389192,0.09368333331819245
107.00503277857457,0.0947134820822324
104.15117627748933,0.1060174647401735
103.49455696080823,0.10324073607564309
107.73373124953153,0.09809005883947983
106.7451349008809,0.09824029961404951
113.04499706245065,0.08468077002190838
109.33917687621279,0.09719207600837224
112.4504641566041,0.09040394048806878
109.18670316772508,0.09278470918889031
111.09306288398724,0.09050609058551766
111.44023531916369,0.08997252242919908
111.03231511611307,0.09019899896489518
110.24926504786495,0.08753308129880001
110.32784413325263,0.08675685357756928
111.62768669063868,0.08822981978142849
108.08638535630897,0.09027910457847217
110.11956907316679,0.09232567568160324
110.75909405565312,0.08806087547169383
110.9823211529465,0.09280540179833746
119.28187394506185,0.07830959340794048
119.43847910172792,0.07855484764746017
121.93626922611169,0.07357728823878583
105.0323358718705,0.09615229867845439
112.3773681924778,0.09012453300375589
113.8419568742673,0.08491490754683345
112.56209917846489,0.08575445348759396
115.96804000436676,0.08472810006401092
113.8978378526199,0.08724539948710222
124.29631822308166,0.07608892445601326
116.3258063081319,0.07551401180972397
117.21242088892144,0.08311291268280582
103.92106354718639,0.10288568148488485
105.66088891510219,0.10563504947292514
103.7096489870995,0.10247353497849747
105.68809734494086,0.09561392912070846
100.95858278162241,0.11446106273667248
112.76750255427733,0.08494327844912765
112.02579007470501,0.08637638846854735
108.11383070841131,0.09421944446026002
105.37403067917552,0.09957390488476353
110.05932463206811,0.09270582906488258
114.35872033173696,0.08602342860232283
114.7024200936878,0.07575562665263152
117.23150185569366,0.07703990262039993
118.85814608579435,0.0834128416160417
101.60028777789424,0.10818691359227336
104.1802414536653,0.09876336551650797
105.06039094605825,0.09500183798352536
109.20499594834811,0.09584148746895427
105.78724551796387,0.09478981964825751
104.23183954452566,0.09571410705894766
105.76941549638433,0.10130971064441126
104.72185129917382,0.10023386626458759
105.09300053978536,0.09857446250891204
113.00367188346118,0.0918624400975634
108.14981841601252,0.09502607182160352
115.17325105266444,0.08444829491681718
102.94476741974587,0.10566050392802566
115.50135899039682,0.08642631681373943
107.03118303420052,0.09871600348101302
105.3467201581259,0.09897545660802859
107.87310166098915,0.09509133192988942
108.44794101753267,0.09540455573471897
113.5991188940353,0.08120627233474823
114.56869987935704,0.08807904327474061
112.69629882558965,0.08656732912781746
105.40569593372597,0.1010133347351613
104.679216871336,0.1007636573967156
106.3372838973785,0.0957128079082051
105.44410491568286,0.09760581133773408
107.79315281431356,0.09011073971988073
104.85369245765278,0.09426462196358924
104.71153298440824,0.09349413105620023
111.91385907780034,0.0864744036908715
114.25754328021947,0.08774440220805889
111.8017775631777,0.08833002584937093
108.51459516228687,0.09863339938889581
106.31848105868701,0.09723936242826613
102.1701969662562,0.10406667321999405
101.23879690010097,0.09929274578937741
101.97181853705605,0.10241638802536873
108.88861097991278,0.09576951836358687
111.30669627688431,0.0912201641160167
110.11092565893397,0.08904152086239979
104.58009466022376,0.10158991802888687
104.17194719962067,0.10448745110001441
105.44082336871796,0.101142941592002
102.89871588557611,0.10051692044922589
113.15756866271046,0.09000838791886998
115.18777253709753,0.0807958296897606
112.72531774080484,0.08510722233117257
106.121838906118,0.09864916788459371
104.60399954773476,0.09502573531036163
107.93547213257416,0.10605378853678751
99.25560164617643,0.10184399973472454
105.48595412015415,0.10093429140796592
106.05991804825801,0.09651551125732816
107.61486537440335,0.08938515657863369
113.69897611629642,0.08591247526935045
114.19303582021598,0.08515289856151052
106.10898005116728,0.10274027447772131
106.1741985371992,0.09434605251610986
107.3250703141973,0.09756811258212009
110.8312051141696,0.09069444933452525
107.48512268534046,0.09389525963160707
107.23334149758405,0.0911672656909155
111.71655670480294,0.09426504529479762
111.85949067444253,0.09406851112319362
111.18134731020615,0.09356487156143198
108.19756634412387,0.09225128727313371
104.3615710349306,0.10543119237462747
107.24684512666468,0.09845208854494289
107.72017019587393,0.09757277708241145
106.98247091363002,0.0995154743722077
108.80623036328433,0.09289069722573462
110.40736332368701,0.09013039625158958
114.8573915644569,0.08411328556737811
105.13636160916994,0.10544708183584574
102.62777118021465,0.10554200774775563
105.9400288817084,0.1043186292451557
108.50757640673254,0.09390676392397439
106.98519179603882,0.10279738920583838
106.35858443381287,0.09468938838789986
106.61808843978976,0.10160871956414554
106.61504762688429,0.09652230994191033
107.86217266391526,0.09549627414518262
112.45309138675663,0.089336523310496
105.81112763968214,0.0999668477421434
110.39549643415683,0.09511264583395215
110.51355104265662,0.09229338769458371
106.8101078860489,0.09479157484066304
106.60672378160449,0.09553168701972886
108.06637481042242,0.09506419992965083
112.39773034203667,0.09007118165645073
112.39489076025511,0.08202538177532526
108.56907883704388,0.09678076583853024
105.30969814541864,0.09450094186558781
104.12453725405287,0.09820551013176697
112.48758723807501,0.08945505573275354
109.17861400544939,0.09250652156575412
108.13847661402114,0.09354050681947369
109.94280139116174,0.09339843039082127
110.64083588074989,0.0897078967066839
112.54886083443188,0.09067055694804226
111.38124594649267,0.08794543071907208
106.1368244269981,0.098308146287627
104.34573680209739,0.10419333848423247
102.10525110458974,0.10464907438912811
112.4432607846914,0.08964893424747868
113.4835092924678,0.08394245293483425
99.15234745521502,0.11634630260672899
127.85584924086199,0.07274925327836151
103.60987351218414,0.10220269639621411
102.35828108137767,0.11263552879792876
114.07536922290518,0.08404536536675623
110.57079723004516,0.09259722491595823
107.19786718279536,0.09665269861813336
110.39232205576305,0.08967240739398939
107.87944570891098,0.09813864567289195
108.20988886215088,0.08725554896525171
109.91244324033576,0.09054003545118483
106.5935057478834,0.09367736100509992
107.50957836638278,0.0939352474808811
112.49580295996738,0.08754739565882934
111.81298971934962,0.08824523125809516
109.93841645590805,0.0949596446070595
107.44944778243084,0.09644000248799814
103.6111319057322,0.10061388328787282
105.60939265192437,0.10114104754119639
122.18497073249955,0.07716684695896793
116.09324192951158,0.08317583853016666
117.08675446040588,0.08609617339868406
108.86726828266127,0.08657793566275028
110.11213505668013,0.08937881646309703
122.90104299295814,0.07729483786546555
124.38234999362741,0.07428863721642343
114.55218313062362,0.08569448044709195
116.17957902491811,0.08360832740010825
114.53119681160648,0.0867921393743692
111.4355640961724,0.09020391272323541
111.62621094087316,0.09353619581482558
108.82359502151171,0.09347185927076469
111.42264478203366,0.09022272583951402
113.16991875575829,0.09037191074118325
113.03254958290367,0.08658616964315603
116.87098186913403,0.08192383297096664
115.18222234189851,0.08473966981782982
103.87192747424649,0.09857236058747537
113.58744961107739,0.08776182451256283
112.81374661241068,0.0890684474163923
110.89889903273769,0.08886718200955564
114.24669938903129,0.08158199023243971
101.73325731670374,0.10391893861177906
107.25284095038373,0.09942926376508632
106.03608462164152,0.09926812453074747
107.11102435360581,0.09566411167119132
109.25797693396059,0.09746269672084251
109.08389615748422,0.09750374966129241
105.1045951462013,0.10085506013696545
113.96531006631228,0.08509317449202566
114.47918166494203,0.08893254533232095
117.09505297055975,0.08171919087545368
117.74492685776914,0.08031277738300743
106.49184424325647,0.09582446261713638
121.29881458120961,0.07723605360284078
115.84458758094037,0.08735121776242058
107.90590497143754,0.09120239031269474
109.19854817858942,0.09612063339367967
109.31405947590171,0.09635357662070307
108.8932950133519,0.09499234315118986
105.69671255555693,0.0959186121513344
115.6783895822956,0.08657286874758152
112.26978557611092,0.09054025166664724
105.33468205244932,0.09482062321049767
105.25250974223586,0.09557604296703567
104.50995872116899,0.0971705037452899
109.32908746462564,0.0975051862899127
103.69053101678345,0.09927101315275336
110.01410483424027,0.09525555464224292
108.75883102950903,0.08858904461931835
115.50130597842416,0.0847643614916677
111.95562939129887,0.08700499055043857
111.16087377671896,0.08769599255070339
119.55235687040742,0.08163975457339948
114.81500625234214,0.08178620626772984
115.50929545296478,0.08374147170523565
105.57795354064199,0.09882363104274015
104.34298762642597,0.09993190244810111
107.63169093271866,0.09586480237586305
116.75908812151951,0.0853572769816502
108.97709760751142,0.09501531653127754
111.77740333748736,0.08824069067749683
112.92630092491821,0.08698733182585273
110.80562910292619,0.0931435234060246
111.7609591624411,0.09096776454044339
110.68172239159482,0.08747809765669601
111.89861483197477,0.09332800153741315
107.14132393468117,0.09827806618538605
106.5044336341707,0.0960695635034643
107.47210331192551,0.09694788513560158
106.3937081766229,0.09822962586259122
107.13359269649773,0.09876233694993423
107.16908823732791,0.09949058516533521
106.58012450252093,0.09723408782385638
107.72364288261213,0.09495651268111589
107.47924108081044,0.09630227191630085
108.352454762207,0.10005574427552943
107.13828568067578,0.09496583052475009
107.11005181341719,0.10363629915497559
112.45351795497426,0.09273374019590203
107.47961171437444,0.09806724816614128
105.28295838241395,0.09874388096997755
111.8302908270116,0.08577883993390911
110.64953888430595,0.0912877647194603
108.01789710811339,0.09330754941618245
108.0341093352346,0.09636575066009323
108.05090139916086,0.09252409355070838
104.83283569568889,0.09552288645055018
104.48731473604307,0.09484901834163872
107.6336166357681,0.10238163981330765
109.56313097976529,0.08718225622166488
106.83282549232719,0.09489262900192957
112.11742207994489,0.0904969827327179
108.99491821233828,0.09238063354445605
112.74226172243958,0.0912662855924638
105.47167149619284,0.09586050622582915
107.49116935058697,0.09891184528560677
107.46384164507164,0.09934990624033053
119.35880629024176,0.07908424521947764
123.93757518101182,0.07364771884889615
114.44157638308594,0.08258004953222844
119.09399190226368,0.07859129032278547
109.6206638843806,0.09628218656758596
113.56226490565582,0.08469176208234973
114.9060467147081,0.08735990227697796
115.40789340196794,0.08537273443958784
110.245659734132,0.08709446125610026
105.19283992897824,0.09872861517239767
103.13990144470516,0.10617877083939918
105.7839470411145,0.09990943738495478
112.60224388085702,0.08676043728913045
99.00168878491425,0.1146346131831018
101.92964251416423,0.11083500763258798
99.0734546341396,0.10570007435317186
99.33081404763162,0.1110356711719671
100.49904429353764,0.10726781890436837
118.95301880956939,0.08006345144262754
116.19311937221849,0.07947673374357125
114.9594969137154,0.08089903904300463
109.8868193456247,0.0957826174159248
108.39175070634687,0.09342215441324046
106.6276486158567,0.09860106808796669
117.03509567486115,0.07935101023508073
110.15685517096294,0.09115185937709372
111.24798526512234,0.08976080421875858
108.96432039143805,0.0940305922219066
108.8126859003036,0.09661083239941508
108.90077345064239,0.09578073784011887
107.33854926384508,0.09298995479477024
105.6908566101044,0.10233779877842478
102.85649463257006,0.10164100556616201
105.62690776737055,0.10430245346869571
105.72618506814277,0.09790891213347813
107.91048915621842,0.09197383050531259
111.24979405380579,0.09192647735330942
111.5504213341606,0.08979540967856504
110.14288277176992,0.0960092673881209
115.92081905611671,0.08572380177443244
115.03828979307741,0.09026920479228631
111.60525799545123,0.09043448510260657
112.90864071024478,0.0840883621380952
114.99227057139211,0.08077858741731635
123.0022890304827,0.07273038591976123
122.48775916156484,0.07436692216710983
121.95236320583098,0.07326739449989521
111.57303794943323,0.08539661861986775
111.7119551663807,0.08958962196107609
108.25708007719531,0.09714471920411054
106.9474774328579,0.09735549338439811
106.65548439524703,0.09870846103655952
103.09368064530985,0.1050002174433587
103.09368064530985,0.1050002174433587
103.29335142520617,0.10660949126962631
111.43172561569396,0.09203209115095352
102.06918024758477,0.1027837962955178
101.94047357910381,0.10137156787862624
102.67169691521406,0.10024703216386009
99.25742432986206,0.10784147893374861
103.63431625070919,0.10154807852530795
108.83650866179146,0.0912620615383676
113.69581799987846,0.08678618224359005
110.22618186926042,0.08857145269786053
110.74573645636892,0.08720137720379928
106.26216612420014,0.10389235937204695
107.03085481586442,0.09564758619224914
114.01727870097942,0.0862683447233946
103.94090344808245,0.10191460223062464
104.68647127553989,0.10329717826566882
101.89639125080336,0.10734351943128367
105.43256553261081,0.09656687693258849
108.31500662070006,0.08976330351328887
109.54176408003138,0.09751823689463654
120.19352388794886,0.07761197114046214
118.48109107687539,0.07715273729742926
107.83881208735566,0.09897734967123242
106.92551028295935,0.09797480853500322
104.93833746349287,0.09651672466013472
105.30297437114935,0.10478326384481147
104.93858924004962,0.10476616778992896
102.96053904171666,0.10321626582590414
106.86785340146514,0.1067630561855298
102.95274996497935,0.10173502351888244
108.99824172962812,0.09465986664932088
104.74336409693814,0.09390475075498506
103.60884027632166,0.1010620084894618
115.53784236154759,0.08503177496108982
110.2355758984049,0.09744859810503906
