river,year,MK,LInf,SL50,SL95,FM,SPR,SL50.Var,SL95.Var,FM.Var,SPR.Var
delger,2015,1.7076825616003077,156.60440874415906,65.67,89.67,3.96,0.125272816786767,64.82898039550184,154.24847285097167,3.077410238169219,0.002426860046519626
delger,2016,1.7076825616003077,156.60440874415906,56.58,67.63,1.93,0.18561942806222018,2.62856101285628,8.745146621610234,0.11786144697751948,9.017737480477162e-4
delger,2017,1.7076825616003077,156.60440874415906,60.04,65.55,5.03,0.09497401811071447,0.6846006864101061,2.134342493843792,0.6238051413785122,9.799842384794758e-5
delger,2018,1.7076825616003077,156.60440874415906,59.65,69.25,2.54,0.158323409126046,3.2046962082561605,10.552310057664512,0.24013837743330813,6.369150476321164e-4
delger,2019,1.7076825616003077,156.60440874415906,85.33,112.72,8.62,0.15633578791452746,265.5236458007502,433.0476347880606,85.71057239657578,0.01958511825471435
delger,2022,1.7076825616003077,156.60440874415906,70.63,86.92,3.25,0.18495783180862485,6.201494326858068,16.244569289739932,0.42143509104588484,5.827930028280599e-4
delger,2015,1.8109830161635196,144.18002512612836,65.03,88.32,2.9,0.18787239262931532,56.14347185158806,134.18029806051283,1.6279058312583041,0.0042304601557904805
delger,2016,1.8109830161635196,144.18002512612836,56.43,67.34,1.35,0.27932244226397973,2.6580876053191598,8.573613124981513,0.07808378482231719,0.0020141299609716798
delger,2017,1.8109830161635196,144.18002512612836,60.04,65.53,3.94,0.14019367713638314,0.6945419747421089,2.1427089864766913,0.42435917301815396,2.1071503385618106e-4
delger,2018,1.8109830161635196,144.18002512612836,59.51,68.94,1.85,0.23570704610516227,3.256737855153728,10.540367951948735,0.15781206278567153,0.0013913606714580844
delger,2019,1.8109830161635196,144.18002512612836,85.01,111.89,6.53,0.2270711675174574,253.66954693998935,410.60493068345306,50.16004764277807,0.033408016254277646
delger,2022,1.8109830161635196,144.18002512612836,70.44,86.44,2.38,0.2697289413921003,6.315955822939866,16.212535028416948,0.26704754154094285,0.001146804080081733
delger,2015,1.8218550640983846,131.26944483798712,64.32,86.97,2.12,0.252492452226653,48.30552929392938,116.21991433566798,0.882428975888228,0.005920258236143249
delger,2016,1.8218550640983846,131.26944483798712,56.25,67.03,0.93,0.37691998412040156,2.699098787612761,8.464336546612795,0.05288313421481549,0.0036565491323965853
delger,2017,1.8218550640983846,131.26944483798712,60.03,65.49,3.12,0.18490761459443708,0.7087587363437753,2.16020367621966,0.3061962216711904,3.6753328367995953e-4
delger,2018,1.8218550640983846,131.26944483798712,59.31,68.56,1.34,0.31527015786103457,3.3058370727501045,10.549536100456004,0.10598387189096893,0.002479962464667824
delger,2019,1.8218550640983846,131.26944483798712,84.6,111,4.92,0.2951378172243379,243.0146418312117,390.77450663047625,29.466280608557625,0.04436975477486409
delger,2022,1.8218550640983846,131.26944483798712,70.19,85.89,1.71,0.35279819380893146,6.458879710745867,16.298038120495058,0.17164614581983137,0.0018247343817018146
delger,2015,1.7996246627521983,140.49543482761288,64.85,88,2.7,0.20076029097595097,54.192523701917366,129.89508538888404,1.410416081124247,0.004548401212821638
delger,2016,1.7996246627521983,140.49543482761288,56.38,67.26,1.25,0.29876656294241916,2.666611194992312,8.549976550966694,0.07138921139753542,0.0023031443627054287
delger,2017,1.7996246627521983,140.49543482761288,60.03,65.52,3.74,0.14914213899741838,0.6976683097346541,2.1469222681665974,0.3937608892467024,2.3862472291285978e-4
delger,2018,1.7996246627521983,140.49543482761288,59.46,68.85,1.73,0.25155270243872896,3.267671701411258,10.547751568345799,0.1440443302728359,0.0015830067090907632
delger,2019,1.7996246627521983,140.49543482761288,84.93,111.73,6.13,0.24098976035997308,252.1803210609863,407.6393016482833,44.55816048259166,0.03587298137561651
delger,2022,1.7996246627521983,140.49543482761288,70.38,86.32,2.21,0.28665935683632504,6.354161248207302,16.258181212077076,0.24125352093392832,0.0012752161930554974
delger,2015,2.27352701446322,132.97335692234367,64.21,85.97,1.57,0.32924223365263017,42.874350969118076,100.2987808475344,0.5339196389867034,0.008152173709052595
delger,2016,2.27352701446322,132.97335692234367,56.43,67.09,0.62,0.49149524048679244,2.7128090384214505,8.262617201132194,0.03678103997897947,0.006113070703926917
delger,2017,2.27352701446322,132.97335692234367,60.06,65.49,2.44,0.2399496933734741,0.7135486757970223,2.1453610160518277,0.2109282269540524,5.899818871065889e-4
delger,2018,2.27352701446322,132.97335692234367,59.44,68.59,0.96,0.4061952633235762,3.3477765416723764,10.36406925221586,0.07382431472901987,0.003991534230887832
delger,2019,2.27352701446322,132.97335692234367,84.38,109.8,3.88,0.3674668688068976,220.33193358571958,348.6261012775741,18.743316007708714,0.050953791785367596
delger,2022,2.27352701446322,132.97335692234367,70.34,85.71,1.29,0.4389732596446892,6.396669978674683,15.572175575702182,0.11862538714148212,0.0025124608997646337
delger,2015,1.459562128469581,130.01112774091902,64.45,87.93,2.82,0.19154161445830184,54.00650412905447,132.98957284934082,1.4743053041336698,0.004162223286645058
delger,2016,1.459562128469581,130.01112774091902,56.1,66.98,1.32,0.28598158298756593,2.686597324810179,8.645634388996926,0.07729920266577896,0.0021394831784868687
delger,2017,1.459562128469581,130.01112774091902,60,65.5,3.97,0.14121695373936916,0.7049006494788731,2.1735088760255596,0.4506276442445727,2.233019353062513e-4
delger,2018,1.459562128469581,130.01112774091902,59.22,68.54,1.81,0.24151177403558038,3.2730500600047323,10.724267297718939,0.15500184629694716,0.001491869885385919
delger,2019,1.459562128469581,130.01112774091902,84.81,112.13,6.23,0.23360485460849284,265.34456398464505,432.50669785536115,46.695992240997406,0.036006399232782434
delger,2022,1.459562128469581,130.01112774091902,70.07,86.1,2.25,0.27934191009358955,6.529613727609723,17.00551703925211,0.2531639817443436,0.0012721630399049149
delger,2015,1.9236287412030564,144.85397696900282,65.01,88.09,2.71,0.19674586924258605,54.64891096588931,129.86655712041522,1.4292816757540487,0.004409694826540869
delger,2016,1.9236287412030564,144.85397696900282,56.49,67.38,1.25,0.2922041932708908,2.659488391744896,8.539280555622664,0.07049156404988288,0.0021956990819062073
delger,2017,1.9236287412030564,144.85397696900282,60.05,65.53,3.7,0.14666639167242,0.6954578137293278,2.138902104798271,0.3841146343775573,2.2819499822613007e-4
delger,2018,1.9236287412030564,144.85397696900282,59.55,68.97,1.73,0.2460859210064803,3.2617249504548647,10.489971707287232,0.14276784769509987,0.0015044867120106043
delger,2019,1.9236287412030564,144.85397696900282,84.94,111.6,6.15,0.23550621697658602,247.34085542024368,399.13744330884845,44.44660112123734,0.03364421103794545
delger,2022,1.9236287412030564,144.85397696900282,70.5,86.44,2.23,0.2794805485903555,6.285763719384468,16.014892657527312,0.24138216535302817,0.0011947420395901271
delger,2015,1.7269793985385864,143.83622724189135,65.05,88.5,3.07,0.1771172244001699,57.37565456040824,137.73929043187334,1.8143111552868538,0.003918211933698084
delger,2016,1.7269793985385864,143.83622724189135,56.4,67.33,1.45,0.26335980764937944,2.655665973662534,8.613285850545555,0.0847197111890355,0.0017967017049702644
delger,2017,1.7269793985385864,143.83622724189135,60.03,65.53,4.14,0.1323162417046526,0.6937184075577522,2.145124596248218,0.4610180065220774,1.8916283641818188e-4
delger,2018,1.7269793985385864,143.83622724189135,59.49,68.94,1.97,0.22268990318821455,3.249068146402996,10.571342857778838,0.17115040797861752,0.0012489603170022078
delger,2019,1.7269793985385864,143.83622724189135,85.06,112.12,6.86,0.2157861837353239,258.6129079710505,419.65166668900565,55.44227761141126,0.03177230790027751
delger,2022,1.7269793985385864,143.83622724189135,70.42,86.49,2.51,0.25638191594865856,6.332397954425568,16.35660349158415,0.2904279222944306,0.0010590631704024006
delger,2015,1.7919476257846427,165.34975550004108,65.95,90.06,4.27,0.10946082662520754,67.5703293187915,159.43631662369842,3.6533015854453565,0.0019917604683425795
delger,2016,1.7919476257846427,165.34975550004108,56.69,67.79,2.09,0.16198697905327025,2.622591520314331,8.787519031663383,0.12990030937746974,6.903120045029126e-4
delger,2017,1.7919476257846427,165.34975550004108,60.05,65.56,5.31,0.08345030835523029,0.6810025148420544,2.1267304716185302,0.6766858265631976,7.54045782290258e-5
delger,2018,1.7919476257846427,165.34975550004108,59.75,69.41,2.74,0.1383822794586311,3.191633365125289,10.517851675713375,0.2658234004823463,4.869376608335037e-4
delger,2019,1.7919476257846427,165.34975550004108,85.37,112.73,9.23,0.1371431558027711,262.3801955084383,428.2772286706657,96.53313644672103,0.015449996537312334
delger,2022,1.7919476257846427,165.34975550004108,70.75,87.1,3.52,0.1619327771971769,6.130939077875867,16.07351323387861,0.47370452153867415,4.514883113218048e-4
delger,2015,1.8183399933939122,134.77955963602616,64.54,87.38,2.33,0.23125836795493326,50.64139434026196,121.62000828586679,1.0580164952537576,0.005360001897624092
delger,2016,1.8183399933939122,134.77955963602616,56.31,67.12,1.05,0.3447938170322485,2.685652805814002,8.497076263130392,0.05921854698200941,0.0030605590196969823
delger,2017,1.8183399933939122,134.77955963602616,60.03,65.5,3.34,0.17040352964508704,0.7040347273649687,2.1541878875893206,0.3356006211397098,3.1142027107563993e-4
delger,2018,1.8183399933939122,134.77955963602616,59.38,68.68,1.48,0.2889973495949814,3.2907892591945753,10.546205278348548,0.11905110315280067,0.0020815627571843
delger,2019,1.8183399933939122,134.77955963602616,84.72,111.28,5.35,0.27322018281869503,246.2700426048179,396.8207949073338,34.4727273194707,0.04099369131461493
delger,2022,1.8183399933939122,134.77955963602616,70.27,86.07,1.89,0.32586101809619783,6.415917626991513,16.274392244774045,0.19546506427254418,0.0015891068168653914
delger,2015,1.6489289405147805,174.698723843232,66.37,91.02,5.41,0.07814124867930358,74.8432017166213,176.18648642318692,6.040544269796322,0.0012190493684676386
delger,2016,1.6489289405147805,174.698723843232,56.73,67.93,2.68,0.11565398143512454,2.611764964534746,8.917819086996612,0.18411763552024052,3.5707497164284206e-4
delger,2017,1.6489289405147805,174.698723843232,60.05,65.57,6.48,0.06015419960211343,0.6755197072569618,2.125072943551718,0.9442080392375706,3.9777590996578894e-5
delger,2018,1.6489289405147805,174.698723843232,59.8,69.56,3.46,0.09944113118033951,3.1630512302327607,10.557461432246045,0.37774614373597537,2.5549200926576655e-4
delger,2019,1.6489289405147805,174.698723843232,85.54,113.29,11.42,0.10003012981677054,271.6244356108315,445.94125985299644,146.31830932134804,0.00943477849406585
delger,2022,1.6489289405147805,174.698723843232,70.81,87.34,4.43,0.11803660481461342,6.094636218036169,16.21592864864482,0.6870931763420823,2.5538891713159176e-4
delger,2015,1.674270011200195,169.6862823154692,66.19,90.66,4.96,0.08924332728904574,72.15734445337273,170.3016728286707,5.010787777755856,0.001486926412424715
delger,2016,1.674270011200195,169.6862823154692,56.7,67.86,2.45,0.13209363020589984,2.615511157807286,8.872582546378881,0.16194476380881462,4.6317256113565815e-4
delger,2017,1.674270011200195,169.6862823154692,60.05,65.57,6.03,0.06843215940684089,0.6777737340083566,2.127207549385254,0.8371251406318864,5.129172651219473e-5
delger,2018,1.674270011200195,169.6862823154692,59.77,69.48,3.18,0.11332675359136031,3.1734157328960744,10.551716537635762,0.3317868802686428,3.301209958398741e-4
delger,2019,1.674270011200195,169.6862823154692,85.5,113.15,10.56,0.11345780184597781,269.78443132851646,442.0960531797024,125.90632353452888,0.011626233576663243
delger,2022,1.674270011200195,169.6862823154692,70.77,87.24,4.07,0.133950310712388,6.120089047950013,16.214402213076824,0.5982631346459917,3.222597566614152e-4
delger,2015,1.5231159282221665,138.07567628124468,64.9,88.59,3.23,0.16769996090735073,58.10928363968539,141.46829040982178,1.9626617677735931,0.0035976634040998726
delger,2016,1.5231159282221665,138.07567628124468,56.26,67.2,1.54,0.2497966887631354,2.6604935654542192,8.666390759130564,0.09155307555320516,0.0016286383426643394
delger,2017,1.5231159282221665,138.07567628124468,60.02,65.52,4.37,0.124998539611257,0.6961513256992992,2.157649822873492,0.5103055959559445,1.7242250975545777e-4
delger,2018,1.5231159282221665,138.07567628124468,59.37,68.8,2.07,0.21172791948695766,3.2480716784159984,10.669551742776171,0.18449924307523488,0.001142950237652298
delger,2019,1.5231159282221665,138.07567628124468,85.05,112.45,7.1,0.20665908081989315,268.2311176287565,437.25640606989975,59.94735631458977,0.030910035798125898
delger,2022,1.5231159282221665,138.07567628124468,70.27,86.41,2.61,0.24616384913484143,6.416532157460017,16.759933887185184,0.3096217385331103,0.0010080996056654526
delger,2015,1.5669565030178558,122.87652861597562,63.89,86.7,2.08,0.25739388144581726,47.08011787525208,115.81673929627853,0.8287293021078777,0.0059750111387671945
delger,2016,1.5669565030178558,122.87652861597562,55.99,66.74,0.91,0.38586068885260705,2.7324805987600906,8.546179645342182,0.052825038455046595,0.003885753273969697
delger,2017,1.5669565030178558,122.87652861597562,60,65.48,3.16,0.1864902041394148,0.7205995910748819,2.190249297545663,0.3290230045767315,3.934739572369823e-4
delger,2018,1.5669565030178558,122.87652861597562,59.08,68.23,1.31,0.3226562942901699,3.319986710752729,10.694540320872006,0.1050743829314078,0.002646382824387291
delger,2019,1.5669565030178558,122.87652861597562,84.31,111.01,4.7,0.3028868081733065,246.8312907981492,399.9599242670499,27.010993469271817,0.04627480579187937
delger,2022,1.5669565030178558,122.87652861597562,69.87,85.58,1.64,0.36425180110432465,6.626712238196183,16.915190254325704,0.16512815333855677,0.0020121351384761897
delger,2015,1.7064143610290523,180.8441401738874,66.52,91.21,5.61,0.07286403698010176,76.18527281310922,178.399012798574,6.563163361482433,0.0010955778068858757
delger,2016,1.7064143610290523,180.8441401738874,56.8,68.01,2.78,0.10780550160052313,2.6119529755797735,8.943242767293075,0.19339257465922974,3.112706864288919e-4
delger,2017,1.7064143610290523,180.8441401738874,60.05,65.58,6.64,0.05623737570064731,0.673897732233634,2.121096464075164,0.9823157822412815,3.469577312129775e-5
delger,2018,1.7064143610290523,180.8441401738874,59.85,69.64,3.58,0.09277382954062964,3.1577474357294006,10.536730311474855,0.39695989850336394,2.2268351294980394e-4
delger,2019,1.7064143610290523,180.8441401738874,85.56,113.28,11.8,0.09337846126717388,269.345254631234,442.28916571223243,154.76882820161777,0.00827373455826411
delger,2022,1.7064143610290523,180.8441401738874,70.87,87.42,4.59,0.11009805416651966,6.061434293257571,16.121826309162493,0.727729923880909,2.2312788415731918e-4
delger,2015,1.364898102792821,135.02211071424338,64.83,88.79,3.49,0.15439450273604738,59.43096294099605,146.33051409925847,2.2536383897286574,0.003188652512898614
delger,2016,1.364898102792821,135.02211071424338,56.16,67.12,1.68,0.23018429004124685,2.662149926693558,8.728683302224104,0.10301792926889375,0.0013922109184167871
delger,2017,1.364898102792821,135.02211071424338,60,65.52,4.7,0.1150958322255492,0.6971091974632901,2.1672197353110887,0.5828008127300492,1.4895466828218686e-4
delger,2018,1.364898102792821,135.02211071424338,59.29,68.72,2.25,0.19574846570443635,3.243004751481497,10.754070429854597,0.2072890978020659,9.881286123084273e-4
delger,2019,1.364898102792821,135.02211071424338,85.09,112.83,7.57,0.19277573743619864,277.60363677236006,454.55857578642747,68.41788648160491,0.028924484528938605
delger,2022,1.364898102792821,135.02211071424338,70.17,86.4,2.79,0.22998587616085497,6.4789436959607265,17.11208360115541,0.3465279126615473,9.117610287963755e-4
delger,2015,1.8399053825890022,137.20774882712644,64.65,87.56,2.43,0.22241734670391333,51.62979107671832,123.71984527206232,1.1473351098248663,0.005128093139525743
delger,2016,1.8399053825890022,137.20774882712644,56.35,67.18,1.1,0.33128285199313634,2.6781003731729722,8.50360618494347,0.062272097015274634,0.0028249098309314816
delger,2017,1.8399053825890022,137.20774882712644,60.03,65.51,3.44,0.16436879271552415,0.7015623191286128,2.1500875869617255,0.348496713194425,2.888411656768959e-4
delger,2018,1.8399053825890022,137.20774882712644,59.42,68.75,1.54,0.2779508741420788,3.2838815674427173,10.53555111149014,0.12541135312755394,0.001923710038569664
delger,2019,1.8399053825890022,137.20774882712644,84.78,111.38,5.56,0.26375897406861826,246.78759608544766,397.87929134348184,36.995082044975895,0.03934404954677164
delger,2022,1.8399053825890022,137.20774882712644,70.32,86.16,1.98,0.31415411262906867,6.382473171365361,16.211509905692264,0.2073821882058436,0.0014872709235100377
delger,2015,1.5821525057717605,131.25967360708125,64.45,87.67,2.6,0.20752792698705153,52.36947466265429,127.87096239777281,1.2735327683632696,0.004624723148649965
delger,2016,1.5821525057717605,131.25967360708125,56.17,67.02,1.2,0.30972410078600576,2.6872386267818564,8.58835985576699,0.06904586964576032,0.0024942434103615986
delger,2017,1.5821525057717605,131.25967360708125,60.01,65.5,3.7,0.15283218116675737,0.7050110369577304,2.1670292910525717,0.3994840801763148,2.575737856213215e-4
delger,2018,1.5821525057717605,131.25967360708125,59.27,68.58,1.66,0.2607693780180942,3.2811575930317347,10.662116067575546,0.1385992719199718,0.0017232375245022278
delger,2019,1.5821525057717605,131.25967360708125,84.76,111.79,5.83,0.24990672774435194,258.0893998407264,418.8863461637127,40.98870617746358,0.038310251171053064
delger,2022,1.5821525057717605,131.25967360708125,70.13,86.07,2.09,0.2986365056235722,6.491852579272831,16.739563631214587,0.22633353923995883,0.001406791691468168
delger,2015,1.6566464101548801,118.15237534416414,63.48,85.75,1.62,0.3205997866629943,42.3527415997138,103.70786568788851,0.539676104291871,0.00783677104258579
delger,2016,1.6566464101548801,118.15237534416414,55.9,66.56,0.65,0.48262927875476475,2.7773602814662297,8.476289870118892,0.039940282828850135,0.006105144276257469
delger,2017,1.6566464101548801,118.15237534416414,60.01,65.47,2.65,0.22864943411001543,0.7395555636768761,2.2137010296096404,0.26976786000937825,6.098482813658118e-4
delger,2018,1.6566464101548801,118.15237534416414,58.97,67.97,1,0.40006582722289635,3.354273161350778,10.652570002410108,0.07840330767247221,0.004048489818844578
delger,2019,1.6566464101548801,118.15237534416414,83.85,110,3.76,0.3654717197756594,231.43611886635682,373.00944627618435,17.59090479034516,0.05304109904871965
delger,2022,1.6566464101548801,118.15237534416414,69.69,85.12,1.25,0.4419977100921909,6.719062650425823,16.855477612915614,0.1199480394456616,0.002816976210918118
delger,2015,1.8510471903374415,133.47739619703714,64.43,87.13,2.19,0.24456364723863241,49.13603998076916,117.89857961510107,0.9438314346230362,0.005711873220721313
delger,2016,1.8510471903374415,133.47739619703714,56.3,67.09,0.97,0.3647754294525493,2.6914679597631372,8.467824481837836,0.05499930356676826,0.0034203171665079567
delger,2017,1.8510471903374415,133.47739619703714,60.03,65.5,3.19,0.17967153664746022,0.7061765679231878,2.1552483489642826,0.3141148511311779,3.4527098925787316e-4
delger,2018,1.8510471903374415,133.47739619703714,59.36,68.63,1.39,0.3051133861300886,3.29987416468995,10.534401435185211,0.11050687009053485,0.0023142247743210866
delger,2019,1.8510471903374415,133.47739619703714,84.65,111.08,5.08,0.28673246293806737,243.14494385022806,391.01401264083734,31.255377919951634,0.04291126343660799
delger,2022,1.8510471903374415,133.47739619703714,70.25,85.99,1.78,0.34227039672897386,6.425952464223062,16.224600901898242,0.18022552971074965,0.0017237075790424463
delger,2015,1.7773227966016454,138.8959136154219,64.78,87.91,2.65,0.20415492531468088,53.73870531324442,129.06482799528175,1.3592658439167256,0.004631595777657732
delger,2016,1.7773227966016454,138.8959136154219,56.35,67.22,1.22,0.30395038512320444,2.6704439992182283,8.549506477533122,0.06985697034645358,0.002385065069839564
delger,2017,1.7773227966016454,138.8959136154219,60.03,65.52,3.69,0.151410360773074,0.6989244751944453,2.1496539235765635,0.38801604765722375,2.4647632080407523e-4
delger,2018,1.7773227966016454,138.8959136154219,59.43,68.81,1.69,0.25578369792456573,3.270964157880686,10.558322146893204,0.14081722881849443,0.0016376088384088354
delger,2019,1.7773227966016454,138.8959136154219,84.88,111.69,6.01,0.24479072200231808,252.11764989229442,407.6073215768414,43.046394329142835,0.03656403972992397
delger,2022,1.7773227966016454,138.8959136154219,70.34,86.27,2.16,0.2913863652349932,6.370548591810298,16.299817698305354,0.2346346370362536,0.0013148535558161734
delger,2015,1.9168248460965887,150.39862791629355,65.27,88.61,3.04,0.17128974425562196,57.738673502667865,136.83595790075162,1.8025796041599875,0.0036819430524439927
delger,2016,1.9168248460965887,150.39862791629355,56.56,67.51,1.43,0.25399871805681745,2.647193890634159,8.59772939545675,0.0815361943440634,0.001666109797225394
delger,2017,1.9168248460965887,150.39862791629355,60.05,65.54,4.04,0.12851959219940587,0.691106754370946,2.1341810230569633,0.4378397759332713,1.7571560263553477e-4
delger,2018,1.9168248460965887,150.39862791629355,59.62,69.11,1.94,0.21473127865530464,3.24172281336349,10.485883751899301,0.16571688745958618,0.0011499321906821686
delger,2019,1.9168248460965887,150.39862791629355,85.07,111.89,6.81,0.20751377900352105,250.56075694933207,405.4835086787277,53.88832530098072,0.02830507120583051
delger,2022,1.9168248460965887,150.39862791629355,70.6,86.65,2.51,0.2457079539227814,6.23372872825648,15.990304843018823,0.2848186213156577,9.491896649558474e-4
delger,2015,1.9501563000937474,160.25989819265453,65.67,89.31,3.53,0.1396166043529662,62.33918444387357,146.73503073769862,2.4759463129722463,0.002794725633821585
delger,2016,1.9501563000937474,160.25989819265453,56.68,67.7,1.7,0.20665440653571118,2.6328938746228463,8.673780404612051,0.09893487545182011,0.001110932314171361
delger,2017,1.9501563000937474,160.25989819265453,60.06,65.56,4.53,0.10569367523362014,0.685384993364239,2.1263702606551886,0.5204519473630573,1.1909344919560487e-4
delger,2018,1.9501563000937474,160.25989819265453,59.73,69.32,2.26,0.17552603064395297,3.2167977626347,10.469770236710737,0.20217351214840576,7.724118043720528e-4
delger,2019,1.9501563000937474,160.25989819265453,85.22,112.2,7.8,0.1714608419967839,252.77609736890284,410.2509517893453,69.33287857566195,0.021174771353382024
delger,2022,1.9501563000937474,160.25989819265453,70.73,86.9,2.92,0.2025281638160295,6.149074680088936,15.889137145462524,0.35498331752293405,6.66979612900359e-4
delger,2015,1.647986313210928,146.52416255820793,65.26,89.02,3.46,0.1525647974796579,60.69212372351526,145.82582719433452,2.3048705846201423,0.0031995804673525473
delger,2016,1.647986313210928,146.52416255820793,56.43,67.41,1.66,0.2266356020017709,2.644275254663546,8.680015979182734,0.0990296682595398,0.0013376801295128693
delger,2017,1.647986313210928,146.52416255820793,60.03,65.53,4.55,0.11462789327869649,0.6904867601433257,2.144540258532108,0.536353718713954,1.43162796605183e-4
delger,2018,1.647986313210928,146.52416255820793,59.52,69.02,2.22,0.19249984066245066,3.230180460970931,10.595017847060157,0.20064861647256071,9.397456582983588e-4
delger,2019,1.647986313210928,146.52416255820793,85.18,112.49,7.61,0.18844408098612445,264.93710403010664,431.3626117249812,67.91940855281491,0.02645689853704976
delger,2022,1.647986313210928,146.52416255820793,70.46,86.65,2.82,0.22366038536659238,6.304727772582935,16.439474985076178,0.34411646000596413,8.32539576470549e-4
delger,2015,1.7355176281844271,149.2245390583831,65.32,88.99,3.4,0.15164819870417848,60.27722923415711,144.070737812445,2.232413646794874,0.0031285792569744415
delger,2016,1.7355176281844271,149.2245390583831,56.5,67.48,1.63,0.22496603993988273,2.6409595739361365,8.665683962754729,0.09575307963327873,0.001315959596401653
delger,2017,1.7355176281844271,149.2245390583831,60.04,65.54,4.46,0.11402107301125748,0.6896556178182202,2.139487837793868,0.5162547094464732,1.4050494798627833e-4
delger,2018,1.7355176281844271,149.2245390583831,59.57,69.09,2.18,0.19096177678331747,3.228174365363914,10.553460760655804,0.19452867477574043,9.201621026824168e-4
delger,2019,1.7355176281844271,149.2245390583831,85.18,112.36,7.52,0.1865084599341858,260.9453180142893,424.1123075964612,65.88466364800577,0.0253243578190745
delger,2022,1.7355176281844271,149.2245390583831,70.53,86.7,2.79,0.221107228739647,6.259373221843961,16.257837884554586,0.3348959311976156,8.024255435214493e-4
delger,2015,1.7561787237053477,145.0455734844917,65.12,88.58,3.08,0.17202931924620915,57.789566163813525,138.34807262702154,1.8358134083012136,0.0037248336809704062
delger,2016,1.7561787237053477,145.0455734844917,56.44,67.38,1.46,0.25555239757853754,2.6521355776173148,8.619038756580101,0.08430794014860553,0.00169146857943198
delger,2017,1.7561787237053477,145.0455734844917,60.04,65.53,4.14,0.128696215653728,0.693076691552533,2.143253108336324,0.4591578639234176,1.7850539940204258e-4
delger,2018,1.7561787237053477,145.0455734844917,59.52,68.98,1.98,0.21621360610917667,3.2448376182542202,10.553794702177456,0.1707418610565014,0.0011751718963162719
delger,2019,1.7561787237053477,145.0455734844917,85.07,112.1,6.88,0.2095408042346867,257.4509552426083,417.5761059932953,55.609044260212414,0.029871856341884995
delger,2022,1.7561787237053477,145.0455734844917,70.47,86.54,2.53,0.24872634984042744,6.304635287720946,16.275996007237605,0.2906038139706869,9.918630001369193e-4
delger,2015,1.8749150240211983,139.1977575610232,64.74,87.66,2.48,0.21854758215838446,52.20871511153473,124.75026889081555,1.1956433624276275,0.005041099482715652
delger,2016,1.8749150240211983,139.1977575610232,56.39,67.23,1.13,0.3253393121098168,2.6733033008227967,8.501783606624922,0.06364679803476458,0.002721585780762416
delger,2017,1.8749150240211983,139.1977575610232,60.04,65.51,3.48,0.1618501089037042,0.6999826317407384,2.146387249207531,0.35293074248614503,2.790112297647946e-4
delger,2018,1.8749150240211983,139.1977575610232,59.46,68.81,1.58,0.2731078254146129,3.280280167396797,10.52029518685963,0.12834722886300734,0.0018548090845783903
delger,2019,1.8749150240211983,139.1977575610232,84.83,111.42,5.68,0.2594409118926985,246.70447085430484,397.571387729604,38.438706504319434,0.038571704013525436
delger,2022,1.8749150240211983,139.1977575610232,70.37,86.22,2.03,0.3087739813581553,6.35784807541931,16.14377832329052,0.21339500161835004,0.001438392027921623
delger,2015,1.8761766173372374,135.35331000066412,64.53,87.27,2.25,0.23844452093784357,49.9355464381713,119.53078996742886,0.9986649775828895,0.005564738647970988
delger,2016,1.8761766173372374,135.35331000066412,56.33,67.14,1.01,0.35537904410402454,2.6857130007504684,8.470212444640866,0.056783040354238014,0.0032444338255075947
delger,2017,1.8761766173372374,135.35331000066412,60.03,65.5,3.25,0.17558959068683608,0.7042181586661175,2.151672876218403,0.32085308627515274,3.285989376808726e-4
delger,2018,1.8761766173372374,135.35331000066412,59.4,68.7,1.43,0.29746679417288996,3.2948095435769793,10.522220655526644,0.11421478135410887,0.0021966416077612155
delger,2019,1.8761766173372374,135.35331000066412,84.7,111.14,5.22,0.280209803619678,243.3329301874824,391.3902108288277,32.78691779259793,0.041786152272908016
delger,2022,1.8761766173372374,135.35331000066412,70.29,86.05,1.84,0.3341023726268907,6.398348299827923,16.162749723733217,0.18736098496979156,0.0016477166594476547
delger,2015,1.5559149745484555,151.14219038314846,65.53,89.67,4.07,0.12473714772947665,65.00231933040054,156.20751837640887,3.2018038580528865,0.002422755570920536
delger,2016,1.5559149745484555,151.14219038314846,56.47,67.52,1.99,0.18509416325166952,2.6311318707655733,8.767466488127216,0.12400409226120744,8.988905490410461e-4
delger,2017,1.5559149745484555,151.14219038314846,60.03,65.54,5.2,0.09437773609268144,0.6860936628680254,2.1426776527277553,0.6642649125743423,9.794719204315932e-5
delger,2018,1.5559149745484555,151.14219038314846,59.56,69.14,2.62,0.15803568474351143,3.2064797711713733,10.61925535811908,0.2519766422472341,6.391115642930352e-4
delger,2019,1.5559149745484555,151.14219038314846,85.32,112.93,8.8,0.15667868684022296,272.61772026749503,445.7948703754751,90.06826641931109,0.02041714939860629
delger,2022,1.5559149745484555,151.14219038314846,70.52,86.86,3.32,0.1857241409885648,6.270192811400722,16.535679492377025,0.43896543499041746,5.996501570289681e-4
delger,2015,1.8629978026239236,168.24728129677047,66.01,90.07,4.24,0.10812868939281986,67.55384756768899,158.7773027286669,3.617867418582706,0.0019422977532317814
delger,2016,1.8629978026239236,168.24728129677047,56.73,67.84,2.07,0.15992595299636772,2.6229615712710133,8.7836875531411,0.1278446740285485,6.728481573844837e-4
delger,2017,1.8629978026239236,168.24728129677047,60.06,65.56,5.26,0.08252161423067965,0.6804139923452974,2.1235443134031122,0.6626838241812252,7.345062681246593e-5
delger,2018,1.8629978026239236,168.24728129677047,59.79,69.46,2.72,0.13660277111199232,3.1909027202544227,10.492899712457938,0.2619092458292756,4.7350129981180047e-4
delger,2019,1.8629978026239236,168.24728129677047,85.35,112.63,9.17,0.1351918790825681,259.20335289135284,422.81696255011184,94.72285977315262,0.014781074294355215
delger,2022,1.8629978026239236,168.24728129677047,70.8,87.13,3.5,0.15948416733413265,6.108975394495305,15.974887315551694,0.46877993198704315,4.350234173168184e-4
delger,2015,2.1181003575469477,160.89829329023175,65.59,88.93,3.19,0.15662402225123923,59.608194655735126,139.4840326437527,2.0242111388811366,0.0032487105851790594
delger,2016,2.1181003575469477,160.89829329023175,56.73,67.71,1.51,0.23166440908299576,2.6388395809332987,8.612417782261291,0.08562445844119157,0.0013877243257212344
delger,2017,2.1181003575469477,160.89829329023175,60.07,65.56,4.15,0.11826066838769589,0.6869773297030916,2.1222159670877954,0.4498293792602191,1.4707823041713435e-4
delger,2018,2.1181003575469477,160.89829329023175,59.77,69.33,2.04,0.19611186706465894,3.229052727149302,10.41431600846242,0.1749782945154447,9.546302841954428e-4
delger,2019,2.1181003575469477,160.89829329023175,85.13,111.81,7.15,0.1897948855583908,244.53458928425357,395.2583457178492,58.05446973021167,0.02378127883898866
delger,2022,2.1181003575469477,160.89829329023175,70.77,86.84,2.66,0.22403702926692254,6.1285580082279525,15.668635412880342,0.306211721897368,7.859057663587738e-4
delger,2015,1.9893363059537712,133.0557645431634,64.35,86.71,1.94,0.27313651924274646,46.81426083227528,111.40590218565153,0.765121434384177,0.006534949466292455
delger,2016,1.9893363059537712,133.0557645431634,56.34,67.08,0.83,0.40755382688581393,2.700022607892554,8.398857175662553,0.04738923554217696,0.004247031841306119
delger,2017,1.9893363059537712,133.0557645431634,60.04,65.49,2.9,0.19999808680835754,0.7088718184772472,2.152403959226145,0.2713398654802358,4.2194937317087817e-4
delger,2018,1.9893363059537712,133.0557645431634,59.38,68.61,1.22,0.33937587110968315,3.316800979958471,10.477629603640972,0.09517527898985521,0.0028359445975645555
delger,2019,1.9893363059537712,133.0557645431634,84.54,110.62,4.6,0.31477202346774774,234.90166079645644,375.7669607326197,25.848785782328992,0.04619721623234901
delger,2022,1.9893363059537712,133.0557645431634,70.27,85.88,1.59,0.37584642439659793,6.416984639738521,16.00020637833687,0.15423122362607677,0.0019924102152713294
delger,2015,1.66277116916141,156.26531433346403,65.7,89.79,4.08,0.12121453380851684,65.8480538426861,156.93677235007326,3.2739031263322773,0.0023277156085100286
delger,2016,1.66277116916141,156.26531433346403,56.56,67.63,1.99,0.17965064629449254,2.627855287935894,8.764989710154014,0.12308463339571958,8.463661911545221e-4
delger,2017,1.66277116916141,156.26531433346403,60.04,65.55,5.17,0.09194906685176542,0.6842644175854276,2.135870599519985,0.6521180308608877,9.220451901094167e-5
delger,2018,1.66277116916141,156.26531433346403,59.64,69.25,2.62,0.15336472443476112,3.2013032810462154,10.56774715491678,0.25073958744643077,5.994008462941297e-4
delger,2019,1.66277116916141,156.26531433346403,85.34,112.81,8.84,0.1518024269871216,267.58173360315226,436.91093339942813,89.99524306458795,0.01886150528337744
delger,2022,1.66277116916141,156.26531433346403,70.62,86.94,3.34,0.17967687012121122,6.2090489569195455,16.313812999989644,0.4402494596809832,5.557744378284373e-4
delger,2015,1.6895423198517534,151.23926557162895,65.45,89.3,3.66,0.1401865064054514,62.45800147906374,149.28768877830967,2.599552606218893,0.0028408586495200084
delger,2016,1.6895423198517534,151.23926557162895,56.51,67.52,1.77,0.20797636286959284,2.6363689888728956,8.70546345660902,0.10605568768441773,0.0011284583811862166
delger,2017,1.6895423198517534,151.23926557162895,60.04,65.54,4.74,0.10575500105040624,0.6877006147526128,2.139078179026179,0.5682048689847041,1.2146698782741539e-4
delger,2018,1.6895423198517534,151.23926557162895,59.59,69.14,2.35,0.17693489342002974,3.2187383825647067,10.569420493623564,0.21558087828524328,7.936335780700332e-4
delger,2019,1.6895423198517534,151.23926557162895,85.24,112.56,8.02,0.17381326059849586,264.4238017075427,430.7083817384557,74.6820370464395,0.02314703246500288
delger,2022,1.6895423198517534,151.23926557162895,70.55,86.79,3,0.2059554206186546,6.250110943991982,16.318468553547593,0.37369251576190193,7.111982488796632e-4
delger,2015,1.8888291728761517,141.39779166711313,64.84,87.83,2.57,0.21075507814121117,53.20650341023896,126.9140301564488,1.2919794261669981,0.004843638640765951
delger,2016,1.8888291728761517,141.39779166711313,56.42,67.28,1.18,0.3135368168100952,2.6685198551478515,8.517144862942855,0.0667827402468295,0.0025274009548508997
delger,2017,1.8888291728761517,141.39779166711313,60.04,65.52,3.58,0.1564712840563319,0.6980648356256145,2.143537924176701,0.36695217579072137,2.6037696941201045e-4
delger,2018,1.8888291728761517,141.39779166711313,59.49,68.87,1.64,0.26345933108541414,3.2743680632660315,10.514579592582379,0.13486605243364244,0.0017257090122319242
delger,2019,1.8888291728761517,141.39779166711313,84.88,111.51,5.88,0.2511356828065992,247.2179850653107,398.694851286285,40.98487827866888,0.03710839429515003
delger,2022,1.8888291728761517,141.39779166711313,70.42,86.3,2.11,0.29853048556599737,6.333966817336331,16.106688303160958,0.22573551852055376,0.0013548533264707155
delger,2015,1.5026616530684063,126.149283073237,64.16,87.32,2.43,0.22123148307895513,50.44707940543982,124.3521330653933,1.1103133873647053,0.004956494668504646
delger,2016,1.5026616530684063,126.149283073237,56.04,66.86,1.11,0.3309625848118049,2.710086766971508,8.603254653789966,0.06427876075942979,0.0028659463185976342
delger,2017,1.5026616530684063,126.149283073237,60,65.49,3.56,0.16172975160970093,0.7120922336169051,2.1813710467270404,0.3859366219805355,2.9412825618012426e-4
delger,2018,1.5026616530684063,126.149283073237,59.15,68.39,1.55,0.27810296181259675,3.2952331294038077,10.715958998417282,0.12822093457956762,0.0019702457640731175
delger,2019,1.5026616530684063,126.149283073237,84.56,111.6,5.44,0.2654420555871047,256.74349523011864,417.4575937672548,35.79651970139462,0.04105856871605585
delger,2022,1.5026616530684063,126.149283073237,69.97,85.85,1.94,0.3182635097057565,6.582909509144982,16.991378978082633,0.20559873090484382,0.0015956265502786577
delger,2015,1.5540577760189842,155.4036730616499,65.74,90.03,4.39,0.11151327964317281,67.70023667470134,162.05089508795612,3.7857193589103364,0.0020715269778798563
delger,2016,1.5540577760189842,155.4036730616499,56.52,67.61,2.15,0.1654135877976557,2.6240325920714556,8.805631909041416,0.13739810936857888,7.206835429727157e-4
delger,2017,1.5540577760189842,155.4036730616499,60.03,65.55,5.51,0.08474605117276394,0.6834662591120648,2.1390340627060005,0.729688337614762,7.905478925984507e-5
delger,2018,1.5540577760189842,155.4036730616499,59.61,69.24,2.82,0.14148721218905422,3.1943755422032973,10.61060263395517,0.2800025915936464,5.135467776791314e-4
delger,2019,1.5540577760189842,155.4036730616499,85.41,113.1,9.43,0.14094703500275188,274.4513281619869,449.2499489232306,102.99406780280401,0.01725342514127232
delger,2022,1.5540577760189842,155.4036730616499,70.59,86.98,3.58,0.16691918151027782,6.231053236798915,16.490764453200924,0.49254642464455745,4.920697419214584e-4
delger,2015,1.8285864962005345,168.7759340230449,66.06,90.21,4.38,0.1040106766122435,68.60859122592441,161.3155888001583,3.873024583805975,0.0018446662288876018
delger,2016,1.8285864962005345,168.7759340230449,56.73,67.84,2.14,0.15389615722257452,2.620856992066388,8.79944615727358,0.1339634377742466,6.243169867851639e-4
delger,2017,1.8285864962005345,168.7759340230449,60.06,65.57,5.4,0.07946488263458526,0.6798242687282574,2.124115119352025,0.6940420775312279,6.829205155774791e-5
delger,2018,1.8285864962005345,168.7759340230449,59.79,69.47,2.8,0.13154096226269707,3.1873187693675944,10.503930327614475,0.27454322334509484,4.401309920049512e-4
delger,2019,1.8285864962005345,168.7759340230449,85.39,112.75,9.44,0.13049342362632232,261.4565486457575,426.79914285026206,100.51444217043999,0.014103840836736404
delger,2022,1.8285864962005345,168.7759340230449,70.8,87.16,3.61,0.15395565121198967,6.108644623797473,16.014349630385667,0.49217830789222533,4.093620763539884e-4
delger,2015,1.8976268001651677,179.84915929492286,66.37,90.7,4.85,0.08778441538886173,72.22920146661193,168.46248185295877,4.869069396781181,0.0014400935254949292
delger,2016,1.8976268001651677,179.84915929492286,56.83,67.99,2.38,0.12977823602991714,2.61814862417035,8.861611934134217,0.15443773426150123,4.473745176728674e-4
delger,2017,1.8976268001651677,179.84915929492286,60.06,65.58,5.84,0.0674989662266975,0.676073915974172,2.1173297890626532,0.7852620566713009,4.931727199963607e-5
delger,2018,1.8976268001651677,179.84915929492286,59.87,69.62,3.1,0.11122106382641316,3.173169732082455,10.481926482762898,0.31716094826620883,3.161285915602044e-4
delger,2019,1.8976268001651677,179.84915929492286,85.45,112.84,10.35,0.11086440804875498,259.85365712091055,424.9104786277703,118.69243232563049,0.010593861123957117
delger,2022,1.8976268001651677,179.84915929492286,70.9,87.32,4,0.13059750448279087,6.048163700452762,15.89846759706049,0.577729777479784,3.0050598570365386e-4
delger,2015,1.5514551436675186,125.07897147653978,64.07,87.04,2.25,0.23826852057834394,48.908982489861046,120.23116717108084,0.9650507520048206,0.00544343955204862
delger,2016,1.5514551436675186,125.07897147653978,56.03,66.82,1.01,0.3566367377851278,2.718169387798045,8.568678711831598,0.058280768378852196,0.0033196230390349795
delger,2017,1.5514551436675186,125.07897147653978,60,65.49,3.35,0.1735640091012593,0.7150944794993861,2.1829849616674,0.3537224361727141,3.381209313956518e-4
delger,2018,1.5514551436675186,125.07897147653978,59.13,68.34,1.43,0.2989338070164769,3.3063466074098367,10.695432276600297,0.11613733425596696,0.002268813052801476
delger,2019,1.5514551436675186,125.07897147653978,84.47,111.32,5.08,0.2830301357876869,251.90846649855678,408.6311379205049,31.401498644438256,0.043615573631866036
delger,2022,1.5514551436675186,125.07897147653978,69.94,85.73,1.79,0.3397072273703547,6.586846050562403,16.895278120232568,0.18459800633384493,0.0017786375477230453
delger,2015,1.7176671061897462,147.64936716696673,65.27,88.91,3.35,0.15828181624890705,59.953868696361546,143.529276113842,2.1629465248911077,0.003366914232424948
delger,2016,1.7176671061897462,147.64936716696673,56.46,67.44,1.6,0.2350223991253801,2.6454971473497295,8.658546075140318,0.09421248072732678,0.0014350781704809564
delger,2017,1.7176671061897462,147.64936716696673,60.04,65.53,4.42,0.11884580916246788,0.6905760923224834,2.1415983601636164,0.5083772770634496,1.5286032179242208e-4
delger,2018,1.7176671061897462,147.64936716696673,59.55,69.04,2.15,0.19932640236665553,3.233328771260885,10.564894785773571,0.1909514914068237,0.001002981013539272
delger,2019,1.7176671061897462,147.64936716696673,85.15,112.33,7.4,0.19445784803907784,261.13420613686156,424.43566749304387,64.01466033209438,0.02729522785174064
delger,2022,1.7176671061897462,147.64936716696673,70.5,86.65,2.74,0.23069748784374822,6.2867301598355025,16.320767919228253,0.32768985223019026,8.731687441525537e-4
delger,2015,1.5960428475571082,153.97113863855145,65.64,89.8,4.14,0.11916089746129115,65.83149209230129,157.57539411310395,3.3393668687606284,0.002255570489805873
delger,2016,1.5960428475571082,153.97113863855145,56.52,67.59,2.02,0.17666448142164154,2.6272175890198595,8.774011712601574,0.12612168011758174,8.195388003705054e-4
delger,2017,1.5960428475571082,153.97113863855145,60.03,65.55,5.25,0.09032657215924918,0.6847937765096259,2.1393138420815165,0.6721457765027103,8.947282769269231e-5
delger,2018,1.5960428475571082,153.97113863855145,59.61,69.21,2.66,0.15088883249233798,3.2016677715132578,10.598077325146619,0.256925245680028,5.818753706216763e-4
delger,2019,1.5960428475571082,153.97113863855145,85.35,112.92,8.94,0.1496604532613222,270.92105151148456,442.8303320377047,92.5292485497464,0.018676016750725426
delger,2022,1.5960428475571082,153.97113863855145,70.57,86.92,3.38,0.177285371032897,6.234450811368611,16.43262133164899,0.4496180583597889,5.45931435538821e-4
delger,2015,2.2017844326475817,142.22410936567127,64.71,87.1,2.09,0.2567994035007295,48.726350286180455,114.38983077470581,0.8875000442278165,0.006149929496522266
delger,2016,2.2017844326475817,142.22410936567127,56.53,67.31,0.91,0.3819105500229086,2.679227430409935,8.380451818705762,0.05107400696326336,0.0037061663892000852
delger,2017,2.2017844326475817,142.22410936567127,60.06,65.52,3.01,0.18977964423620053,0.7016664624891605,2.134768471942052,0.2797601586959228,3.7171775311845684e-4
delger,2018,2.2017844326475817,142.22410936567127,59.56,68.87,1.32,0.3185908860765655,3.3014896541016583,10.393262725557628,0.10311457718433707,0.002474779117911626
delger,2019,2.2017844326475817,142.22410936567127,84.72,110.7,4.96,0.2968852540022907,231.12351279921492,369.0214956073259,29.362413817082768,0.04263215085124435
delger,2022,2.2017844326475817,142.22410936567127,70.51,86.17,1.74,0.35276852027177613,6.2963010267312685,15.642315525211965,0.17149167581548788,0.0017465298017855166
delger,2015,1.5993347818352148,139.30723600040068,64.91,88.46,3.1,0.1747162131725922,57.21107143711333,138.63061433745645,1.8234926541782506,0.0038014365946696595
delger,2016,1.5993347818352148,139.30723600040068,56.3,67.23,1.47,0.2601495614394172,2.661061325988526,8.639634643801976,0.08643671574119381,0.0017609184991107102
delger,2017,1.5993347818352148,139.30723600040068,60.02,65.52,4.21,0.13021560640212132,0.6959832984469706,2.153857217136105,0.478968659797044,1.8566279846635915e-4
delger,2018,1.5993347818352148,139.30723600040068,59.41,68.83,1.99,0.22013739526777723,3.2517210213191494,10.633556179493148,0.17431903039411156,0.0012291002910087315
delger,2019,1.5993347818352148,139.30723600040068,85.04,112.28,6.88,0.21392845185204554,264.02008940418574,429.41578836346514,56.182198556099294,0.03195693224310984
delger,2022,1.5993347818352148,139.30723600040068,70.31,86.4,2.51,0.25470506292093054,6.393324642767996,16.61252593412361,0.29283770864557734,0.001061229150254868
delger,2015,1.7582558002010695,150.59806696292003,65.38,89.06,3.43,0.15037867081256223,60.811449468160234,145.01366386732366,2.2860207798056837,0.003113654217876817
delger,2016,1.7582558002010695,150.59806696292003,56.52,67.51,1.64,0.2231093301827954,2.639876797733979,8.66781317246437,0.09667451276876239,0.0012944082538261148
delger,2017,1.7582558002010695,150.59806696292003,60.04,65.54,4.48,0.1132243935826567,0.6889749158171243,2.1378714476596365,0.5189220336056778,1.3836146153851887e-4
delger,2018,1.7582558002010695,150.59806696292003,59.59,69.12,2.2,0.18940782743381132,3.2256812756516062,10.540328573802846,0.19641320594918224,9.04828386896423e-4
delger,2019,1.7582558002010695,150.59806696292003,85.18,112.33,7.57,0.18504035419605125,259.7666551346628,422.27213457315213,66.51752744853148,0.024915870001234627
delger,2022,1.7582558002010695,150.59806696292003,70.56,86.73,2.82,0.21922129155810866,6.246458846748205,16.21609041192104,0.3393227790267436,7.88738754271095e-4
delger,2015,1.9026131936306727,126.4510162810362,63.99,86.18,1.72,0.3036856744354303,44.1816899102995,105.89843482103828,0.6127217190104998,0.007376266467134184
delger,2016,1.9026131936306727,126.4510162810362,56.19,66.88,0.71,0.4546948887465212,2.7277291908189834,8.386519582297588,0.04164286149604595,0.005318441795017612
delger,2017,1.9026131936306727,126.4510162810362,60.03,65.48,2.68,0.22008080419442513,0.7184164553367334,2.169101482998692,0.2501647024798408,5.212039390332043e-4
delger,2018,1.9026131936306727,126.4510162810362,59.24,68.36,1.07,0.37729929314475924,3.338823690369628,10.522012881908584,0.08300000240890715,0.0035260838630811224
delger,2019,1.9026131936306727,126.4510162810362,84.29,110.27,4.1,0.3458575095216252,232.20741477134575,371.193880288641,20.929832412599186,0.05049119150791645
delger,2022,1.9026131936306727,126.4510162810362,70.07,85.56,1.38,0.41508656502168123,6.523257725794054,16.21439232277205,0.13113355129227258,0.0024009164700624403
delger,2015,1.7386404621018892,163.1481094078408,65.92,90.07,4.3,0.10869994953307996,67.7398782608193,160.26528351527222,3.6912112885489603,0.0019691997226827093
delger,2016,1.7386404621018892,163.1481094078408,56.66,67.76,2.1,0.16090664794829207,2.622178344277137,8.791181337844506,0.13135347654387436,6.811878383589455e-4
delger,2017,1.7386404621018892,163.1481094078408,60.05,65.56,5.35,0.0828362159076553,0.6814549921743609,2.1293110539559623,0.6872026534936969,7.457233009124419e-5
delger,2018,1.7386404621018892,163.1481094078408,59.72,69.38,2.76,0.13752810349462702,3.190748425010812,10.53249345718244,0.26859772756001005,4.8175195052628733e-4
delger,2019,1.7386404621018892,163.1481094078408,85.38,112.82,9.28,0.13645478896202923,264.8962072448622,432.61937980622025,97.91816786793757,0.01548034672213345
delger,2022,1.7386404621018892,163.1481094078408,70.72,87.07,3.53,0.16122321607129667,6.150814378891738,16.159198501916585,0.47760489485786023,4.498783549962499e-4
delger,2015,1.7053063258220431,165.94965185008553,66.04,90.34,4.6,0.10039273651549226,69.66031440759625,164.681460281824,4.24422658344704,0.0017685551271742614
delger,2016,1.7053063258220431,165.94965185008553,56.67,67.8,2.26,0.14860490649911323,2.6186353608834407,8.825599459211835,0.1447948421793748,5.832751376314106e-4
delger,2017,1.7053063258220431,165.94965185008553,60.05,65.56,5.66,0.07671359717282637,0.6797584539572524,2.128300396347048,0.7531278818346668,6.419735453852072e-5
delger,2018,1.7053063258220431,165.94965185008553,59.74,69.43,2.95,0.1272424417196204,3.183372357695182,10.545565668265496,0.2962945816667639,4.14229159894624e-4
delger,2019,1.7053063258220431,165.94965185008553,85.43,112.97,9.85,0.12678300836286283,267.36769028614356,437.3815963786826,110.05022687236657,0.013908009127555241
delger,2022,1.7053063258220431,165.94965185008553,70.74,87.15,3.77,0.14974608567144146,6.137360617548111,16.189194198460257,0.530043638657296,3.9504176540906843e-4
delger,2015,1.713685342139969,173.86832967542162,66.3,90.81,5.1,0.08417132696865999,73.15061568262358,171.9865385956632,5.342058387659443,0.001357035785157246
delger,2016,1.713685342139969,173.86832967542162,56.74,67.91,2.52,0.12457980882609837,2.613445450380372,8.882776403125726,0.1680411875532861,4.1303446930603463e-4
delger,2017,1.713685342139969,173.86832967542162,60.05,65.57,6.15,0.06468071953383162,0.6764939237341708,2.1241044328634517,0.8631707508603479,4.5757140518542646e-5
delger,2018,1.713685342139969,173.86832967542162,59.81,69.55,3.26,0.10691675130371589,3.1689275726759067,10.536254392500076,0.3448239207972286,2.9399113358981137e-4
delger,2019,1.713685342139969,173.86832967542162,85.5,113.13,10.83,0.10712852198734213,268.0780328934016,439.36851570658706,131.46043756316357,0.010424731602824127
delger,2022,1.713685342139969,173.86832967542162,70.82,87.3,4.19,0.12638296446737937,6.094283256202151,16.142566084659023,0.6256745386203351,2.8786235181338344e-4
delger,2015,1.6668110379599437,143.45725943389118,65.07,88.64,3.2,0.1699333178390662,58.29526380220625,140.38721296443234,1.9588372841737107,0.0037127540488670397
delger,2016,1.6668110379599437,143.45725943389118,56.38,67.32,1.52,0.25267495759896763,2.6531661878853203,8.63474607873058,0.08971719352786396,0.001657746686543431
delger,2017,1.6668110379599437,143.45725943389118,60.03,65.53,4.29,0.12705989977377505,0.6932271204953894,2.147062611230951,0.48903797947540667,1.754554851812241e-4
delger,2018,1.6668110379599437,143.45725943389118,59.47,68.93,2.05,0.21397372803964665,3.244742060524968,10.59730019808319,0.18128434840582228,0.0011578233533507717
delger,2019,1.6668110379599437,143.45725943389118,85.09,112.28,7.1,0.20818533583362592,262.11883107852,426.08159725788875,59.429670859394065,0.030635696516601585
delger,2022,1.6668110379599437,143.45725943389118,70.4,86.51,2.61,0.24744543053238213,6.343243932265289,16.458823161361085,0.3077699904102686,0.001001875722847449
delger,2015,1.6029542346586527,167.73523699305937,66.17,90.73,5.1,0.08629746843368392,72.60803495584707,171.9290151487799,5.2684166787674664,0.001408959068684613
delger,2016,1.6029542346586527,167.73523699305937,56.67,67.83,2.53,0.1277791396298388,2.6131487549469603,8.882538240224946,0.1692523209320849,4.338956488006784e-4
delger,2017,1.6029542346586527,167.73523699305937,60.04,65.57,6.19,0.06618299235276436,0.6778526433964027,2.129650482154093,0.8783926339499571,4.8203619748967205e-5
delger,2018,1.6029542346586527,167.73523699305937,59.74,69.46,3.27,0.10974693383974328,3.1714183150504356,10.577732096372369,0.34669143383245654,3.105821759540598e-4
delger,2019,1.6029542346586527,167.73523699305937,85.52,113.28,10.82,0.11013852311759573,273.78777013013223,449.0817880726745,133.0498713615366,0.011246923699270038
delger,2022,1.6029542346586527,167.73523699305937,70.74,87.23,4.17,0.1301204600952561,6.136114029065612,16.313962879044162,0.6240359665870532,3.0738876613597266e-4
delger,2015,1.4727152131572734,147.87941219876083,65.44,89.64,4.12,0.1269812017360719,64.95134774523753,157.05596918731976,3.2484310694219722,0.002510669435053717
delger,2016,1.4727152131572734,147.87941219876083,56.39,67.44,2.01,0.1886562188379283,2.633732974945406,8.771744458967897,0.12737809834245922,9.349171801818418e-4
delger,2017,1.4727152131572734,147.87941219876083,60.02,65.54,5.28,0.09591807558407252,0.6872896870339978,2.147963011783267,0.6869492675832494,1.0189302067266977e-4
delger,2018,1.4727152131572734,147.87941219876083,59.5,69.07,2.65,0.16111129645762573,3.2097290342267257,10.66200997393595,0.2582047569721606,6.670407961780617e-4
delger,2019,1.4727152131572734,147.87941219876083,85.33,113.07,8.88,0.16004111280995453,277.1907346887884,453.81155964794186,92.37749596593896,0.0217617638187992
delger,2022,1.4727152131572734,147.87941219876083,70.44,86.79,3.34,0.19002412863085677,6.315933043515484,16.71727976808581,0.44694291691736643,6.353235190054297e-4
delger,2015,2.0228747769933872,132.84148540000598,64.32,86.59,1.88,0.28102359290273304,46.20824183220335,109.76306626857871,0.7242777530500603,0.006762038737200286
delger,2016,2.0228747769933872,132.84148540000598,56.35,67.08,0.8,0.41933696105386703,2.701805017579204,8.377897759275116,0.04561180822461409,0.004490030045436237
delger,2017,2.0228747769933872,132.84148540000598,60.04,65.49,2.83,0.20557288215117706,0.7097002161797067,2.151865590985501,0.2615594048594637,4.4436425413610906e-4
delger,2018,2.0228747769933872,132.84148540000598,59.38,68.6,1.18,0.34884599138851213,3.32082919259917,10.462016723889112,0.09157120810395751,0.002990422804318568
delger,2019,2.0228747769933872,132.84148540000598,84.52,110.51,4.49,0.32236703294840496,232.87909437548404,371.9720297296518,24.616926309929067,0.04703368116157618
delger,2022,2.0228747769933872,132.84148540000598,70.27,85.85,1.54,0.38503376521375415,6.4180868776960995,15.952880032823824,0.1481571415848797,0.0020693180699270005
delger,2015,1.6505241811996205,122.34146424189976,63.81,86.36,1.88,0.28076615803123645,45.23456596009106,110.6273381763154,0.7009131474656809,0.006652826039525381
delger,2016,1.6505241811996205,122.34146424189976,56.01,66.72,0.8,0.421110061285701,2.7402559976052623,8.494157994964665,0.046987910393273075,0.004614953090019181
delger,2017,1.6505241811996205,122.34146424189976,60.01,65.48,2.93,0.2026493589157524,0.7236514328402264,2.189960115175568,0.2950761717565731,4.6180521403071977e-4
delger,2018,1.6505241811996205,122.34146424189976,59.08,68.2,1.18,0.35080083246921645,3.332691751106888,10.65303222838433,0.0933834654155557,0.0031091238526793595
delger,2019,1.6505241811996205,122.34146424189976,84.2,110.62,4.34,0.3257318205586877,240.4765284379656,388.11363433865904,23.180080157440344,0.04894900122068402
delger,2022,1.6505241811996205,122.34146424189976,69.87,85.47,1.49,0.39204211737451794,6.625951719870283,16.75608287110276,0.145850163066768,0.0022627380249227963
delger,2015,1.513262651670346,161.63535186614104,66.02,90.6,5.02,0.09302020617442416,71.63194112396427,170.76333845807653,5.0231664021489655,0.0015983515390666544
delger,2016,1.513262651670346,161.63535186614104,56.58,67.73,2.48,0.13794370803902803,2.6159136682582678,8.876034387103287,0.16651100115063353,5.048186465112194e-4
delger,2017,1.513262651670346,161.63535186614104,60.03,65.56,6.15,0.07116127667455466,0.6796742224475624,2.1355375059701927,0.8727163360930517,5.6035333452337846e-5
delger,2018,1.513262651670346,161.63535186614104,59.67,69.36,3.21,0.11842378715294291,3.1763556673822855,10.614817755747183,0.3400743768604263,3.6232149420690855e-4
delger,2019,1.513262651670346,161.63535186614104,85.51,113.37,10.64,0.11889219804377153,278.09823719367,456.3958025691189,129.9827962288631,0.013201554540189498
delger,2022,1.513262651670346,161.63535186614104,70.65,87.15,4.08,0.14067680973153887,6.187670512171151,16.49119920026129,0.6068712815729267,3.6061122012335807e-4
delger,2015,1.4594148594988559,180.31265480927487,66.68,91.84,6.75,0.05750764246003812,81.5282979654861,191.89145629212504,9.657559488510744,7.693018987679997e-4
delger,2016,1.4594148594988559,180.31265480927487,56.74,68.01,3.37,0.08521183747487936,2.604328201912255,9.038001200354422,0.2598042523751976,1.9631488582443911e-4
delger,2017,1.4594148594988559,180.31265480927487,60.04,65.57,7.84,0.04462371265229425,0.671595719397768,2.1258541188918363,1.3185361501435844,2.2255770494804863e-5
delger,2018,1.4594148594988559,180.31265480927487,59.81,69.64,4.29,0.07368659558115784,3.140741823279694,10.610921140808056,0.533087917471608,1.4254647505474902e-4
delger,2019,1.4594148594988559,180.31265480927487,85.7,113.84,13.96,0.07503312400057266,282.62126373500917,466.31118940243397,218.75545964216417,0.00600211412401399
delger,2022,1.4594148594988559,180.31265480927487,70.82,87.51,5.47,0.08859814229634141,6.089982852635228,16.434440851544483,0.983460329196475,1.5233409277991847e-4
delger,2015,1.7241256745625635,132.74550821270947,64.46,87.42,2.39,0.22543767028030834,50.8416924007586,122.92744271091058,1.0983599305285174,0.005158482687826015
delger,2016,1.7241256745625635,132.74550821270947,56.24,67.06,1.08,0.33633073630540006,2.6881368282373637,8.52464552847118,0.061485962295911696,0.002922753697432544
delger,2017,1.7241256745625635,132.74550821270947,60.02,65.5,3.43,0.16587893619804617,0.7051882494620852,2.160093196038283,0.35268192137146165,2.983633054243042e-4
delger,2018,1.7241256745625635,132.74550821270947,59.33,68.62,1.52,0.2822316042803348,3.289923079221618,10.593161541763612,0.12354080834595675,0.0019976907008065
delger,2019,1.7241256745625635,132.74550821270947,84.71,111.42,5.45,0.267816218648041,250.2241218549545,404.1945726471116,35.79674858973623,0.04059867773567924
delger,2022,1.7241256745625635,132.74550821270947,70.2,86.03,1.93,0.31982229139674406,6.4508395631296915,16.454197194328998,0.2017541148913271,0.0015568547969148012
delger,2015,1.8730948070484168,145.60559906627913,65.07,88.3,2.85,0.1865088924045294,55.91995799017357,133.15101781622403,1.5818680426880771,0.004129531896694419
delger,2016,1.8730948070484168,145.60559906627913,56.49,67.4,1.33,0.27693779873126195,2.6557696180938106,8.56909620008993,0.07566106961588581,0.001977096218047928
delger,2017,1.8730948070484168,145.60559906627913,60.04,65.53,3.87,0.13927194928547046,0.6941691776655741,2.139369020780478,0.411124963509826,2.0679015883491914e-4
delger,2018,1.8730948070484168,145.60559906627913,59.55,68.99,1.82,0.23365421495638813,3.25453260488995,10.509069413249886,0.15327113054711508,0.0013616567416012836
delger,2019,1.8730948070484168,145.60559906627913,85,111.79,6.44,0.22470559156657782,250.73852588444993,405.33464358496826,48.65082298488176,0.032032713268941575
delger,2022,1.8730948070484168,145.60559906627913,70.5,86.49,2.35,0.26663343087887686,6.282552878939961,16.082433479790105,0.2600156689191195,0.0011065886538785662
delger,2015,1.5720434881617558,126.21130893142453,64.13,87.11,2.29,0.2350438676308376,49.261594053268006,120.83230712392195,0.992490788669462,0.005358786198104728
delger,2016,1.5720434881617558,126.21130893142453,56.06,66.86,1.03,0.3516722367922039,2.7127809246088845,8.56259288865547,0.059146721051447665,0.0032252584708497446
delger,2017,1.5720434881617558,126.21130893142453,60.01,65.49,3.38,0.1715346860255882,0.7131489851596516,2.1791925053883245,0.3551677947512665,3.2828614871082806e-4
delger,2018,1.5720434881617558,126.21130893142453,59.16,68.39,1.45,0.2948542022067131,3.3026499643570704,10.680326189023255,0.1179624152598021,0.0022035285390087965
delger,2019,1.5720434881617558,126.21130893142453,84.51,111.36,5.16,0.27941889880057263,252.09022024394315,408.7328757071113,32.315837006010646,0.04297783128609339
delger,2022,1.5720434881617558,126.21130893142453,69.98,85.79,1.82,0.3350248067308153,6.567391860257003,16.83776672968673,0.18854254918834346,0.0017287734044652203
delger,2015,1.5854994337352355,145.10172336228956,65.23,89.07,3.54,0.1486399065674951,60.984039598785564,147.13014276022997,2.397566025088568,0.0030727333150502543
delger,2016,1.5854994337352355,145.10172336228956,56.39,67.38,1.71,0.22082550925467243,2.644508139242478,8.70095394810728,0.10271617024597811,0.001272337480879971
delger,2017,1.5854994337352355,145.10172336228956,60.03,65.53,4.66,0.1116293994667536,0.6907708452686676,2.147675431858693,0.559087961551832,1.3654520054433075e-4
delger,2018,1.5854994337352355,145.10172336228956,59.49,69,2.28,0.18773254832529462,3.228611438733659,10.623360315786647,0.20803620179302942,8.968208568611506e-4
delger,2019,1.5854994337352355,145.10172336228956,85.19,112.61,7.76,0.18432037651649266,268.2625294479883,437.4231122760122,70.79307003823864,0.025924611615275168
delger,2022,1.5854994337352355,145.10172336228956,70.43,86.65,2.88,0.21888983728605793,6.326092793471323,16.555752039707397,0.3561033514870219,8.06563808651507e-4
delger,2015,1.7271939828208729,139.84582382354054,64.86,88.15,2.82,0.19218235532058228,55.20941582661928,132.84757951314796,1.5302404052446996,0.0043045689995292865
delger,2016,1.7271939828208729,139.84582382354054,56.35,67.24,1.32,0.2860702771228605,2.6652841277234227,8.580437048608374,0.07580107580878379,0.0021172520458236557
delger,2017,1.7271939828208729,139.84582382354054,60.03,65.52,3.88,0.14287229226653145,0.6973142048904478,2.1498142918262246,0.41947652348011844,2.2046439620998008e-4
delger,2018,1.7271939828208729,139.84582382354054,59.44,68.84,1.81,0.24125792675981012,3.26310082492943,10.579889455074685,0.1529238674318566,0.0014627592629095094
delger,2019,1.7271939828208729,139.84582382354054,84.96,111.91,6.35,0.23223379935036068,256.26379471655946,415.1043798740293,47.92723362898191,0.03469896216362203
delger,2022,1.7271939828208729,139.84582382354054,70.35,86.34,2.3,0.27637387456061974,6.368629266431133,16.380754820710802,0.2560481157264775,0.0012063145765300715
delger,2015,1.5192910714064725,146.47797097645392,65.33,89.38,3.85,0.13619072954321607,63.092140011284336,152.48003513329422,2.8314461536507554,0.0027441275780517712
delger,2016,1.5192910714064725,146.47797097645392,56.39,67.41,1.87,0.20236964754068193,2.639132997614373,8.74347155925368,0.1156433805359157,0.0010727222980010118
delger,2017,1.5192910714064725,146.47797097645392,60.02,65.53,5,0.10263065513768466,0.6888477292049782,2.147853149688487,0.6261961243553159,1.1618956461280137e-4
delger,2018,1.5192910714064725,146.47797097645392,59.5,69.03,2.48,0.17248634688099643,3.2181835251490467,10.647303418413955,0.2343064794926874,7.614096161466371e-4
delger,2019,1.5192910714064725,146.47797097645392,85.27,112.88,8.36,0.1704672409344944,273.5126775711121,446.9810864122179,82.08376646569678,0.023584085646649912
delger,2022,1.5192910714064725,146.47797097645392,70.43,86.73,3.13,0.20243069998581234,6.322693375109993,16.655053098484892,0.4035393477893172,7.07344950945624e-4
delger,2015,1.8476622421118831,158.55222759756543,65.67,89.45,3.69,0.13278858711069916,63.28194060294252,149.6403350448661,2.6868535599512424,0.0026021670980570424
delger,2016,1.8476622421118831,158.55222759756543,56.64,67.68,1.78,0.1965985705975813,2.631206250709467,8.705249231620275,0.10563736733835961,0.0010082218944059873
delger,2017,1.8476622421118831,158.55222759756543,60.05,65.55,4.72,0.10053873871941996,0.6851548231364304,2.1295512386666653,0.5579827643929796,1.0856807683970233e-4
delger,2018,1.8476622421118831,158.55222759756543,59.7,69.29,2.37,0.16724174846024883,3.211494920592837,10.502229194798232,0.21571085860486378,7.049132749231196e-4
delger,2019,1.8476622421118831,158.55222759756543,85.25,112.39,8.1,0.16406818585590413,257.60770619761456,418.9208940931603,75.02905160553541,0.02020200167374494
delger,2022,1.8476622421118831,158.55222759756543,70.69,86.91,3.04,0.19392616931050286,6.168791053775517,16.028006540363197,0.3785364442653237,6.226923989115471e-4
delger,2015,1.6471874112095064,120.75183903876194,63.69,86.15,1.79,0.29358717565102976,44.206784653431306,108.22692770671404,0.6411517464369132,0.007022553435901791
delger,2016,1.6471874112095064,120.75183903876194,55.97,66.66,0.75,0.44091577802387255,2.753229756775134,8.49057011449193,0.04451513808015015,0.0050735569400551
delger,2017,1.6471874112095064,120.75183903876194,60.01,65.47,2.83,0.21105688004612866,0.7285467733410953,2.1975430781679792,0.2859376751569596,5.065949922762197e-4
delger,2018,1.6471874112095064,120.75183903876194,59.04,68.12,1.12,0.3666016245013898,3.3409692548270518,10.659094895697002,0.08813862877988744,0.0033970351076953722
delger,2019,1.6471874112095064,120.75183903876194,84.09,110.43,4.14,0.338707296545718,237.68126079955255,383.48800971724637,21.14674753700706,0.05043949155453074
delger,2022,1.6471874112095064,120.75183903876194,69.8,85.35,1.4,0.40836463416941626,6.6578594906517194,16.796781373636794,0.13651675836907534,0.002439331296923377
delger,2015,1.7233752153083275,145.68208551795837,65.16,88.72,3.2,0.16534815116633766,58.63513577430958,140.55397152406795,1.9753620736311828,0.0035389156869884515
delger,2016,1.7233752153083275,145.68208551795837,56.44,67.39,1.52,0.24557616372974006,2.6489572436918305,8.63709153683807,0.08888968317074906,0.0015647241449915537
delger,2017,1.7233752153083275,145.68208551795837,60.03,65.53,4.27,0.12386259200567813,0.6921259739042098,2.1434432833255848,0.4829205489231479,1.6591705931566159e-4
delger,2018,1.7233752153083275,145.68208551795837,59.52,69,2.06,0.20802720129404975,3.239662233360711,10.565427642587037,0.1800766897335024,0.0010907756549323945
delger,2019,1.7233752153083275,145.68208551795837,85.11,112.23,7.12,0.20229620858401895,259.84221392498034,421.97516504594745,59.44500222800784,0.02870426451667041
delger,2022,1.7233752153083275,145.68208551795837,70.47,86.58,2.62,0.24011574764585333,6.301338792014273,16.320396865804607,0.30723461641829486,9.357353507707341e-4
delger,2015,1.6112431105181446,142.63180506978125,65.07,88.74,3.3,0.16482036823563187,58.9743987562427,142.44055125595617,2.0698821264654717,0.003564201616009619
delger,2016,1.6112431105181446,142.63180506978125,56.35,67.3,1.57,0.2452020981152625,2.6531047656638753,8.658202762824091,0.09358842246141817,0.0015647680141503359
delger,2017,1.6112431105181446,142.63180506978125,60.03,65.53,4.4,0.1233083241337901,0.6931559470219557,2.149542341512101,0.5116108593382397,1.661913020261416e-4
delger,2018,1.6112431105181446,142.63180506978125,59.45,68.92,2.12,0.20784064582958708,3.2421246078048482,10.622471355108067,0.1890685346139368,0.0010962299470794485
delger,2019,1.6112431105181446,142.63180506978125,85.11,112.42,7.28,0.2028494777197946,265.28075321456686,431.80959949086616,62.496826719429244,0.02988458249492203
delger,2022,1.6112431105181446,142.63180506978125,70.37,86.52,2.68,0.24119133367972803,6.359388266996994,16.561547044268302,0.3208984987972867,9.634606427902428e-4
delger,2015,1.6154834338097088,140.9770584503135,64.99,88.58,3.17,0.17106290080408984,57.98820198975073,140.20239090315292,1.9163577287458073,0.0037237181951653374
delger,2016,1.6154834338097088,140.9770584503135,56.33,67.27,1.5,0.25462019774293004,2.657851885976465,8.646445016346492,0.0889236284991225,0.001686312096692378
delger,2017,1.6154834338097088,140.9770584503135,60.02,65.52,4.28,0.12771644895815457,0.6946612024013302,2.1515212144869422,0.48932117125934144,1.7824833551344653e-4
delger,2018,1.6154834338097088,140.9770584503135,59.43,68.87,2.04,0.2155951534630603,3.247446300707542,10.622430417573913,0.1794550412624786,0.0011785210409080253
delger,2019,1.6154834338097088,140.9770584503135,85.07,112.33,7.03,0.20977252956346717,264.19870926645416,429.6847093220092,58.54647388905974,0.031162718584792717
delger,2022,1.6154834338097088,140.9770584503135,70.34,86.45,2.58,0.24961005904243172,6.3726656029910265,16.564084941266074,0.30285968029635263,0.0010225736257030798
delger,2015,1.425856393820509,143.1181188450413,65.22,89.35,3.91,0.13812656306785934,63.19589027414445,153.85310661824656,2.903085903673934,0.002833447020961548
delger,2016,1.425856393820509,143.1181188450413,56.3,67.31,1.9,0.20558287624609134,2.6429231923564265,8.74935705290346,0.11991036312176244,0.0011095342332543474
delger,2017,1.425856393820509,143.1181188450413,60.01,65.53,5.11,0.10389698832830105,0.6902782370719801,2.154396337247525,0.6542872137415214,1.2017653683211726e-4
delger,2018,1.425856393820509,143.1181188450413,59.43,68.94,2.52,0.17525892239764043,3.2223191269559277,10.699343122448985,0.24232754527854716,7.905293933384475e-4
delger,2019,1.425856393820509,143.1181188450413,85.28,113.04,8.47,0.17368152818154947,278.5980407167059,456.14198763906,84.72732506826836,0.025104856796302734
delger,2022,1.425856393820509,143.1181188450413,70.34,86.65,3.16,0.2065880921283207,6.38228360422072,16.884622306152984,0.4147702653404029,7.483886069264874e-4
delger,2015,1.8852895179754445,163.75852869238923,65.84,89.72,3.91,0.12181159236508712,65.1522674410379,153.39227159176673,3.0429514536698665,0.00230573357619301
delger,2016,1.8852895179754445,163.75852869238923,56.7,67.77,1.89,0.1802565711211156,2.627317315605548,8.73582659323965,0.11381743154918685,8.504291295054558e-4
delger,2017,1.8852895179754445,163.75852869238923,60.06,65.56,4.92,0.0926096217635516,0.6828025267480833,2.125610157785477,0.5949006020992142,9.211193646665582e-5
delger,2018,1.8852895179754445,163.75852869238923,59.75,69.38,2.5,0.15359751938289884,3.2022415483982916,10.487307125034938,0.2328419672218233,5.956931251323274e-4
delger,2019,1.8852895179754445,163.75852869238923,85.29,112.46,8.52,0.15117575906485975,256.8730039772253,418.1688043534178,82.19684212574379,0.01759750117104907
delger,2022,1.8852895179754445,163.75852869238923,70.75,87.02,3.23,0.17847631574524483,6.129867292582618,15.954263013311188,0.412551074100099,5.331914553377759e-4
delger,2015,1.787750984782372,165.0844262157186,65.95,90.07,4.27,0.10958035893761446,67.68334867475652,159.70436701998452,3.654034667528225,0.00199798818564083
delger,2016,1.787750984782372,165.0844262157186,56.69,67.79,2.09,0.16213228907549646,2.622704924968643,8.786504993764666,0.12976761881737617,6.913327178049372e-4
delger,2017,1.787750984782372,165.0844262157186,60.05,65.56,5.31,0.08354342586478727,0.681061462331614,2.1270885547280165,0.6760822102059684,7.56165572644848e-5
delger,2018,1.787750984782372,165.0844262157186,59.75,69.41,2.74,0.1385326986997268,3.1912359544399505,10.516967912986102,0.26546992011152065,4.8799458113473864e-4
delger,2019,1.787750984782372,165.0844262157186,85.37,112.75,9.23,0.13729840526730272,262.6983062659964,428.76979760748304,96.52452092566661,0.01549916805122746
delger,2022,1.787750984782372,165.0844262157186,70.75,87.09,3.51,0.16214361283584391,6.132301996463182,16.079408686875897,0.47278746899103097,4.52719826668416e-4
delger,2015,1.82520992017171,145.74866493174696,65.11,88.44,2.97,0.17920118989009745,56.84322262537695,135.62099825427603,1.7042471185223054,0.003926686599507525
delger,2016,1.82520992017171,145.74866493174696,56.47,67.4,1.39,0.26612221690857646,2.6530197980186787,8.589633645263584,0.07978469881953926,0.001829653610447377
delger,2017,1.82520992017171,145.74866493174696,60.04,65.53,4,0.13398036546440156,0.6934035829846532,2.1405272337208765,0.43326750216224263,1.9229813995987722e-4
delger,2018,1.82520992017171,145.74866493174696,59.54,69,1.9,0.22483258642832918,3.2490414631161775,10.525382818105872,0.1616236644825567,0.001265236307635732
delger,2019,1.82520992017171,145.74866493174696,85.03,111.93,6.66,0.21702435309973458,253.5223855690587,410.49331834297055,51.939490727893414,0.030882312467098903
delger,2022,1.82520992017171,145.74866493174696,70.49,86.53,2.44,0.25751213239570353,6.289671422917402,16.16229325793986,0.274973576615766,0.001046633117107315
delger,2015,1.6067762863293655,158.37736154213823,65.81,90.09,4.42,0.10787245141226826,67.9249675944092,161.97753782166743,3.8443354930721005,0.0019539255758891567
delger,2016,1.6067762863293655,158.37736154213823,56.57,67.67,2.17,0.15982949167989927,2.6219670083796482,8.807588501846627,0.13775629153800656,6.730227699685843e-4
delger,2017,1.6067762863293655,158.37736154213823,60.04,65.56,5.52,0.08207887838833938,0.6824389314111088,2.1359046231052137,0.727924161393418,7.387039847282309e-5
delger,2018,1.6067762863293655,158.37736154213823,59.66,69.3,2.83,0.13674440108391386,3.1910326115546233,10.585562869231008,0.28123031089150724,4.788445094361201e-4
delger,2019,1.6067762863293655,158.37736154213823,85.4,113.03,9.48,0.1361657704726107,271.4331033674018,444.16777980236657,103.35753599961791,0.015972885579329733
delger,2022,1.6067762863293655,158.37736154213823,70.63,87.02,3.61,0.16109883214395232,6.198265151641288,16.37739466388899,0.4971308967711369,4.5661270513744806e-4
delger,2015,1.782101290994288,117.36628985015362,63.36,85.25,1.39,0.36187403239208904,39.939996797664044,96.78528805402033,0.4252730772088539,0.00910114258300527
delger,2016,1.782101290994288,117.36628985015362,55.93,66.53,0.52,0.5455242743156661,2.791207487667098,8.40196122043993,0.03380538053604331,0.00777174423394255
delger,2017,1.782101290994288,117.36628985015362,60.02,65.46,2.37,0.25660705433283637,0.7469684006647455,2.217581083098379,0.23417417461730547,7.67949750957817e-4
delger,2018,1.782101290994288,117.36628985015362,58.97,67.91,0.84,0.44996107677413977,3.3750246111666646,10.59068973785262,0.06622439076218681,0.005090745729226968
delger,2019,1.782101290994288,117.36628985015362,83.7,109.42,3.33,0.4033251629598862,222.77761909423347,356.58747439643065,14.101798971880859,0.05589177061729827
delger,2022,1.782101290994288,117.36628985015362,69.69,84.95,1.07,0.4887322146442932,6.729806919632888,16.636764200190363,0.10041794625408686,0.00330548278989977
delger,2015,1.7932855023330254,141.44016144120533,64.9,88.11,2.77,0.195865499038763,54.931221208606445,131.6262973013433,1.486340064803896,0.004426451456273344
delger,2016,1.7932855023330254,141.44016144120533,56.39,67.28,1.29,0.2913734466790764,2.6639226936195772,8.561062743075144,0.07380613522591996,0.002190978639300584
delger,2017,1.7932855023330254,141.44016144120533,60.04,65.52,3.81,0.14571970820442368,0.6966894669689775,2.1461600512556025,0.405414177453441,2.2798567431054758e-4
delger,2018,1.7932855023330254,141.44016144120533,59.47,68.88,1.77,0.24554308820500095,3.264386567726678,10.551411950640976,0.14902617959675368,0.0015093297234928856
delger,2019,1.7932855023330254,141.44016144120533,84.94,111.78,6.26,0.23581109558315447,252.93973189086364,409.2437609533449,46.424391647921844,0.034967702893586625
delger,2022,1.7932855023330254,141.44016144120533,70.4,86.36,2.27,0.2803506700085108,6.345924876288488,16.26250708560957,0.25035369080315967,0.0012278902594193575
delger,2015,1.5259138308972982,141.8610406575466,65.09,88.93,3.49,0.15535166320758234,60.19124112132567,146.06733496657722,2.303990805670487,0.003289933418606746
delger,2016,1.5259138308972982,141.8610406575466,56.31,67.28,1.68,0.23116292041223585,2.650826463815417,8.692845845831428,0.10166400170003863,0.0013956435966571785
delger,2017,1.5259138308972982,141.8610406575466,60.02,65.53,4.63,0.11635360566937407,0.6926558463691286,2.1530367419824645,0.5573696237309195,1.4927285201752515e-4
delger,2018,1.5259138308972982,141.8610406575466,59.43,68.9,2.24,0.19637684636191352,3.2362094325166475,10.660469042493675,0.2053188953770969,9.847333473419198e-4
delger,2019,1.5259138308972982,141.8610406575466,85.16,112.65,7.64,0.1927183449609482,270.6845276587149,441.70265709305926,69.04709320887937,0.02833874360952193
delger,2022,1.5259138308972982,141.8610406575466,70.34,86.54,2.83,0.22925640316801824,6.377782436277015,16.7147885153813,0.34869274756772384,8.894611972359081e-4
delger,2015,2.001424360403981,143.40324810091647,64.88,87.72,2.47,0.2193190606052137,52.44647704828976,124.28804737004054,1.2070673507361929,0.005106075562519889
delger,2016,2.001424360403981,143.40324810091647,56.48,67.33,1.12,0.3260875761482614,2.66831780853517,8.482568461999094,0.06320973189154229,0.0027229812161685793
delger,2017,2.001424360403981,143.40324810091647,60.05,65.52,3.45,0.16293280628134824,0.6977796213033811,2.138286300849477,0.3443842404605348,2.79491836080648e-4
delger,2018,2.001424360403981,143.40324810091647,59.54,68.92,1.57,0.27364219018558056,3.2777839218474525,10.467773809642582,0.12768861917104324,0.0018502038388994346
delger,2019,2.001424360403981,143.40324810091647,84.88,111.32,5.71,0.25957602173513195,242.97928974489062,390.8229326109801,38.65518917361997,0.03810243443307329
delger,2022,2.001424360403981,143.40324810091647,70.48,86.32,2.04,0.30825739351995285,6.304943368556101,15.931268178983508,0.21441538588181983,0.0014159581072852871
delger,2015,2.038008932465599,126.677380842392,63.94,85.84,1.55,0.33154143412168874,42.3995608909347,100.67450369469518,0.5174563566135332,0.00819468441123405
delger,2016,2.038008932465599,126.677380842392,56.25,66.9,0.61,0.49657704501646904,2.7333939390993516,8.321212122092236,0.03689960942430623,0.00631203300488361
delger,2017,2.038008932465599,126.677380842392,60.04,65.47,2.47,0.23982771790143528,0.720351048755186,2.164892304911085,0.22135061922117386,6.099675918405507e-4
delger,2018,2.038008932465599,126.677380842392,59.27,68.36,0.95,0.410356386293958,3.352780710213889,10.460474838219426,0.07354087820273136,0.004131641343719148
delger,2019,2.038008932465599,126.677380842392,84.22,109.87,3.78,0.3716315622091274,225.21702823959194,358.05292841686014,17.99385028975506,0.052604322335391786
delger,2022,2.038008932465599,126.677380842392,70.11,85.49,1.25,0.4460081705058724,6.510633752967343,15.990074274262273,0.11587819480879169,0.002668999121194144
delger,2015,1.8067963446984165,138.67190507976986,64.75,87.8,2.58,0.20990053395774375,53.04412873602428,127.2225033848811,1.2874578994531243,0.004788273501246571
delger,2016,1.8067963446984165,138.67190507976986,56.36,67.22,1.18,0.3125438902468649,2.672283748784825,8.532136251689133,0.06726458249067539,0.0025185615431037706
delger,2017,1.8067963446984165,138.67190507976986,60.03,65.51,3.61,0.15556417084993102,0.6995465215510297,2.1490361595232375,0.3738818749285861,2.595127527994039e-4
delger,2018,1.8067963446984165,138.67190507976986,59.44,68.8,1.64,0.26279586205888733,3.2753442550548044,10.548930653326117,0.1355904793083882,0.0017253778893684376
delger,2019,1.8067963446984165,138.67190507976986,84.86,111.59,5.87,0.2507303076547235,250.3386892308803,404.2280412558334,41.11399960627576,0.037459163630502806
delger,2022,1.8067963446984165,138.67190507976986,70.35,86.24,2.11,0.29849509744644015,6.37107247521222,16.257045696839498,0.22560016239740294,0.001366543089942359
delger,2015,1.9576534228092,149.8068649931815,65.23,88.46,2.92,0.1787713814956675,56.77555576308597,134.35441750055008,1.6669004684891324,0.0038874630479956915
delger,2016,1.9576534228092,149.8068649931815,56.57,67.5,1.37,0.2650983154837601,2.6500258000219623,8.575339119036775,0.07716413231643873,0.001811427430406243
delger,2017,1.9576534228092,149.8068649931815,60.05,65.54,3.91,0.13390255589521732,0.6920812370205393,2.1336826171508423,0.4153757178227165,1.8986976615478784e-4
delger,2018,1.9576534228092,149.8068649931815,59.62,69.1,1.87,0.22381516313544567,3.247757477781913,10.473826848518254,0.15682736992515703,0.0012455094242853789
delger,2019,1.9576534228092,149.8068649931815,85.03,111.75,6.58,0.21544642958891957,248.05589374129494,400.76809335832894,50.3412272655254,0.029528681507072017
delger,2022,1.9576534228092,149.8068649931815,70.59,86.6,2.41,0.25518110358046675,6.232400142804462,15.92989095808691,0.26862232532009417,0.0010100064264004908
delger,2015,1.555444205659105,136.53231927785268,64.78,88.33,3.03,0.17869168726216586,56.42075149479035,137.34271765943834,1.7274333237311283,0.0038833153273697477
delger,2016,1.555444205659105,136.53231927785268,56.25,67.16,1.43,0.26624194029769876,2.6673971303544883,8.64191866423768,0.08402210232247444,0.0018469574643521975
delger,2017,1.555444205659105,136.53231927785268,60.02,65.51,4.15,0.1327880497191269,0.6981817644687527,2.1589919839626313,0.4716533806275265,1.9411554255197472e-4
delger,2018,1.555444205659105,136.53231927785268,59.36,68.75,1.94,0.2251844674752174,3.257028562547326,10.659571903640476,0.16917926529789948,0.0012886243086063995
delger,2019,1.555444205659105,136.53231927785268,84.98,112.25,6.71,0.2186349410382969,264.8333453834289,431.02083601807493,53.645475811885184,0.03296828703728083
delger,2022,1.555444205659105,136.53231927785268,70.24,86.32,2.44,0.2605949765013855,6.42535274665084,16.70920592824801,0.28180490415301473,0.0011099171889555573
delger,2015,1.638410286356794,125.95076062345696,64.07,86.87,2.13,0.25068265905653925,47.90712879821057,117.005785077436,0.8783566153302617,0.005808503007600158
delger,2016,1.638410286356794,125.95076062345696,56.08,66.86,0.94,0.3751293903680682,2.7178855838844673,8.526468178090745,0.05422090604689553,0.0036592323994965657
delger,2017,1.638410286356794,125.95076062345696,60.01,65.49,3.19,0.18251332066830414,0.7148233917809478,2.1778571550866572,0.3266104657170795,3.6921603457085346e-4
delger,2018,1.638410286356794,125.95076062345696,59.17,68.37,1.35,0.31371055013127636,3.3112431222610224,10.647221717279214,0.10808354750215594,0.002481671719572969
delger,2019,1.638410286356794,125.95076062345696,84.45,111.1,4.87,0.29503218572957884,247.45717309429966,399.98998060578606,28.976587099010064,0.045058549727010296
delger,2022,1.638410286356794,125.95076062345696,69.99,85.72,1.7,0.3539046132989493,6.561429015176897,16.707779648843243,0.17203945526806644,0.0018857869739283394
delger,2015,1.5205468483917048,150.65413080016015,65.55,89.75,4.16,0.12181673478050604,65.6977419182756,158.11870917569297,3.3466565211459023,0.0023489646520021114
delger,2016,1.5205468483917048,150.65413080016015,56.45,67.51,2.03,0.1808182271882338,2.6304446030140602,8.780103130242747,0.12802945045950057,8.591381797117369e-4
delger,2017,1.5205468483917048,150.65413080016015,60.03,65.54,5.3,0.09219923741588137,0.6859768777914335,2.144015932112448,0.6869917122027945,9.376865030819434e-5
delger,2018,1.5205468483917048,150.65413080016015,59.55,69.13,2.67,0.15448648680822782,3.2038311284709757,10.631316718701939,0.2600862127618365,6.121554186963042e-4
delger,2019,1.5205468483917048,150.65413080016015,85.35,113.04,8.97,0.1534263936398316,275.0781858050248,450.04746394714414,93.8402114196842,0.019958599523364828
delger,2022,1.5205468483917048,150.65413080016015,70.51,86.86,3.38,0.18196155780914608,6.277322006863235,16.59418871021026,0.45297679176722266,5.801645966084498e-4
delger,2015,1.491984245547417,161.36079828018447,66.01,90.62,5.08,0.09156066959733458,71.92551413760657,171.71046547964391,5.152998633326807,0.001560616572101654
delger,2016,1.491984245547417,161.36079828018447,56.58,67.72,2.52,0.13570901903220042,2.6146883045804343,8.880234304791555,0.1701394923231454,4.88713311167317e-4
delger,2017,1.491984245547417,161.36079828018447,60.03,65.55,6.22,0.07005040485557879,0.6795535041984111,2.136012836493311,0.8919158295624847,5.440084056620202e-5
delger,2018,1.491984245547417,161.36079828018447,59.66,69.35,3.26,0.11659148533689778,3.1748263172393867,10.621483318125787,0.3473690035967264,3.5162850355187374e-4
delger,2019,1.491984245547417,161.36079828018447,85.53,113.43,10.77,0.11720458598574705,279.42393007270323,458.86897499418916,133.27937951277985,0.01296130530115039
delger,2022,1.491984245547417,161.36079828018447,70.65,87.15,4.13,0.13867381254916003,6.192537604429658,16.526493218648135,0.6201184729664297,3.52029222486349e-4
delger,2015,1.8699498156841066,143.39935713796808,64.95,88.08,2.73,0.19950063922493802,54.69815667957334,130.4307028003309,1.447656366349153,0.004551129839235778
delger,2016,1.8699498156841066,143.39935713796808,56.44,67.32,1.26,0.29669194521321113,2.6625208077655693,8.541235399916204,0.07191689833796495,0.002266822984760904
delger,2017,1.8699498156841066,143.39935713796808,60.04,65.52,3.74,0.1485409331391417,0.6960169357296851,2.1418242948587256,0.3921096260249423,2.3512531673094527e-4
delger,2018,1.8699498156841066,143.39935713796808,59.51,68.92,1.74,0.2498182380792467,3.2652845419144017,10.51941643786773,0.14530757566840458,0.001556159731845937
delger,2019,1.8699498156841066,143.39935713796808,84.95,111.69,6.19,0.23925277412025225,249.78493905743588,403.38852855592813,45.250107416078514,0.03525200555081651
delger,2022,1.8699498156841066,143.39935713796808,70.44,86.38,2.24,0.28427051590438884,6.314162868831584,16.119375890574275,0.2447118844765556,0.001248119193449326
delger,2015,1.8879575499516124,174.3715765341274,66.2,90.39,4.54,0.09732511234649449,69.86035064779416,163.50475543865596,4.207706319374814,0.0016709222237573868
delger,2016,1.8879575499516124,174.3715765341274,56.79,67.92,2.23,0.1439058372477007,2.620578110160326,8.825243203116502,0.14069634356510283,5.474816612016534e-4
delger,2017,1.8879575499516124,174.3715765341274,60.06,65.57,5.54,0.07457066068396692,0.6780685628988737,2.1204472435633415,0.7217072124001321,6.005966447020853e-5
delger,2018,1.8879575499516124,174.3715765341274,59.84,69.55,2.91,0.12312503915573673,3.181160022610088,10.483528199432822,0.28859214860038584,3.859733569842009e-4
delger,2019,1.8879575499516124,174.3715765341274,85.41,112.74,9.76,0.122293059513336,259.39141410408087,423.5581984536833,106.39935070960016,0.012500786157055754
delger,2022,1.8879575499516124,174.3715765341274,70.86,87.23,3.75,0.1441655918164871,6.07355831412675,15.922619389739111,0.5213842203310595,0.00036077430949658516
delger,2015,1.5834543570475015,152.43599482401447,65.57,89.69,4.07,0.12485132294897597,65.18277248692222,156.30408356334246,3.2160560687223185,0.002436481011325302
delger,2016,1.5834543570475015,152.43599482401447,56.49,67.55,1.99,0.18521601043215247,2.6309979411695514,8.76746178706761,0.12380199636845769,8.996409401947637e-4
delger,2017,1.5834543570475015,152.43599482401447,60.03,65.54,5.19,0.09451705782565205,0.6856249714889534,2.14064304200355,0.660679768165119,9.799123567337448e-5
delger,2018,1.5834543570475015,152.43599482401447,59.58,69.17,2.62,0.1581083330282605,3.205957073012822,10.606995318403822,0.2516629526537775,6.388684130621845e-4
delger,2019,1.5834543570475015,152.43599482401447,85.33,112.9,8.81,0.1566761371456849,271.419407915197,443.5817111155824,90.10668989357764,0.02034140317022458
delger,2022,1.5834543570475015,152.43599482401447,70.55,86.88,3.32,0.18569509242049242,6.255637035810631,16.479980923625458,0.4390200346609461,5.980630486696705e-4
delger,2015,1.5303404795882705,155.98293046498245,65.76,90.12,4.52,0.10790919632011653,68.20436324740055,163.3896454760563,3.999889218283127,0.0019738791771789356
delger,2016,1.5303404795882705,155.98293046498245,56.52,67.62,2.22,0.16001100043455832,2.6219868843480394,8.817264030808614,0.14349113903401783,6.752107673329734e-4
delger,2017,1.5303404795882705,155.98293046498245,60.03,65.55,5.65,0.08208044460849474,0.6828550797581944,2.1392812896419824,0.7609199831287822,7.43271662103685e-5
delger,2018,1.5303404795882705,155.98293046498245,59.62,69.25,2.9,0.13701798448958183,3.190603885028188,10.617156833638212,0.2924060232656336,4.8265275287787254e-4
delger,2019,1.5303404795882705,155.98293046498245,85.44,113.2,9.69,0.13675401743316418,276.2852475262843,452.4960418479832,108.71246896830814,0.01657529488101238
delger,2022,1.5303404795882705,155.98293046498245,70.59,87.01,3.68,0.16196985254348167,6.228893070511223,16.519794165360715,0.515433364595688,4.672082556413255e-4
delger,2015,1.7028661455573317,148.53066459707813,65.31,89.02,3.44,0.15372260197292245,60.583457261206235,145.04050999660882,2.2865366325022367,0.003242726699139462
delger,2016,1.7028661455573317,148.53066459707813,56.47,67.45,1.65,0.22826061962877425,2.64302575354226,8.670133295521085,0.09797891770699506,0.001355331947831495
delger,2017,1.7028661455573317,148.53066459707813,60.04,65.54,4.52,0.11559690495427465,0.6897365099341345,2.1410199274867985,0.5271503079873415,1.4487316961987138e-4
delger,2018,1.7028661455573317,148.53066459707813,59.55,69.07,2.21,0.19376744404413712,3.2297726299534926,10.571225914257075,0.19866782512494113,9.494502518471142e-4
delger,2019,1.7028661455573317,148.53066459707813,85.17,112.41,7.59,0.18946016971706447,262.24713965649335,426.6288287210574,67.12975294206139,0.02641257376200994
delger,2022,1.7028661455573317,148.53066459707813,70.51,86.68,2.82,0.22471667630056297,6.2800883163761725,16.335428071516077,0.34176112344857373,8.35181244880538e-4
delger,2015,1.6351063186970058,142.39507479437694,65.05,88.66,3.22,0.16899542964785033,58.47057457734728,141.07526698200223,1.9757229603905804,0.0036837685476053096
delger,2016,1.6351063186970058,142.39507479437694,56.36,67.3,1.53,0.2514080283021411,2.6545518664533816,8.644072766197922,0.09040311741448885,0.0016428009714085769
delger,2017,1.6351063186970058,142.39507479437694,60.03,65.52,4.31,0.12631638372413573,0.6937001846432324,2.1490975993921357,0.49476422749992266,1.7395154262070083e-4
delger,2018,1.6351063186970058,142.39507479437694,59.45,68.91,2.06,0.2129389848136249,3.2447726987777434,10.611002603158903,0.18258554631646984,0.0011485123261661431
delger,2019,1.6351063186970058,142.39507479437694,85.09,112.33,7.12,0.20735198745269987,263.5950661201894,428.6916635339038,59.87553928657367,0.030616398627913682
delger,2022,1.6351063186970058,142.39507479437694,70.38,86.49,2.62,0.2465640104894381,6.356913888725063,16.51845535130229,0.30936073423195143,9.987399690452382e-4
delger,2015,1.79302753701299,138.71827436292904,64.77,87.85,2.61,0.2074485497239565,53.39502337051863,128.13537877646183,1.3187524593375597,0.0047250697875881546
delger,2016,1.79302753701299,138.71827436292904,56.36,67.22,1.2,0.3089015779663787,2.671754760364139,8.541026428925809,0.06835047917221172,0.002461559309457396
delger,2017,1.79302753701299,138.71827436292904,60.03,65.51,3.64,0.15382732924817832,0.6992780083388135,2.1489033901617596,0.3795689019037779,2.541746732976173e-4
delger,2018,1.79302753701299,138.71827436292904,59.43,68.8,1.67,0.2598498535916807,3.273364418318645,10.553003010211693,0.13774609474727154,0.0016885611532370228
delger,2019,1.79302753701299,138.71827436292904,84.87,111.63,5.93,0.24824025699544067,251.20717512827045,405.86563824991015,41.92845983572853,0.03710504418147031
delger,2022,1.79302753701299,138.71827436292904,70.34,86.26,2.13,0.29548577732711284,6.371813689776932,16.277532871431152,0.22937648108019212,0.0013446069030588132
delger,2015,1.764051819311549,162.80844318343688,65.88,89.97,4.2,0.11185959147871295,66.93134730947769,158.29554825312889,3.505644608361743,0.0020443599900895532
delger,2016,1.764051819311549,162.80844318343688,56.66,67.75,2.05,0.16553945675576856,2.624159994759594,8.780938243886869,0.12680197275361957,7.199274041998772e-4
delger,2017,1.764051819311549,162.80844318343688,60.05,65.56,5.25,0.08516725887701715,0.6819176326633163,2.1289073168572004,0.6639054575275368,7.864008116745833e-5
delger,2018,1.764051819311549,162.80844318343688,59.72,69.37,2.69,0.1414095795870072,3.1942451355613555,10.527131490144296,0.25929217296090584,5.083804102892402e-4
delger,2019,1.764051819311549,162.80844318343688,85.35,112.74,9.08,0.14005368203981627,263.28876135691013,429.7240598944666,93.73349310272778,0.016025390201115024
delger,2022,1.764051819311549,162.80844318343688,70.72,87.05,3.45,0.16545206019889463,6.14833712228833,16.120756846196898,0.46019356404006095,4.701909477946136e-4
delger,2015,1.8454222425239262,143.45359910716851,64.97,88.15,2.78,0.1956468656337467,55.10782100958983,131.55714695099067,1.501487389552987,0.00443988519466886
delger,2016,1.8454222425239262,143.45359910716851,56.43,67.32,1.29,0.2909177864716728,2.661380933591776,8.553287669556893,0.07386589194425164,0.00218100607432181
delger,2017,1.8454222425239262,143.45359910716851,60.04,65.52,3.81,0.14575294120760662,0.695634897436219,2.142367554678944,0.40257494113299547,2.2691879949716446e-4
delger,2018,1.8454222425239262,143.45359910716851,59.51,68.93,1.78,0.24515113919474898,3.2629137068138254,10.529624030662596,0.14925819164772974,0.0015008610243125381
delger,2019,1.8454222425239262,143.45359910716851,84.96,111.75,6.29,0.23528189794347298,251.06509799350755,405.8465544765471,46.69352394480199,0.03465083376987005
delger,2022,1.8454222425239262,143.45359910716851,70.44,86.39,2.28,0.2795318323674236,6.318500293268756,16.16280683244743,0.25168663576632194,0.0012155171081409191
delger,2015,1.9254170655591132,168.5243081572737,65.99,89.95,4.08,0.11333499472380842,66.71681043696957,156.46131278810867,3.35751350714035,0.0020801709094829335
delger,2016,1.9254170655591132,168.5243081572737,56.75,67.84,1.99,0.16759883374289242,2.6249629514610224,8.761210140619522,0.12063964109076025,7.373649819071911e-4
delger,2017,1.9254170655591132,168.5243081572737,60.06,65.57,5.08,0.08640410278583864,0.6809797280299188,2.122096604504289,0.6252693199353647,8.011674367256923e-5
delger,2018,1.9254170655591132,168.5243081572737,59.8,69.45,2.61,0.14297416302839847,3.194716246775192,10.470822086338691,0.24713114422286503,5.168223388298429e-4
delger,2019,1.9254170655591132,168.5243081572737,85.32,112.5,8.87,0.14104580930286165,256.1591264729882,417.2385234508809,88.37858101846885,0.015613025223856443
delger,2022,1.9254170655591132,168.5243081572737,70.81,87.1,3.38,0.16635154071158523,6.099200256273878,15.889788839545123,0.4416199003432619,4.6690930098661725e-4
delger,2015,1.7640243053990414,138.2948623053935,64.77,87.9,2.65,0.20467198095228895,53.751996292068085,129.20155141862017,1.3528491411875831,0.004648104963883918
delger,2016,1.7640243053990414,138.2948623053935,56.34,67.21,1.22,0.3048240995031749,2.671883320541941,8.5517715477569,0.06963893650880257,0.002400095502274438
delger,2017,1.7640243053990414,138.2948623053935,60.03,65.52,3.69,0.15174051385252707,0.6993389804653606,2.1507709953163436,0.38783585193985254,2.479320733540172e-4
delger,2018,1.7640243053990414,138.2948623053935,59.42,68.79,1.69,0.2565114198844337,3.271693339407624,10.564343181031253,0.1403229205233535,0.001648171110609886
delger,2019,1.7640243053990414,138.2948623053935,84.89,111.71,6,0.2454729509885703,252.69527753175242,408.58465218092783,42.86819019493998,0.03677986234240814
delger,2022,1.7640243053990414,138.2948623053935,70.33,86.26,2.16,0.29225558169206967,6.381263206388145,16.33366319572058,0.23361208175406234,0.0013236999797820866
delger,2015,1.4780712955316142,137.6825318603531,64.89,88.67,3.33,0.16228442030586118,58.523859566375606,142.89698252963538,2.0733926275678964,0.0034289538258900913
delger,2016,1.4780712955316142,137.6825318603531,56.24,67.19,1.59,0.24175337985878806,2.6596246757235464,8.686949221241722,0.09584868262628059,0.0015284890892552226
delger,2017,1.4780712955316142,137.6825318603531,60.01,65.52,4.49,0.12104331191697308,0.6959041266308091,2.159715466237519,0.5351367925611369,1.6249107215281884e-4
delger,2018,1.4780712955316142,137.6825318603531,59.36,68.79,2.14,0.20516431738289784,3.2449650411072586,10.69155485461334,0.1931159073348323,0.0010767783836175854
delger,2019,1.4780712955316142,137.6825318603531,85.08,112.58,7.3,0.20087602598652765,271.25312695909224,442.73554447191145,63.381005657518806,0.03003054617004905
delger,2022,1.4780712955316142,137.6825318603531,70.25,86.42,2.68,0.23937606613831952,6.427221639806567,16.848430713383518,0.32412044469034995,9.648783415324366e-4
delger,2015,1.6398121864321145,121.70873967996856,63.77,86.31,1.86,0.2835106406752071,45.02810992571322,110.23530681356542,0.6875787518978863,0.006733372526558754
delger,2016,1.6398121864321145,121.70873967996856,55.99,66.7,0.79,0.4254594106373149,2.744858614373172,8.49835662413324,0.04648375864948937,0.004716890268677921
delger,2017,1.6398121864321145,121.70873967996856,60.01,65.47,2.91,0.20441016129406292,0.725256291582973,2.1926792455529123,0.2942110485631396,4.7234630009661976e-4
delger,2018,1.6398121864321145,121.70873967996856,59.06,68.17,1.17,0.35431869418279216,3.334617593196489,10.659053381389782,0.09225749414638379,0.0031754572423432124
delger,2019,1.6398121864321145,121.70873967996856,84.16,110.58,4.29,0.32866430109945266,240.00192320174315,387.45529264374886,22.668207668956146,0.04932391732085557
delger,2022,1.6398121864321145,121.70873967996856,69.84,85.42,1.47,0.39587327758771684,6.638516036329481,16.789040086810694,0.1436272463214109,0.002308466144358953
delger,2015,1.7915904306235981,136.08094522889024,64.62,87.58,2.46,0.21984885927943426,51.76373321607055,124.44894051254053,1.1671532366475281,0.0050412782659988425
delger,2016,1.7915904306235981,136.08094522889024,56.32,67.15,1.12,0.3275465531646497,2.6795014469050553,8.517369610844781,0.06333858013983465,0.002766226513540946
delger,2017,1.7915904306235981,136.08094522889024,60.03,65.51,3.48,0.16234346237525485,0.7021195631659373,2.1529847212339304,0.3565474010599277,2.8322949613664074e-4
delger,2018,1.7915904306235981,136.08094522889024,59.39,68.72,1.56,0.2749935490346926,3.2832035082141955,10.557308241182076,0.1274809548496563,0.0018888179264921734
delger,2019,1.7915904306235981,136.08094522889024,84.79,111.46,5.61,0.2613274333030941,249.16831339268734,402.0759691245381,37.76874149743363,0.03925684276305355
delger,2022,1.7915904306235981,136.08094522889024,70.29,86.14,2,0.3115252151644976,6.400321622392509,16.300163945538962,0.21026217591920154,0.0014743810763292804
delger,2015,2.077619428595776,135.1358358145762,64.4,86.68,1.92,0.27638164620162603,46.52517742316415,110.15315076561687,0.7501878514686029,0.0066294683421037025
delger,2016,2.077619428595776,135.1358358145762,56.4,67.14,0.82,0.4119346071390159,2.6959554026642705,8.37357413758335,0.046530248921387886,0.004325469974547717
delger,2017,2.077619428595776,135.1358358145762,60.05,65.5,2.86,0.20263791440638712,0.7075621002491838,2.1466718488430563,0.26337003893313726,4.287320353168692e-4
delger,2018,2.077619428595776,135.1358358145762,59.43,68.67,1.21,0.3428254565347911,3.316792179027031,10.439872348277834,0.0935457457140408,0.0028788789609282064
delger,2019,2.077619428595776,135.1358358145762,84.57,110.53,4.58,0.31725775507175813,231.93858995951507,370.2730477287814,25.48553104353951,0.046039483412072646
delger,2022,2.077619428595776,135.1358358145762,70.34,85.93,1.58,0.3783618082244053,6.3829939268305305,15.848931474341605,0.15242625545075034,0.001993783722641929
delger,2015,1.7086802337653995,143.3776954659446,65.04,88.52,3.09,0.17609300873728087,57.441321490477115,138.03810743696982,1.829962152412491,0.0038832760764970237
delger,2016,1.7086802337653995,143.3776954659446,56.39,67.32,1.46,0.2619048080517674,2.655772151559683,8.617130978367012,0.08537822621410412,0.0017780707866930474
delger,2017,1.7086802337653995,143.3776954659446,60.03,65.53,4.16,0.13155329130009202,0.6938598138645016,2.1461555218732853,0.4655452054898597,1.8730861894906598e-4
delger,2018,1.7086802337653995,143.3776954659446,59.48,68.92,1.98,0.22150552356046002,3.2487318751784886,10.579090801510663,0.17247489078013847,0.001237065872071291
delger,2019,1.7086802337653995,143.3776954659446,85.06,112.15,6.89,0.21477021630248602,259.47969900919327,421.17399114783547,55.94541311191218,0.031665551070759995
delger,2022,1.7086802337653995,143.3776954659446,70.41,86.48,2.52,0.255284790487368,6.33776676989993,16.38833366829423,0.2922891264441556,0.0010532858206001021
delger,2015,1.6060251967700898,157.27669422311584,65.77,90,4.34,0.11311144180931659,67.31258489324694,160.6728473126658,3.6991191002775814,0.002115570707607743
delger,2016,1.6060251967700898,157.27669422311584,56.56,67.65,2.13,0.16762854765821344,2.6244251111225925,8.797195225742705,0.1347646102010446,7.391890089419344e-4
delger,2017,1.6060251967700898,157.27669422311584,60.04,65.55,5.44,0.08597758263798298,0.6830270011113679,2.1363111772122862,0.7121310435292258,8.103747049814853e-5
delger,2018,1.6060251967700898,157.27669422311584,59.64,69.27,2.78,0.14338047344851523,3.194345395114959,10.588276331078085,0.2745922643072102,5.263410810213473e-4
delger,2019,1.6060251967700898,157.27669422311584,85.39,113,9.34,0.1425739510077114,271.2771965015861,443.7586623730833,100.38299283899488,0.01736183979270588
delger,2022,1.6060251967700898,157.27669422311584,70.62,86.99,3.54,0.16873134586179625,6.208002638427926,16.38812345860347,0.48412902950515196,4.992382394161339e-4
onon,2012,1.7076825616003077,156.60440874415906,49.57,60.58,2.91,0.09631957551925278,1.3786984099834894,4.506561206277745,0.1207991841941971,1.5726173499397775e-4
onon,2013,1.7076825616003077,156.60440874415906,66.07,98.56,5.73,0.083310367422109,18.906550393070866,36.09352991850605,1.7080026320195776,4.4950228584513186e-4
onon,2014,1.7076825616003077,156.60440874415906,36.01,44.57,1.52,0.14874167216475087,0.7411542395410309,3.0691176327933425,0.017413488986903577,2.7816796395085453e-4
onon,2015,1.7076825616003077,156.60440874415906,43.21,54.51,3.29,0.0633308103133283,0.5554561839659699,1.7827788866501306,0.056624553055089843,3.504537801489682e-5
onon,2016,1.7076825616003077,156.60440874415906,51.59,65.19,3.71,0.07954240530861054,2.5318073930896308,7.326582267742944,0.25014154072797334,1.2012241501078774e-4
onon,2017,1.7076825616003077,156.60440874415906,54.96,66.72,4.41,0.07920545344857428,0.8601785285008298,2.4966216113051343,0.18353339462955995,4.705218829062994e-5
onon,2018,1.7076825616003077,156.60440874415906,67.92,83.44,6.66,0.10647791586447436,3.2770180132317175,8.190083293691636,1.4179055934571663,1.709350019971994e-4
onon,2019,1.7076825616003077,156.60440874415906,86.12,129.68,10.64,0.09403583207074466,132.974582623568,190.39033591901574,32.283234905892776,0.004389946123520175
onon,2022,1.7076825616003077,156.60440874415906,45.5,63.14,2.05,0.12750463266806736,3.1177077639366244,10.03493187030324,0.04424350690473603,2.1888019581721004e-4
onon,2012,1.8109830161635196,144.18002512612836,49.47,60.35,2.2,0.14263012338829587,1.3908588508742854,4.474598872118306,0.08085413791831371,3.3912327392524044e-4
onon,2013,1.8109830161635196,144.18002512612836,65.86,97.92,4.39,0.12295276146878502,18.77698025170785,35.381365027086986,1.0756259141657067,8.599534996436365e-4
onon,2014,1.8109830161635196,144.18002512612836,35.79,44.08,1.06,0.22709502081866736,0.7104099307151482,2.880212857685332,0.011649293819784346,6.256367174690496e-4
onon,2015,1.8109830161635196,144.18002512612836,43.11,54.29,2.54,0.09488336731548823,0.5609079435774397,1.7738032720943921,0.038432499282200557,7.741943239830577e-5
onon,2016,1.8109830161635196,144.18002512612836,51.46,64.87,2.84,0.11750219794267124,2.564252828521208,7.316804045450175,0.16590928566787239,2.5512097094710826e-4
onon,2017,1.8109830161635196,144.18002512612836,54.92,66.58,3.43,0.11563687580546857,0.8711753545596488,2.490981635490065,0.12323187460696645,9.741121520368877e-5
onon,2018,1.8109830161635196,144.18002512612836,67.92,83.3,5.21,0.15216585108529948,3.267585708222175,8.046554391270021,0.9298591281394437,3.181711414361658e-4
onon,2019,1.8109830161635196,144.18002512612836,85.29,128.03,8,0.13818261799450388,121.47315601973625,173.70348709657623,17.66731761668404,0.007421677519746578
onon,2022,1.8109830161635196,144.18002512612836,44.58,61.2,1.43,0.19710658326438382,2.8087961045298737,9.164425787735924,0.02529925193707164,4.802737601837899e-4
onon,2012,1.8218550640983846,131.26944483798712,49.29,60.03,1.67,0.20794287083901072,1.4056359613126126,4.454876687941252,0.05671726662060726,7.108051226738454e-4
onon,2013,1.8218550640983846,131.26944483798712,65.51,97.25,3.38,0.17845373068177922,19.01790644981244,35.41504034995852,0.6995593741442645,0.0015903677930922922
onon,2014,1.8218550640983846,131.26944483798712,35.46,43.42,0.72,0.3407472512948782,0.6706827830886297,2.654627761163992,0.008234411867651588,0.0013436325640077585
onon,2015,1.8218550640983846,131.26944483798712,42.95,54,1.99,0.13938145012513964,0.5679823893150449,1.7733048924797241,0.027480680508552256,1.64416263077428e-4
onon,2016,1.8218550640983846,131.26944483798712,51.23,64.44,2.19,0.17070918702411728,2.614167345592032,7.374543834511703,0.11513142999574241,5.277977654039962e-4
onon,2017,1.8218550640983846,131.26944483798712,54.84,66.41,2.7,0.16575337323158948,0.8871988708624557,2.500921439035233,0.08678045924443693,1.9536642872087262e-4
onon,2018,1.8218550640983846,131.26944483798712,67.9,83.16,4.13,0.21361804761799807,3.2795734864983337,7.957504435348877,0.6352264174464887,5.713087040059038e-4
onon,2019,1.8218550640983846,131.26944483798712,84.16,126.24,5.96,0.1995704615419571,110.32850317623156,157.99312846708648,9.441042301622593,0.011624968172420038
onon,2022,1.8218550640983846,131.26944483798712,43.29,58.64,0.95,0.3041959885951705,2.2822883011495105,7.650991228911442,0.01415519773102117,0.0010062309075255559
onon,2012,1.7996246627521983,140.49543482761288,49.42,60.27,2.07,0.15688886064573654,1.394106226617425,4.4726762012930745,0.0746177997992779,4.0886710022301797e-4
onon,2013,1.7996246627521983,140.49543482761288,65.76,97.78,4.14,0.1352067565883086,18.868772823193137,35.492554999642195,0.9738447335340453,0.001011504694316669
onon,2014,1.7996246627521983,140.49543482761288,35.7,43.9,0.98,0.251082375976989,0.6983732880053393,2.817022109182141,0.010768655834993986,7.539690245821566e-4
onon,2015,1.7996246627521983,140.49543482761288,43.07,54.22,2.41,0.10444490671608218,0.5625226236376674,1.7749254054179833,0.035657582761084564,9.340013144855582e-5
onon,2016,1.7996246627521983,140.49543482761288,51.4,64.77,2.68,0.12910330479128826,2.576860318115775,7.339062322573732,0.15283907044902234,3.0652162380605637e-4
onon,2017,1.7996246627521983,140.49543482761288,54.89,66.54,3.25,0.12674164061755738,0.8751304358783941,2.495637847208786,0.11384720187295874,1.1645796195065181e-4
onon,2018,1.7996246627521983,140.49543482761288,67.91,83.28,4.95,0.16611111991138147,3.2737754352043784,8.037727649646364,0.8529239487917727,3.7220055187711323e-4
onon,2019,1.7996246627521983,140.49543482761288,85.01,127.65,7.48,0.15177598340245124,119.26959606349385,170.69324892912817,15.29461024641435,0.00842242614475027
onon,2022,1.7996246627521983,140.49543482761288,44.23,60.52,1.3,0.21974191152488098,2.6767378983275387,8.81552537588042,0.022060778200193247,5.782242116948788e-4
onon,2012,2.27352701446322,132.97335692234367,49.44,60.07,1.22,0.2786054665493569,1.4239738600793637,4.378527486517707,0.03898634978721421,0.0012612487085128903
onon,2013,2.27352701446322,132.97335692234367,65.79,96.41,2.63,0.23497446111791323,17.505655154061895,31.63123410044224,0.4593155751285072,0.002265764826805168
onon,2014,2.27352701446322,132.97335692234367,35.6,43.55,0.43,0.4860371266914275,0.6931782933378924,2.666230866275316,0.00566143843721335,0.002780233941820727
onon,2015,2.27352701446322,132.97335692234367,43.1,54.06,1.47,0.19284928698184525,0.5758020437566271,1.745183062126797,0.018773111155070535,3.1312464491446056e-4
onon,2016,2.27352701446322,132.97335692234367,51.41,64.44,1.66,0.22790636677427772,2.6284803405184385,7.16971608039607,0.07880039562734088,9.081123369831073e-4
onon,2017,2.27352701446322,132.97335692234367,54.96,66.38,2.08,0.21805988851904787,0.8874133633961229,2.4356999755075024,0.059382718813718836,3.2183950921567026e-4
onon,2018,2.27352701446322,132.97335692234367,67.94,82.88,3.28,0.27027644964885295,3.159407435758298,7.489516598408816,0.4271924230776808,7.814540407074156e-4
onon,2019,2.27352701446322,132.97335692234367,83.97,124.01,4.75,0.25905016272041703,95.26048376905332,133.98519263074948,5.991320633864754,0.014780466586483992
onon,2022,2.27352701446322,132.97335692234367,43.58,58.74,0.62,0.4182955601172927,2.376216548143663,7.55276477380416,0.009821607678048424,0.0019370849239084005
onon,2012,1.459562128469581,130.01112774091902,49.18,60.01,2.23,0.15473283649217204,1.390261655414967,4.523299090066804,0.08378695578340599,3.9785187928397724e-4
onon,2013,1.459562128469581,130.01112774091902,65.25,98,4.32,0.13460192016204756,20.42092086918514,39.066929561876876,1.0751394820922562,0.001068550197166704
onon,2014,1.459562128469581,130.01112774091902,35.34,43.31,1.09,0.24036700398539282,0.6522849399607115,2.644277606166662,0.012157766292229115,6.601714427371103e-4
onon,2015,1.459562128469581,130.01112774091902,42.82,53.95,2.63,0.10085622665719575,0.5611885030251341,1.7971561983460111,0.040807008982381945,8.652648813789702e-5
onon,2016,1.459562128469581,130.01112774091902,51.09,64.45,2.87,0.1274633259902831,2.6004449962971337,7.5545589916990625,0.17062747578279036,3.0376353755683013e-4
onon,2017,1.459562128469581,130.01112774091902,54.74,66.44,3.48,0.12543336218267184,0.8872911115028829,2.5602120516549594,0.12868424112527152,1.1685123402407697e-4
onon,2018,1.459562128469581,130.01112774091902,67.87,83.43,5.22,0.1674650687393591,3.3965310893767717,8.409530994352835,0.9583783119582757,4.031379261701266e-4
onon,2019,1.459562128469581,130.01112774091902,84.22,128.12,7.46,0.15224660747187496,124.26094488775666,180.99664857103016,14.697584577858768,0.008517229437700466
onon,2022,1.459562128469581,130.01112774091902,43.04,58.55,1.36,0.22105573229001754,2.1991852702988024,7.725443877962961,0.020725634665316333,5.249759719575943e-4
onon,2012,1.9236287412030564,144.85397696900282,49.5,60.36,2.05,0.15464609831179,1.3945222752222766,4.455891719261708,0.07312796188368295,3.9759662724470545e-4
onon,2013,1.9236287412030564,144.85397696900282,65.93,97.74,4.13,0.13292235633429525,18.426326361784657,34.49989399398824,0.9628869542794118,9.635849413428733e-4
onon,2014,1.9236287412030564,144.85397696900282,35.83,44.12,0.96,0.24961179508347311,0.7165480957570618,2.8853604022852983,0.010543712843424206,7.592178162171878e-4
onon,2015,1.9236287412030564,144.85397696900282,43.15,54.31,2.37,0.10359017300895182,0.5626598626778838,1.7677377675817798,0.0347218199500946,9.215660423956412e-5
onon,2016,1.9236287412030564,144.85397696900282,51.5,64.88,2.66,0.12727855140126793,2.5676159489469943,7.271762926597749,0.15004499142988653,2.96802903627099e-4
onon,2017,1.9236287412030564,144.85397696900282,54.95,66.58,3.22,0.12486416394451116,0.8714043310153131,2.477211498730131,0.11143113157452511,1.1232294433865273e-4
onon,2018,1.9236287412030564,144.85397696900282,67.93,83.24,4.92,0.16289298221522053,3.2396664666439503,7.936798165933839,0.8374482693024671,3.5251550347311836e-4
onon,2019,1.9236287412030564,144.85397696900282,85.21,127.47,7.55,0.1489104781640091,117.3170898496477,167.13160464997767,15.667789800146705,0.00811046208245831
onon,2022,1.9236287412030564,144.85397696900282,44.66,61.25,1.31,0.2146650674725633,2.8429714101137322,9.158984355759607,0.023014201814330743,5.716522230313345e-4
onon,2012,1.7269793985385864,143.83622724189135,49.45,60.35,2.33,0.1334040343517307,1.3878715857753943,4.488854625560549,0.08789350977100316,2.97413458221394e-4
onon,2013,1.7269793985385864,143.83622724189135,65.81,98.07,4.62,0.11526526019866508,19.040220525717373,36.066412079858395,1.1782003666187113,7.808253552512863e-4
onon,2014,1.7269793985385864,143.83622724189135,35.77,44.06,1.15,0.21022408048654337,0.7061698077140651,2.8780231644161898,0.012661782514994214,5.3484046477414e-4
onon,2015,1.7269793985385864,143.83622724189135,43.09,54.29,2.69,0.08825583668864372,0.5597250668287405,1.779328157192895,0.04182323744162297,6.706519796186173e-5
onon,2016,1.7269793985385864,143.83622724189135,51.44,64.88,3,0.10993983224266365,2.5633290384129004,7.357191824144651,0.1806568490078855,2.248432509044126e-4
onon,2017,1.7269793985385864,143.83622724189135,54.9,66.6,3.61,0.10847580045341014,0.871441013038524,2.503588030135188,0.13414405485622585,8.645647258096202e-5
onon,2018,1.7269793985385864,143.83622724189135,67.91,83.36,5.48,0.14371404907082788,3.2896429585610365,8.132518075646528,1.015291029555217,2.915071802373021e-4
onon,2019,1.7269793985385864,143.83622724189135,85.35,128.46,8.4,0.12977118200630364,124.97838321356151,179.16987432648094,19.582654194843997,0.0068832223601720316
onon,2022,1.7269793985385864,143.83622724189135,44.53,61.2,1.53,0.18360008359076152,2.7937880283299634,9.200779102081027,0.027500530039198067,4.1671767982342584e-4
onon,2012,1.7919476257846427,165.34975550004108,49.66,60.7,3.09,0.08420953801172004,1.3771522214731962,4.503406769304659,0.13179586172180086,1.209551783733986e-4
onon,2013,1.7919476257846427,165.34975550004108,66.23,98.65,6.1,0.07273580822590822,18.573414341100968,35.43256507870813,1.8971200288278711,3.4907722006296903e-4
onon,2014,1.7919476257846427,165.34975550004108,36.18,44.87,1.63,0.130064306669094,0.7670398825271039,3.184040332135128,0.01902025170324918,2.1878520054057944e-4
onon,2015,1.7919476257846427,165.34975550004108,43.3,54.64,3.47,0.0554820339858949,0.554458742115895,1.7796242327204528,0.061219949770846376,2.7100606154119717e-5
onon,2016,1.7919476257846427,165.34975550004108,51.71,65.35,3.92,0.06958219922891563,2.519085129835476,7.280688749912052,0.2738383301084324,9.240923997487292e-5
onon,2017,1.7919476257846427,165.34975550004108,55.01,66.79,4.65,0.0694396487672941,0.8549953373493305,2.4839355305638477,0.19969832450415526,3.628266945418865e-5
onon,2018,1.7919476257846427,165.34975550004108,67.94,83.45,7.04,0.0934247205429749,3.25095131796885,8.138544461791248,1.5552028080077416,1.328293606374508e-4
onon,2019,1.7919476257846427,165.34975550004108,86.38,129.82,11.45,0.0820251759397147,132.85336228300756,189.6633199845291,37.55403479164833,0.0034963224161684327
onon,2022,1.7919476257846427,165.34975550004108,46.09,64.22,2.24,0.10960678716646911,3.2741798393391823,10.312349194417884,0.05218328420349688,1.6815873903597699e-4
onon,2012,1.8183399933939122,134.77955963602616,49.35,60.13,1.81,0.18589292876622054,1.4005238297096287,4.459675299500855,0.06278375804141839,5.701828128812905e-4
onon,2013,1.8183399933939122,134.77955963602616,65.62,97.47,3.66,0.1598565212411544,18.935829871430915,35.404872450973585,0.7927075267530075,0.0013272441026514982
onon,2014,1.8183399933939122,134.77955963602616,35.56,43.63,0.82,0.3018164122446793,0.6825243892250759,2.7235472301711967,0.009086266320475126,0.0010694747352347775
onon,2015,1.8183399933939122,134.77955963602616,43,54.08,2.13,0.12441215224129344,0.5653824612166405,1.7721132138832256,0.030233697164966794,1.3166313184523332e-4
onon,2016,1.8183399933939122,134.77955963602616,51.31,64.58,2.37,0.15281206197085806,2.597881145184611,7.355314996402978,0.12790810191745933,4.251937872248241e-4
onon,2017,1.8183399933939122,134.77955963602616,54.86,66.46,2.9,0.14899283757478707,0.882123207643706,2.4977597204499746,0.09601090545461886,1.5895432146733018e-4
onon,2018,1.8183399933939122,134.77955963602616,67.91,83.21,4.43,0.19325872559875754,3.2758742351106944,7.984848132507228,0.7096619850391415,4.811829265476344e-4
onon,2019,1.8183399933939122,134.77955963602616,84.52,126.8,6.51,0.17900702120318768,113.82388869203034,162.92804657929315,11.409016338266397,0.010241054954592215
onon,2022,1.8183399933939122,134.77955963602616,43.69,59.43,1.08,0.267006561654914,2.45070757496149,8.153018826797354,0.016814414666382616,8.075620518379578e-4
onon,2012,1.6489289405147805,174.698723843232,49.7,60.82,3.85,0.05945599414868556,1.3694774439605109,4.534064259656171,0.18534355666771773,6.11152867723034e-5
onon,2013,1.6489289405147805,174.698723843232,66.33,99.12,7.51,0.051436079492852706,18.867831961427694,36.35922477096895,2.775746366486973,1.9164358728006566e-4
onon,2014,1.6489289405147805,174.698723843232,36.29,45.15,2.11,0.0897152410999192,0.7847594388445225,3.3075599072927515,0.02682625244013008,1.0655723390814668e-4
onon,2015,1.6489289405147805,174.698723843232,43.33,54.75,4.27,0.038771703461872475,0.5509099960367957,1.7890790824066811,0.08546448394621822,1.3390600448297219e-5
onon,2016,1.6489289405147805,174.698723843232,51.76,65.52,4.84,0.0491882228974465,2.5032270148678513,7.319413824314541,0.38741914201004585,4.723680500113868e-5
onon,2017,1.6489289405147805,174.698723843232,55.02,66.86,5.69,0.04949547324743168,0.8491620167311252,2.4951178749688836,0.2802001366764097,1.887529885572111e-5
onon,2018,1.6489289405147805,174.698723843232,67.93,83.55,8.57,0.06762701069090667,3.2697655693370002,8.274421719967417,2.2141597021022004,7.436573505437972e-5
onon,2019,1.6489289405147805,174.698723843232,86.86,130.99,14.2,0.05821090639212659,141.09630393315572,202.04233286471165,58.77693346731869,0.002050243717953237
onon,2022,1.6489289405147805,174.698723843232,46.55,65.26,2.9,0.07558853525473663,3.3542136865002883,10.560978391032386,0.07872446132910331,8.319485185581152e-5
onon,2012,1.674270011200195,169.6862823154692,49.67,60.76,3.56,0.06808830978089636,1.3720297889216782,4.5263178422845876,0.16378952349355855,7.971865992334469e-5
onon,2013,1.674270011200195,169.6862823154692,66.25,98.94,6.96,0.05888525548033541,18.83263086716331,36.184305034210134,2.413644250915428,2.4342352152777145e-4
onon,2014,1.674270011200195,169.6862823154692,36.22,45,1.93,0.10345837581621511,0.7736458738200997,3.245346229080448,0.02365888746822096,1.3991275708374467e-4
onon,2015,1.674270011200195,169.6862823154692,43.3,54.69,3.97,0.04450693468506972,0.5520858771997992,1.7867681620749325,0.07583249715972175,1.7552865256863636e-5
onon,2016,1.674270011200195,169.6862823154692,51.72,65.44,4.49,0.05631144680287635,2.50989949827641,7.31695740415394,0.34147601980893494,6.142468718871115e-5
onon,2017,1.674270011200195,169.6862823154692,55.01,66.83,5.29,0.0564896804476418,0.8520041613015222,2.494964248137067,0.24806565807652836,2.439533515412245e-5
onon,2018,1.674270011200195,169.6862823154692,67.93,83.52,7.98,0.07684232095291747,3.2684344755534616,8.242289072321118,1.9470664334041625,9.401494305266052e-5
onon,2019,1.674270011200195,169.6862823154692,86.7,130.66,13.12,0.06659780176176731,139.18753092155603,199.17550118877364,50.03635560389469,0.002556524868173869
onon,2022,1.674270011200195,169.6862823154692,46.3,64.75,2.64,0.08739401331971362,3.3099898715155542,10.465533314279982,0.06726417217947112,1.0918747160813034e-4
onon,2012,1.5231159282221665,138.07567628124468,49.32,60.21,2.48,0.13293656560099804,1.3849012765763735,4.5179312497558906,0.09686561091784242,2.954669050472497e-4
onon,2013,1.5231159282221665,138.07567628124468,65.57,98.25,4.84,0.11540183237113393,19.88809743321176,38.051650826960056,1.292867973246984,8.183767055466099e-4
onon,2014,1.5231159282221665,138.07567628124468,35.57,43.73,1.25,0.20554237258457494,0.6787969150161087,2.7783985566215694,0.014013174317441549,4.959062382659374e-4
onon,2015,1.5231159282221665,138.07567628124468,42.96,54.16,2.88,0.08684323303532406,0.558723516343697,1.7924593877144188,0.046514834129431054,6.470972880177107e-5
onon,2016,1.5231159282221665,138.07567628124468,51.27,64.73,3.18,0.10959148727151904,2.5735717724958826,7.4730425038393555,0.19850317819924984,2.257352465717484e-4
onon,2017,1.5231159282221665,138.07567628124468,54.81,66.54,3.83,0.10841297790794918,0.876754401791796,2.537691716232584,0.14806768454818683,8.767157251655056e-5
onon,2018,1.5231159282221665,138.07567628124468,67.89,83.45,5.75,0.1452962903084973,3.3581567898246294,8.350559840824175,1.1205684272370033,3.1065168468277635e-4
onon,2019,1.5231159282221665,138.07567628124468,85.12,129,8.64,0.13046383862966102,130.05103582478023,188.02804927065554,20.55500583530871,0.007203844798368557
onon,2022,1.5231159282221665,138.07567628124468,43.86,60.09,1.6,0.18480544551114586,2.5354626291359508,8.668818772777321,0.027656299905624307,3.997661807779552e-4
onon,2012,1.5669565030178558,122.87652861597562,49.07,59.78,1.69,0.21134427537257003,1.4053712151820805,4.495294410589475,0.058453135172926926,7.350038840231693e-4
onon,2013,1.5669565030178558,122.87652861597562,65.04,97.33,3.34,0.18273931348657288,20.346588478614102,38.33594875600426,0.7031144031943707,0.0017244447787440672
onon,2014,1.5669565030178558,122.87652861597562,35.15,42.91,0.75,0.3396058307542367,0.6363593446153583,2.518066816959516,0.008537438848132016,0.0012920564598477655
onon,2015,1.5669565030178558,122.87652861597562,42.73,53.75,2.05,0.13941633845631377,0.5684042522869854,1.7933806216603159,0.028878009955584937,1.6362071664975374e-4
onon,2016,1.5669565030178558,122.87652861597562,50.95,64.11,2.22,0.1735422841390858,2.642121567017249,7.561079179635373,0.11802602396119725,5.522521515955971e-4
onon,2017,1.5669565030178558,122.87652861597562,54.7,66.3,2.74,0.16847171473115397,0.8997448522536949,2.554674545649708,0.09004304435112095,2.0538141118869768e-4
onon,2018,1.5669565030178558,122.87652861597562,67.86,83.26,4.14,0.2195410657045815,3.378045084296217,8.233910720545245,0.6524466710504652,6.25721104607334e-4
onon,2019,1.5669565030178558,122.87652861597562,83.1,126.01,5.59,0.20566680676625282,110.1574590285759,160.38956672553147,7.903784218592122,0.011544592400185663
onon,2022,1.5669565030178558,122.87652861597562,42.33,57,0.93,0.3152270101281161,1.8933920944746343,6.65460451069074,0.012492936662343253,9.806229526803808e-4
onon,2012,1.7064143610290523,180.8441401738874,49.75,60.9,3.96,0.05426547950134141,1.3706069530661482,4.537382951265566,0.19342494983630848,5.1109186504112137e-05
onon,2013,1.7064143610290523,180.8441401738874,66.43,99.17,7.75,0.04686017976424553,18.697425464219734,35.977325439388935,2.926958503553839,1.6037628370230364e-4
onon,2014,1.7064143610290523,180.8441401738874,36.38,45.32,2.17,0.08196008703538948,0.8006624757336378,3.3753408160110157,0.02804002630057171,9.04625459611822e-5
onon,2015,1.7064143610290523,180.8441401738874,43.38,54.81,4.37,0.03543993544209097,0.5504957682926362,1.7865883851515734,0.08866246695795385,1.1238345506754759e-5
onon,2016,1.7064143610290523,180.8441401738874,51.82,65.61,4.97,0.04488963125609223,2.4975003875656774,7.2928558821590554,0.40474237789808354,3.944772669477184e-5
onon,2017,1.7064143610290523,180.8441401738874,55.05,66.9,5.84,0.04520330761963799,0.8468030601101859,2.4881475096250525,0.2919793957068701,1.5759564487155372e-5
onon,2018,1.7064143610290523,180.8441401738874,67.94,83.55,8.8,0.061749132504642874,3.2556791712178894,8.241944246710608,2.3147490534130872,6.215322416395648e-5
onon,2019,1.7064143610290523,180.8441401738874,87,131.03,14.73,0.05300306113384531,140.95562703759117,201.3490701675134,63.522973005936244,0.0017358954191714448
onon,2022,1.7064143610290523,180.8441401738874,46.86,65.81,3.02,0.0684450625060552,3.4136815501140108,10.621105399791652,0.0851567674641819,6.935927402357037e-5
onon,2012,1.364898102792821,135.02211071424338,49.23,60.14,2.71,0.12082979719752837,1.3801869560603461,4.544658058832091,0.11011975982675562,2.448242013011026e-4
onon,2013,1.364898102792821,135.02211071424338,65.38,98.46,5.19,0.10534840330027899,20.571295338765072,39.74755887459388,1.4768359235126494,7.16129605824044e-4
onon,2014,1.364898102792821,135.02211071424338,35.46,43.58,1.4,0.18339053336325734,0.6643829067814817,2.739226049076372,0.015926916785063215,3.9067627953740067e-4
onon,2015,1.364898102792821,135.02211071424338,42.88,54.09,3.15,0.07807292877732874,0.5568804188140252,1.803038812431821,0.0532329739705814,5.229566764407201e-5
onon,2016,1.364898102792821,135.02211071424338,51.17,64.65,3.45,0.09971374825004906,2.5752106085005786,7.563085497285162,0.22560129616419286,1.8891554431334838e-4
onon,2017,1.364898102792821,135.02211071424338,54.76,66.53,4.14,0.09897987447130654,0.8796241588816772,2.566252821604871,0.16891432005990095,7.418730085279138e-5
onon,2018,1.364898102792821,135.02211071424338,67.87,83.54,6.17,0.1343014671443584,3.4111390121688414,8.535901887670317,1.2791664227365787,2.772705959162981e-4
onon,2019,1.364898102792821,135.02211071424338,84.91,129.5,9.11,0.11960829285367261,134.43956917446826,195.98288629275294,22.652304358342185,0.006340854579774435
onon,2022,1.364898102792821,135.02211071424338,43.55,59.66,1.75,0.16770599731884425,2.4139782936071046,8.467429371904547,0.030159454304721077,3.2120042530640994e-4
onon,2012,1.8399053825890022,137.20774882712644,49.39,60.18,1.88,0.17927551094777822,1.3991879043203301,4.459847411695946,0.06562996576260778,5.312185332833282e-4
onon,2013,1.8399053825890022,137.20774882712644,65.71,97.56,3.79,0.1541258274378508,18.824006602455224,35.21483978283689,0.8384883497600604,0.0012528198201647097
onon,2014,1.8399053825890022,137.20774882712644,35.61,43.73,0.85,0.29038994653854455,0.6886397039305884,2.7526954019138463,0.009493071771409862,9.951883736981605e-4
onon,2015,1.8399053825890022,137.20774882712644,43.04,54.14,2.2,0.11992077823362084,0.5648373456087492,1.7718901251623487,0.03148641578942417,1.2255594679357247e-4
onon,2016,1.8399053825890022,137.20774882712644,51.35,64.65,2.45,0.14738196786446536,2.589895573097181,7.334161319803639,0.13388022070697414,3.9618779008033893e-4
onon,2017,1.8399053825890022,137.20774882712644,54.88,66.49,2.99,0.14399114465743235,0.8794266026090533,2.4933781124785934,0.10017852396072734,1.4878621717191794e-4
onon,2018,1.8399053825890022,137.20774882712644,67.91,83.22,4.56,0.18709143005157444,3.26926524992064,7.980983745933344,0.7442620539165159,4.555142788564875e-4
onon,2019,1.8399053825890022,137.20774882712644,84.69,126.99,6.78,0.17265868833241693,114.86446585183572,164.2554732509201,12.428073368576692,0.009893359483112584
onon,2022,1.8399053825890022,137.20774882712644,43.89,59.82,1.14,0.25555019959235814,2.5386844012879473,8.389850719820608,0.01825887642130715,7.556321362646992e-4
onon,2012,1.5821525057717605,131.25967360708125,49.23,60.04,2.05,0.16902836274925118,1.394952605387828,4.501482234032009,0.07443865068669411,4.7327875189939744e-4
onon,2013,1.5821525057717605,131.25967360708125,65.38,97.8,4.03,0.14641850443733084,19.90637203519969,37.75386241003514,0.9472156696819781,0.0012047379988423172
onon,2014,1.5821525057717605,131.25967360708125,35.4,43.38,0.97,0.2670524559758915,0.6603689731729193,2.6585908514540253,0.010796006025923519,8.196981149591176e-4
onon,2015,1.5821525057717605,131.25967360708125,42.88,53.99,2.42,0.11122894236884696,0.5630532404528635,1.7886495845689256,0.03610982942678918,1.0515871797147542e-4
onon,2016,1.5821525057717605,131.25967360708125,51.16,64.47,2.65,0.13910960930964872,2.6024258842757537,7.488162695857932,0.15149604875360925,3.5829514569805015e-4
onon,2017,1.5821525057717605,131.25967360708125,54.78,66.44,3.23,0.136381377218615,0.8859544258529364,2.537851283935729,0.1140230360353392,1.3628880414109402e-4
onon,2018,1.5821525057717605,131.25967360708125,67.88,83.35,4.87,0.1800334521279744,3.353450139255606,8.252399369806842,0.8464533713338115,4.467421650478272e-4
onon,2019,1.5821525057717605,131.25967360708125,84.3,127.59,7.02,0.16501822161937038,120.14412231107163,173.9270010073352,13.095332764263524,0.009436579347548517
onon,2022,1.5821525057717605,131.25967360708125,43.2,58.72,1.23,0.24271112445052984,2.258693576611498,7.794470806397921,0.018731206576774694,6.404335802321423e-4
onon,2012,1.6566464101548801,118.15237534416414,49.01,59.62,1.35,0.26074590555512533,1.41752727915627,4.472366463229795,0.0445794786357695,0.001111389669393717
onon,2013,1.6566464101548801,118.15237534416414,64.88,96.75,2.73,0.224193821041623,20.170752197646916,37.51287278243871,0.5073424021397773,0.0023084030082363397
onon,2014,1.6566464101548801,118.15237534416414,35.03,42.66,0.54,0.4312564216919966,0.6296465017566243,2.4477324933863875,0.00654424623886638,0.0020701242239586554
onon,2015,1.6566464101548801,118.15237534416414,42.67,53.6,1.68,0.17396049574923952,0.5742284501416202,1.7888570980765537,0.02229560359457396,2.531794502941777e-4
onon,2016,1.6566464101548801,118.15237534416414,50.85,63.86,1.81,0.21359341485168115,2.6748724868135967,7.5569376491504165,0.08954426354927861,8.243773317982305e-4
onon,2017,1.6566464101548801,118.15237534416414,54.67,66.19,2.27,0.2050092592968073,0.909225580485243,2.5471680759786164,0.06896010013009252,2.976062532968277e-4
onon,2018,1.6566464101548801,118.15237534416414,67.85,83.11,3.47,0.2614811337118037,3.355866825659293,8.071659550892788,0.4887104341552137,8.114448535585416e-4
onon,2019,1.6566464101548801,118.15237534416414,82.23,124.26,4.45,0.25093428086907604,99.43048836813875,144.51048146069246,4.89151022109423,0.013313497967998578
onon,2022,1.6566464101548801,118.15237534416414,41.93,56.11,0.67,0.4011237960696134,1.732213387524313,6.044145213645993,0.008755175108399682,0.001520025014460612
onon,2012,1.8510471903374415,133.47739619703714,49.33,60.08,1.71,0.20245772866773545,1.4045803260064602,4.452860407687718,0.05866621662389644,6.743412478480076e-4
onon,2013,1.8510471903374415,133.47739619703714,65.58,97.3,3.48,0.17368682947507197,18.86470497766716,35.119843488626806,0.7299116091204269,0.0015226437034641799
onon,2014,1.8510471903374415,133.47739619703714,35.51,43.51,0.75,0.3316871072401987,0.6768052466427846,2.6826328147373673,0.008510248157472942,0.0012798119349206902
onon,2015,1.8510471903374415,133.47739619703714,42.99,54.06,2.03,0.1358176101267957,0.5674515119635692,1.7719970462801795,0.028298158084667086,1.5639577453480325e-4
onon,2016,1.8510471903374415,133.47739619703714,51.29,64.52,2.25,0.1662750146376191,2.607937582069937,7.354169552315748,0.1192625061404644,5.011945551355233e-4
onon,2017,1.8510471903374415,133.47739619703714,54.86,66.44,2.76,0.16169849569100944,0.8845516667600313,2.4952875080488144,0.08957396228018773,1.8610816499673485e-4
onon,2018,1.8510471903374415,133.47739619703714,67.91,83.17,4.23,0.2085943525178368,3.269196424937303,7.940704854738564,0.6584181652140088,5.483074501731874e-4
onon,2019,1.8510471903374415,133.47739619703714,84.35,126.4,6.18,0.19423636103993938,111.36049371250625,159.2041765778974,10.221321645119826,0.011418534432986719
onon,2022,1.8510471903374415,133.47739619703714,43.48,58.98,0.99,0.2942703445658898,2.36091184190205,7.861397565172945,0.015145596325053462,9.597960324552832e-4
onon,2012,1.7773227966016454,138.8959136154219,49.4,60.24,2.04,0.15937868747248576,1.394393126278393,4.473726094544336,0.07327357857659374,4.2158093162858256e-4
onon,2013,1.7773227966016454,138.8959136154219,65.72,97.77,4.08,0.1373952216343606,18.981325527623575,35.713301888546326,0.9523190322774298,0.0010402035275176795
onon,2014,1.7773227966016454,138.8959136154219,35.66,43.84,0.97,0.2550620033275084,0.6933500705552627,2.7950806965352415,0.01057330495474279,7.749243670380381e-4
onon,2015,1.7773227966016454,138.8959136154219,43.05,54.19,2.38,0.10603049781763432,0.5629218863464575,1.7766418850360752,0.03511912488911844,9.612719322309648e-5
onon,2016,1.7773227966016454,138.8959136154219,51.37,64.72,2.65,0.13118126929386809,2.5804695511691724,7.353937832665067,0.1499045918077213,3.1638979990785044e-4
onon,2017,1.7773227966016454,138.8959136154219,54.88,66.52,3.21,0.12864523081432952,0.8766682806543976,2.4994370654398486,0.11191399193065447,1.1995103307250608e-4
onon,2018,1.7773227966016454,138.8959136154219,67.91,83.28,4.89,0.16856926459460128,3.283691379567471,8.058686838077078,0.8374041119589412,3.826099404672112e-4
onon,2019,1.7773227966016454,138.8959136154219,84.91,127.59,7.34,0.15428025166248224,118.98017737337946,170.46344399260994,14.675372144937358,0.008560341544768443
onon,2022,1.7773227966016454,138.8959136154219,44.09,60.28,1.28,0.2241790539499657,2.620862472749062,8.678655077296545,0.02116142425808905,5.941114724111753e-4
onon,2012,1.9168248460965887,150.39862791629355,49.56,60.47,2.27,0.13397721056781617,1.390191699081246,4.466394824593545,0.08401412747086746,3.0021222488972187e-4
onon,2013,1.9168248460965887,150.39862791629355,66.03,97.96,4.55,0.11530428123211497,18.379258125674024,34.55520718476935,1.134163004073137,7.607816713986619e-4
onon,2014,1.9168248460965887,150.39862791629355,35.94,44.35,1.1,0.21394347002522623,0.7320455112705607,2.970418545244023,0.012103814568398005,5.672170125392588e-4
onon,2015,1.9168248460965887,150.39862791629355,43.2,54.41,2.59,0.0894752470179192,0.5603059802452636,1.7687929849525053,0.03959132150207373,6.920686156539258e-5
onon,2016,1.9168248460965887,150.39862791629355,51.58,65.03,2.92,0.11038426603115137,2.55340009014168,7.2631252855933015,0.17305865337569515,2.252794977641143e-4
onon,2017,1.9168248460965887,150.39862791629355,54.97,66.64,3.52,0.10879294007686742,0.8661945191530105,2.4749928600348357,0.12774385169390903,8.611415100583155e-5
onon,2018,1.9168248460965887,150.39862791629355,67.93,83.29,5.37,0.14301774000400377,3.236844569581195,7.972888222917748,0.9698768319609262,2.8109337566094127e-4
onon,2019,1.9168248460965887,150.39862791629355,85.53,128.04,8.39,0.1294138591296261,120.79593222019734,172.10177705390984,19.512206089163847,0.006724931336290169
onon,2022,1.9168248460965887,150.39862791629355,45.1,62.14,1.51,0.18250851001949592,3.003589327789112,9.584153427200395,0.028472252288707183,4.299349108389724e-4
onon,2012,1.9501563000937474,160.25989819265453,49.65,60.63,2.58,0.10874889045962893,1.384862579994289,4.47400452457456,0.10074675952844786,1.9972633333630388e-4
onon,2013,1.9501563000937474,160.25989819265453,66.22,98.25,5.17,0.09360948390610312,18.21381515997456,34.37626274478663,1.4070699365314883,5.308334868072371e-4
onon,2014,1.9501563000937474,160.25989819265453,36.12,44.71,1.3,0.17182288377551178,0.7598563047519884,3.1092848148495253,0.01453166627664886,0.00037727118731888337
onon,2015,1.9501563000937474,160.25989819265453,43.29,54.56,2.92,0.07240601150836634,0.5576992760144576,1.7690583641740427,0.04699296913423434,4.5772280307423724e-5
onon,2016,1.9501563000937474,160.25989819265453,51.7,65.24,3.31,0.08970341651271134,2.53262809944091,7.231899075280792,0.20857963931882803,1.5060140092838767e-4
onon,2017,1.9501563000937474,160.25989819265453,55.02,66.73,3.95,0.08888734496153942,0.8588393646544699,2.467756275004505,0.15279131426538622,5.8165590578398695e-5
onon,2018,1.9501563000937474,160.25989819265453,67.94,83.34,6.02,0.11777798947885414,3.2226205209586314,7.9865009850797515,1.1751222003999278,1.9799046057260986e-4
onon,2019,1.9501563000937474,160.25989819265453,85.92,128.6,9.62,0.10522113454060225,123.79115920683344,176.25798754279293,25.872257144995434,0.004948632843718907
onon,2022,1.9501563000937474,160.25989819265453,45.81,63.5,1.8,0.14431868864650324,3.2166149589247075,10.070362673027487,0.03793337032738199,2.8371738670950297e-4
onon,2012,1.647986313210928,146.52416255820793,49.46,60.4,2.61,0.11744409456556372,1.3828356405421884,4.505074031616456,0.10286475212830326,2.3177283802238607e-4
onon,2013,1.647986313210928,146.52416255820793,65.85,98.35,5.12,0.10169179799934086,19.254510009806612,36.71235809869139,1.408980685499231,6.417857721594414e-4
onon,2014,1.647986313210928,146.52416255820793,35.8,44.16,1.32,0.18234495113199709,0.7100566329233253,2.9184496949211014,0.014828427620765012,4.0405536446012593e-4
onon,2015,1.647986313210928,146.52416255820793,43.1,54.34,2.99,0.07712547510348597,0.5577141688655759,1.785269567118109,0.04885173206513122,5.1413728933488484e-5
onon,2016,1.647986313210928,146.52416255820793,51.45,64.96,3.33,0.0968979487821775,2.5533349491052695,7.381840183192878,0.21190247226914177,1.7663119056982252e-4
onon,2017,1.647986313210928,146.52416255820793,54.9,66.63,3.99,0.09605474834535827,0.8684001601507811,2.5118109811775806,0.1568007122264744,6.868073620616852e-5
onon,2018,1.647986313210928,146.52416255820793,67.91,83.42,6.02,0.12849350847795646,3.3064905886100875,8.227121897095554,1.1970727158311911,2.4270062897687616e-4
onon,2019,1.647986313210928,146.52416255820793,85.62,129.17,9.34,0.11473854714661066,130.4457062257476,187.3322616901732,24.510450599745358,0.005928274994069641
onon,2022,1.647986313210928,146.52416255820793,44.7,61.63,1.75,0.15956418671144004,2.856591459984516,9.436231451818976,0.03342552623720856,3.2129283479348823e-4
onon,2012,1.7355176281844271,149.2245390583831,49.5,60.45,2.54,0.11716158550835298,1.383655704191819,4.491827972064854,0.09908416300621588,2.3070440904120255e-4
onon,2013,1.7355176281844271,149.2245390583831,65.94,98.26,5.03,0.10124151212792123,18.921434716198203,35.93422988124648,1.3588858929935972,6.252390433882164e-4
onon,2014,1.7355176281844271,149.2245390583831,35.88,44.29,1.28,0.18324616936873594,0.7223013664904996,2.962781463180947,0.014274327452119465,4.135143128505458e-4
onon,2015,1.7355176281844271,149.2245390583831,43.15,54.39,2.91,0.07735810285850303,0.5580143304881636,1.7797968202526648,0.046852588746443,5.183482918143031e-5
onon,2016,1.7355176281844271,149.2245390583831,51.51,65.02,3.26,0.09664322277607397,2.548311683093975,7.333327743920222,0.20427799318967937,1.7504685138965332e-4
onon,2017,1.7355176281844271,149.2245390583831,54.93,66.65,3.9,0.09571456334068437,0.8661802313670399,2.497855363209899,0.1508862768149571,6.782832921303558e-5
onon,2018,1.7355176281844271,149.2245390583831,67.92,83.39,5.91,0.1274613630693967,3.2820787963609894,8.14821388784797,1.1535260787214638,2.35187215510577e-4
onon,2019,1.7355176281844271,149.2245390583831,85.65,128.89,9.22,0.11409208214477216,127.68402258357148,182.90101669962536,23.802306375417487,0.005745452168260936
onon,2022,1.7355176281844271,149.2245390583831,44.97,62.07,1.72,0.15849937882360604,2.9504629536278473,9.601544886634723,0.03332758254459226,3.230398299354655e-4
onon,2012,1.7561787237053477,145.0455734844917,49.47,60.37,2.33,0.1335117430454129,1.3879786420094355,4.484752349317162,0.08767412557739346,2.979856476044925e-4
onon,2013,1.7561787237053477,145.0455734844917,65.86,98.08,4.63,0.11529604986510446,18.9363730957595,35.83328667139105,1.177740701124226,7.793108769375644e-4
onon,2014,1.7561787237053477,145.0455734844917,35.79,44.11,1.15,0.21078062547711704,0.7102553636123097,2.893060744957886,0.012632383703471684,5.39432691029821e-4
onon,2015,1.7561787237053477,145.0455734844917,43.11,54.31,2.68,0.0884450132392085,0.5597912723697318,1.777767394205855,0.04164522091771289,6.740481967096235e-5
onon,2016,1.7561787237053477,145.0455734844917,51.46,64.91,3,0.11002991163872765,2.5605585587706945,7.339067064216689,0.18020228740176028,2.250632668505659e-4
onon,2017,1.7561787237053477,145.0455734844917,54.91,66.6,3.61,0.10856021067417324,0.8701994283926168,2.4980817209136577,0.13365653996743568,8.6488284328228e-5
onon,2018,1.7561787237053477,145.0455734844917,67.92,83.34,5.47,0.14367155369863624,3.2805008570528855,8.106993427004195,1.0125580580494729,2.9036512770926103e-4
onon,2019,1.7561787237053477,145.0455734844917,85.35,128.34,8.42,0.12974840902058704,124.07967536711824,177.79079630617537,19.60636271138885,0.006858946416859491
onon,2022,1.7561787237053477,145.0455734844917,44.62,61.36,1.53,0.18337958514177516,2.8284650849742294,9.266377228501952,0.027825241785618165,4.188828103158154e-4
onon,2012,1.8749150240211983,139.1977575610232,49.43,60.24,1.9,0.17195610051026877,1.3982446637558983,4.457403380429799,0.06661955953747817,4.893651704107208e-4
onon,2013,1.8749150240211983,139.1977575610232,65.77,97.58,3.84,0.14778566102351506,18.65796868668746,34.883254211996444,0.8568936704001039,0.0011551467396797512
onon,2014,1.8749150240211983,139.1977575610232,35.69,43.86,0.87,0.2786958726116024,0.6983491413834886,2.7977455907563353,0.00961617534581026,9.279404462935255e-4
onon,2015,1.8749150240211983,139.1977575610232,43.07,54.2,2.22,0.11517983237633093,0.5644185726343209,1.770105195837158,0.031884704606537036,1.1328286397536051e-4
onon,2016,1.8749150240211983,139.1977575610232,51.4,64.71,2.48,0.14142566787831787,2.583093918954593,7.3091550681439585,0.13611849091288622,3.647953276072273e-4
onon,2017,1.8749150240211983,139.1977575610232,54.9,66.52,3.02,0.13824915552975006,0.8769161481090241,2.4861630806293404,0.10169274217007909,1.37057610674463e-4
onon,2018,1.8749150240211983,139.1977575610232,67.92,83.22,4.62,0.17965204092791387,3.2570394036028736,7.954213640076947,0.7576173664543642,4.203783715746714e-4
onon,2019,1.8749150240211983,139.1977575610232,84.85,127.09,6.94,0.16550016368569948,115.20775027380783,164.472176370618,13.079225247463423,0.009279448892972119
onon,2022,1.8749150240211983,139.1977575610232,44.15,60.28,1.17,0.24315731238710062,2.6410131884346932,8.648285641615223,0.01925414861289635,6.999605681584877e-4
onon,2012,1.8761766173372374,135.35331000066412,49.37,60.15,1.75,0.1923720983077785,1.4028450499123912,4.451613581939936,0.06008454550082072,6.097013235344133e-4
onon,2013,1.8761766173372374,135.35331000066412,65.67,97.38,3.56,0.16513582442803207,18.731648127367905,34.896436051261475,0.755652679260933,0.0013870794688994894
onon,2014,1.8761766173372374,135.35331000066412,35.58,43.66,0.78,0.31468916643696826,0.6857453888047405,2.7269488105189517,0.008690067527053012,0.0011658042113924856
onon,2015,1.8761766173372374,135.35331000066412,43.03,54.11,2.07,0.12920893962051022,0.5665464115488744,1.7699270328767749,0.028908397057151466,1.4189939783280616e-4
onon,2016,1.8761766173372374,135.35331000066412,51.34,64.59,2.3,0.1580698328209752,2.5989415624116234,7.328481744245341,0.12239930489358765,4.529830803414732e-4
onon,2017,1.8761766173372374,135.35331000066412,54.88,66.46,2.82,0.1539222409446762,0.8816461032036641,2.488725027609517,0.0917659522405717,1.6868638191596872e-4
onon,2018,1.8761766173372374,135.35331000066412,67.91,83.17,4.31,0.19876670593118498,3.2592477133597586,7.924028239402432,0.6771316777700254,5.002036072390714e-4
onon,2019,1.8761766173372374,135.35331000066412,84.51,126.54,6.36,0.18466258574172398,111.87407876096786,159.7928588988795,10.854988743236907,0.010589427851788343
onon,2022,1.8761766173372374,135.35331000066412,43.76,59.5,1.04,0.2768782131826819,2.476912641823203,8.178235832937856,0.01620136618813903,8.726016520407138e-4
onon,2012,1.5559149745484555,151.14219038314846,49.48,60.49,3.03,0.0951851554745971,1.3761624491242785,4.525015848759869,0.12820718107195248,1.5351797146800358e-4
onon,2013,1.5559149745484555,151.14219038314846,65.92,98.69,5.89,0.08254981076061103,19.458396316164563,37.38519799896931,1.8115329647990668,4.5313469581475196e-4
onon,2014,1.5559149745484555,151.14219038314846,35.88,44.34,1.59,0.1452251150059571,0.7196816735838866,2.992584038784784,0.01846686059386125,2.5993596942553777e-4
onon,2015,1.5559149745484555,151.14219038314846,43.12,54.42,3.44,0.06209449821954802,0.5546821418791448,1.791076675196413,0.06052848100727266,3.359355440848803e-5
onon,2016,1.5559149745484555,151.14219038314846,51.49,65.08,3.84,0.07861332894889185,2.537974167685,7.400969541283965,0.26517213209589885,1.1795720106414055e-4
onon,2017,1.5559149745484555,151.14219038314846,54.9,66.68,4.56,0.07841813686538522,0.8635651833891307,2.5187581280896207,0.19520270306059645,4.65290809859096e-5
onon,2018,1.5559149745484555,151.14219038314846,67.91,83.51,6.86,0.10615794497680768,3.322127470352161,8.332341694782388,1.5082948272442238,1.7423288659362132e-4
onon,2019,1.5559149745484555,151.14219038314846,86.02,130.11,10.83,0.09342604601291066,137.35540346825343,197.61116724764776,33.51744187211096,0.004448135853689379
onon,2022,1.5559149745484555,151.14219038314846,45.06,62.43,2.11,0.12679302363455255,2.974684807216801,9.818690333419987,0.044417833586384195,2.1036713697269522e-4
onon,2012,1.8629978026239236,168.24728129677047,49.69,60.74,3.06,0.08337299776940464,1.37862280710677,4.498630040805807,0.12930695775972142,1.1864293528143535e-4
onon,2013,1.8629978026239236,168.24728129677047,66.17,98.42,6.01,0.07208758449307387,18.200443772904354,34.69179866450564,1.8253292788424034,3.360423103642299e-4
onon,2014,1.8629978026239236,168.24728129677047,36.24,44.98,1.6,0.12930251309208024,0.7773697724985369,3.2207651729804927,0.018672222534668062,2.1840205094981221e-4
onon,2015,1.8629978026239236,168.24728129677047,43.33,54.67,3.42,0.05508372102906596,0.5546406758550451,1.775966861107786,0.05987334333841462,2.6750676714369192e-5
onon,2016,1.8629978026239236,168.24728129677047,51.75,65.4,3.88,0.06887745707888579,2.5169756304667916,7.253419793811197,0.2688492198182354,9.039074904895603e-5
onon,2017,1.8629978026239236,168.24728129677047,55.03,66.8,4.6,0.06871152399365649,0.8534610152681257,2.4748425111483545,0.1956260994496761,3.5422763598310214e-5
onon,2018,1.8629978026239236,168.24728129677047,67.94,83.43,6.98,0.09219651593424777,3.235549524811902,8.088758956331748,1.5253650664715241,1.2827491166341205e-4
onon,2019,1.8629978026239236,168.24728129677047,86.38,129.6,11.38,0.08106673204275365,130.52079504598942,186.1305835542484,36.829576820590106,0.003364654160459916
onon,2022,1.8629978026239236,168.24728129677047,46.27,64.49,2.22,0.10822049421190545,3.3204525928693527,10.35807566615624,0.052219605565717225,1.6549725211117093e-4
onon,2012,2.1181003575469477,160.89829329023175,49.69,60.63,2.33,0.1232261322664195,1.3898834441274228,4.449690374625714,0.08693769666889153,2.553062933643634e-4
onon,2013,2.1181003575469477,160.89829329023175,66.28,97.97,4.72,0.10569897884891895,17.776753833506497,33.26896589656157,1.1960069109383633,6.394668241594085e-4
onon,2014,2.1181003575469477,160.89829329023175,36.16,44.75,1.14,0.19806958157059043,0.767498622767294,3.1097145376164907,0.012547729527611464,5.03408714794758e-4
onon,2015,2.1181003575469477,160.89829329023175,43.33,54.58,2.64,0.0828037873597091,0.5598386452686193,1.7602460725923335,0.04049720734368234,5.971962829808229e-5
onon,2016,2.1181003575469477,160.89829329023175,51.74,65.23,3,0.10154121949177641,2.5361042762881922,7.170786991564675,0.17972149237157428,1.906325825148383e-4
onon,2017,2.1181003575469477,160.89829329023175,55.06,66.72,3.6,0.10020337880186625,0.8591372056154286,2.4491624287109133,0.13169806832541375,7.282881730583148e-5
onon,2018,2.1181003575469477,160.89829329023175,67.96,83.26,5.52,0.13128363719735406,3.189205789267752,7.848477562860968,1.007660656763114,2.3539535607112775e-4
onon,2019,2.1181003575469477,160.89829329023175,85.79,127.87,8.82,0.1184736798538231,117.56241692353262,166.77640337385026,21.451742237729814,0.005742410332926327
onon,2022,2.1181003575469477,160.89829329023175,45.89,63.5,1.61,0.16455818429484134,3.2536245764844254,10.031332802793703,0.03279228606669,3.687222417399338e-4
onon,2012,1.9893363059537712,133.0557645431634,49.36,60.07,1.52,0.22746712819197556,1.4114207870320294,4.428323964946377,0.050472002943191596,8.473221149751157e-4
onon,2013,1.9893363059537712,133.0557645431634,65.65,97.01,3.14,0.19420712420665637,18.414708324000724,33.946797479639564,0.6153051526521015,0.0017732748485744328
onon,2014,1.9893363059537712,133.0557645431634,35.53,43.52,0.62,0.3806450512728653,0.6815684991462845,2.673799321251873,0.007323009241765247,0.0016904579125828132
onon,2015,1.9893363059537712,133.0557645431634,43.02,54.05,1.81,0.15421144732490025,0.5703465861612852,1.7630624078949673,0.024341224156855405,2.010619437221934e-4
onon,2016,1.9893363059537712,133.0557645431634,51.32,64.49,2.02,0.18657056062824284,2.6155708386347185,7.292850058563266,0.10236990032367073,6.230185397458776e-4
onon,2017,1.9893363059537712,133.0557645431634,54.89,66.42,2.5,0.18039806616514395,0.885884882468648,2.475739561016356,0.07701197909952386,2.2767064136122747e-4
onon,2018,1.9893363059537712,133.0557645431634,67.92,83.07,3.86,0.22951659557301898,3.2320027656108965,7.784746359050594,0.5615883115988097,6.275348111002966e-4
onon,2019,1.9893363059537712,133.0557645431634,84.2,125.57,5.61,0.21608809688472777,105.4437011192572,149.95571021060334,8.37316979885316,0.01264019374413598
onon,2022,1.9893363059537712,133.0557645431634,43.49,58.86,0.84,0.334558797870791,2.358222131746421,7.734747345462571,0.01287357456634197,0.0012367078566054798
onon,2012,1.66277116916141,156.26531433346403,49.56,60.57,3,0.09294648361628904,1.3773142224052268,4.513654215697129,0.12629656564666986,1.4663725804734543e-4
onon,2013,1.66277116916141,156.26531433346403,66.05,98.65,5.88,0.08045969020935761,19.04358532082539,36.447047003433255,1.7927205307885865,4.2561683024480257e-4
onon,2014,1.66277116916141,156.26531433346403,36,44.55,1.57,0.14277019870034277,0.7389138619912801,3.0677887015329315,0.018209500994114204,2.558714514658473e-4
onon,2015,1.66277116916141,156.26531433346403,43.2,54.5,3.39,0.06093981880991708,0.5547901545468845,1.7848565828591187,0.05923956305699924,3.24654568084696e-5
onon,2016,1.66277116916141,156.26531433346403,51.58,65.19,3.81,0.07679730166894676,2.530571403851032,7.344369589972514,0.2614261167240091,1.1237765453548432e-4
onon,2017,1.66277116916141,156.26531433346403,54.95,66.72,4.53,0.07655075036963624,0.8601467123492922,2.5022244756529464,0.1918390152984527,4.414852349517823e-5
onon,2018,1.66277116916141,156.26531433346403,67.92,83.47,6.83,0.10319299859692603,3.289395207836879,8.236308572505553,1.485933335478568,1.6257377803466122e-4
onon,2019,1.66277116916141,156.26531433346403,86.14,129.86,10.93,0.09072790739452481,136.3008287813824,194.96389203129098,34.654268155532534,0.004236118627186583
onon,2022,1.66277116916141,156.26531433346403,45.46,63.11,2.12,0.12283243925233392,3.1017964345085103,10.031988895959177,0.0461258594637363,2.0292241676992079e-4
onon,2012,1.6895423198517534,151.23926557162895,49.51,60.48,2.72,0.10794622877347916,1.381030409601592,4.502927315680177,0.10943297812825142,1.965517944650797e-4
onon,2013,1.6895423198517534,151.23926557162895,65.97,98.43,5.36,0.09336698651773317,19.041953656631065,36.29558927415369,1.5216695034980539,5.49683609038446e-4
onon,2014,1.6895423198517534,151.23926557162895,35.91,44.36,1.4,0.16736396298904918,0.7260304159249716,2.993386225055467,0.015778970899905546,3.4622100743501524e-4
onon,2015,1.6895423198517534,151.23926557162895,43.15,54.42,3.1,0.07102074163448369,0.5566012765011445,1.7825372955566507,0.05160915739013733,4.383061639902799e-5
onon,2016,1.6895423198517534,151.23926557162895,51.53,65.07,3.47,0.08908322343468193,2.5428819637408213,7.348502989746413,0.22604814748500263,1.4976309412156733e-4
onon,2017,1.6895423198517534,151.23926557162895,54.93,66.67,4.15,0.08847365774772761,0.8642056404065279,2.5019562305711913,0.16652261334603896,5.839945566460245e-5
onon,2018,1.6895423198517534,151.23926557162895,67.92,83.43,6.26,0.11851578810158019,3.28859171095396,8.195583290417112,1.278437349024545,2.0818539071527386e-4
onon,2019,1.6895423198517534,151.23926557162895,85.86,129.37,9.86,0.10538995644440861,130.95034131215922,187.77154806003242,27.456439593141333,0.005198594373429633
onon,2022,1.6895423198517534,151.23926557162895,45.1,62.38,1.87,0.14483169468517404,2.9959932926979724,9.757130205194327,0.03779401799717491,2.7364426885279097e-4
onon,2012,1.8888291728761517,141.39779166711313,49.46,60.29,1.97,0.1657935087159184,1.3969079570759855,4.458395384967565,0.06956705261299892,4.5568586016280757e-4
onon,2013,1.8888291728761517,141.39779166711313,65.84,97.66,3.97,0.14247959707891966,18.588961267190516,34.78080333167301,0.9045469756012058,0.0010902798771396948
onon,2014,1.8888291728761517,141.39779166711313,35.73,43.95,0.91,0.26814714287392966,0.7042923432908953,2.8270721573494306,0.010042462323626735,8.635967062809093e-4
onon,2015,1.8888291728761517,141.39779166711313,43.1,54.24,2.29,0.11102940131178902,0.5636292208792331,1.7692956249130034,0.033164503477139645,1.0550538964296332e-4
onon,2016,1.8888291728761517,141.39779166711313,51.44,64.78,2.56,0.1363790922712434,2.577808694121205,7.29899242278114,0.1423996681807522,3.3997241221160455e-4
onon,2017,1.8888291728761517,141.39779166711313,54.92,66.54,3.11,0.13353358862344164,0.8747455534715043,2.4832762239700283,0.10606714784699764,1.2816009092003094e-4
onon,2018,1.8888291728761517,141.39779166711313,67.93,83.23,4.75,0.1738943727222576,3.2529397469717645,7.956519038045898,0.793296308427907,3.978974031224144e-4
onon,2019,1.8888291728761517,141.39779166711313,85,127.26,7.2,0.15965611228869334,116.19565010900243,165.79359478164153,14.13444673206099,0.008930425186498555
onon,2022,1.8888291728761517,141.39779166711313,44.33,60.63,1.23,0.23288679797495432,2.713800701401721,8.837948212674329,0.0207602434985437,6.532732543652266e-4
onon,2012,1.5026616530684063,126.149283073237,49.11,59.88,1.95,0.1835831659264528,1.3980986924482357,4.512295373035228,0.07053729176667528,5.571066877000016e-4
onon,2013,1.5026616530684063,126.149283073237,65.1,97.65,3.81,0.15934981345053878,20.440473793103017,38.843228721804515,0.8734061372965553,0.0014084653796201689
onon,2014,1.5026616530684063,126.149283073237,35.22,43.06,0.91,0.28952020683833896,0.6412345878320633,2.566061442004206,0.010279076672457218,9.430594087289706e-4
onon,2015,1.5026616530684063,126.149283073237,42.77,53.84,2.33,0.12025850338907389,0.5647368293431538,1.79620383895864,0.03457065875889957,1.2232563872167918e-4
onon,2016,1.5026616530684063,126.149283073237,51,64.26,2.54,0.15097946404249846,2.6224827656186482,7.567321344876836,0.14289034635618225,4.2250186610514023e-4
onon,2017,1.5026616530684063,126.149283073237,54.71,66.36,3.1,0.14762889981050728,0.8939099738390336,2.559942588265567,0.10833146549695537,1.6004677210249257e-4
onon,2018,1.5026616530684063,126.149283073237,67.87,83.37,4.67,0.19492220938551835,3.395132735979521,8.344439151793432,0.7970912373075503,5.220300944910255e-4
onon,2019,1.5026616530684063,126.149283073237,83.67,127.13,6.49,0.1797719386776864,117.6594824155528,171.44317905026045,10.877765107107562,0.010337242674385549
onon,2022,1.5026616530684063,126.149283073237,42.59,57.6,1.13,0.26846190743810083,2.00841046564832,7.08430049116018,0.016008615542136156,7.347127333571143e-4
onon,2012,1.5540577760189842,155.4036730616499,49.53,60.56,3.23,0.08492445975363905,1.3739419764265628,4.530139129199867,0.14142839035837879,1.2274925274993205e-4
onon,2013,1.5540577760189842,155.4036730616499,66,98.83,6.28,0.07365286645143872,19.38774434203485,37.313685663511336,2.0291046162805073,3.7021998904568826e-4
onon,2014,1.5540577760189842,155.4036730616499,35.96,44.51,1.72,0.1289750217720567,0.7323618487989815,3.0600044687185424,0.020369987947359662,2.0802205916339132e-4
onon,2015,1.5540577760189842,155.4036730616499,43.16,54.49,3.65,0.05536027984206862,0.5533448495187877,1.7909747410298624,0.0664037366236122,2.6836875504529587e-5
onon,2016,1.5540577760189842,155.4036730616499,51.54,65.19,4.09,0.0701933361358425,2.52971146855533,7.3913066917885,0.2932570060379451,9.46122255600216e-5
onon,2017,1.5540577760189842,155.4036730616499,54.92,66.72,4.84,0.0701935719848323,0.8603470586288082,2.51625254375385,0.21502829218046643,3.749197973981453e-5
onon,2018,1.5540577760189842,155.4036730616499,67.91,83.53,7.28,0.09536069969475411,3.31604676111377,8.341355235082045,1.6711453315076432,1.4300076714160288e-4
onon,2019,1.5540577760189842,155.4036730616499,86.26,130.44,11.64,0.08338433079554029,139.6720521526743,200.75689355804465,39.09857494481391,0.0037418168794459863
onon,2022,1.5540577760189842,155.4036730616499,45.38,63.06,2.3,0.11182318921711877,3.07189285490549,10.052826232957408,0.0514154193234982,1.6803339165996842e-4
onon,2012,1.8285864962005345,168.7759340230449,49.69,60.75,3.15,0.08004473913329835,1.3770434291632934,4.502835620901178,0.13546268481564983,1.0952837417925244e-4
onon,2013,1.8285864962005345,168.7759340230449,66.29,98.68,6.22,0.06910411306191153,18.455697298780546,35.19242860720015,1.9614751750174613,3.168281823240725e-4
onon,2014,1.8285864962005345,168.7759340230449,36.24,44.99,1.66,0.1236304050171127,0.7770876537612967,3.2273405406788567,0.01956477902681774,1.9976965820742347e-4
onon,2015,1.8285864962005345,168.7759340230449,43.33,54.68,3.52,0.05279492858270506,0.5541779540288919,1.7783761386368622,0.0626990196264537,2.4608438806087873e-5
onon,2016,1.8285864962005345,168.7759340230449,51.75,65.41,3.99,0.06614638416771197,2.515223720460705,7.264477949578616,0.2818214878681192,8.364478709545767e-5
onon,2017,1.8285864962005345,168.7759340230449,55.03,66.81,4.73,0.06605534918974651,0.8530678522868892,2.4784202194143683,0.20501366179709832,3.28573699286527e-5
onon,2018,1.8285864962005345,168.7759340230449,67.94,83.44,7.16,0.08888956936859027,3.239004842213167,8.11211132401602,1.599079649134407,1.2045661902898295e-4
onon,2019,1.8285864962005345,168.7759340230449,86.43,129.79,11.7,0.07791748778207666,132.09139572195886,188.48872414620814,39.112233153670054,0.003182377079903723
onon,2022,1.8285864962005345,168.7759340230449,46.29,64.58,2.3,0.10363496414541382,3.3212990740506276,10.38171697645717,0.054988728853542085,1.5220402245535303e-4
onon,2012,1.8976268001651677,179.84915929492286,49.77,60.87,3.43,0.06629076757353335,1.3752533434069556,4.50635716791236,0.15429703800234246,7.575300496799758e-5
onon,2013,1.8976268001651677,179.84915929492286,66.46,98.85,6.79,0.05713120827750631,18.253699177275795,34.82021622095005,2.2888793406058334,2.2367743993658237e-4
onon,2014,1.8976268001651677,179.84915929492286,36.4,45.31,1.84,0.10204683854137633,0.8051547515974368,3.3556357028354338,0.02237223723087998,1.4027864324928506e-4
onon,2015,1.8976268001651677,179.84915929492286,43.41,54.8,3.8,0.043698917334797326,0.5529466629065812,1.7772174143145374,0.07080242555896321,1.700439315595794e-5
onon,2016,1.8976268001651677,179.84915929492286,51.85,65.57,4.34,0.05479667213120443,2.50247531264074,7.231213874866796,0.3222090096755389,5.790461267297922e-5
onon,2017,1.8976268001651677,179.84915929492286,55.08,66.87,5.11,0.05489031954485157,0.8478549213945883,2.4690703691990197,0.23291169183894572,2.2840294697380016e-5
onon,2018,1.8976268001651677,179.84915929492286,67.95,83.46,7.76,0.07408986231926126,3.221788298617808,8.092458494566925,1.8336238127284508,8.525651916121423e-5
onon,2019,1.8976268001651677,179.84915929492286,86.71,130.06,12.88,0.06445434057955358,132.4912309031632,188.7751052267616,47.43179237024485,0.0023027055504447618
onon,2022,1.8976268001651677,179.84915929492286,46.85,65.62,2.58,0.08436251274474227,3.4320420562873193,10.537471687019211,0.06720899857359845,1.043114977543804e-4
onon,2012,1.5514551436675186,125.07897147653978,49.11,59.84,1.82,0.197117934302613,1.4017167851565802,4.500832719297625,0.0640730786993452,6.407002725549843e-4
onon,2013,1.5514551436675186,125.07897147653978,65.11,97.49,3.57,0.17070071770251663,20.299417960915484,38.38114772512556,0.7835289389651666,0.0015572081588288826
onon,2014,1.5514551436675186,125.07897147653978,35.2,43.02,0.83,0.3142099041868876,0.6411598117404604,2.5520808707935307,0.009345569123934434,0.0011103664077845563
onon,2015,1.5514551436675186,125.07897147653978,42.77,53.82,2.18,0.12971744199952517,0.5665787141435958,1.7937031266928085,0.03148389426609098,1.420251806269886e-4
onon,2016,1.5514551436675186,125.07897147653978,51,64.22,2.37,0.16194052411600376,2.630730313224414,7.551747848012152,0.12969048472247557,4.829110030024443e-4
onon,2017,1.5514551436675186,125.07897147653978,54.71,66.34,2.92,0.1578085296957123,0.8959896585327004,2.553720052305194,0.09851225383138637,1.8129290158029891e-4
onon,2018,1.5514551436675186,125.07897147653978,67.87,83.31,4.4,0.2068640642227716,3.379899018706857,8.269996309676012,0.7201006867338982,5.704036961819535e-4
onon,2019,1.5514551436675186,125.07897147653978,83.47,126.6,6.05,0.19225130974812343,113.98599868540806,165.81402722659553,9.401679039193645,0.010996660006868475
onon,2022,1.5514551436675186,125.07897147653978,42.52,57.4,1.03,0.2908034374371341,1.9732001898401317,6.927296041074451,0.014244724337083818,8.530071415510664e-4
onon,2012,1.7176671061897462,147.64936716696673,49.48,60.42,2.51,0.12240978599345265,1.3848906873727416,4.494971170951552,0.09753169357948642,2.5147168328368415e-4
onon,2013,1.7176671061897462,147.64936716696673,65.9,98.25,4.96,0.10583223268600143,19.00971817166028,36.11317852728094,1.330054920653908,6.805786876841568e-4
onon,2014,1.7176671061897462,147.64936716696673,35.83,44.2,1.26,0.19152230235517803,0.7155237602568205,2.9305047583659736,0.014064541097842656,4.4761708024695435e-4
onon,2015,1.7176671061897462,147.64936716696673,43.13,54.36,2.88,0.0808155331628803,0.5582836590393493,1.7806482852338321,0.04616337459949059,5.6491980468130084e-5
onon,2016,1.7176671061897462,147.64936716696673,51.48,64.98,3.22,0.10095804402175437,2.5522632019837697,7.3463257695370405,0.2007782862680242,1.9088349631381254e-4
onon,2017,1.7176671061897462,147.64936716696673,54.92,66.63,3.86,0.09994656746353846,0.8675809238113008,2.5014248812964364,0.14845687945644181,7.393379572373159e-5
onon,2018,1.7176671061897462,147.64936716696673,67.91,83.38,5.84,0.1330542788845161,3.285711095380785,8.153483466027778,1.1318675599525398,2.55622832857833e-4
onon,2019,1.7176671061897462,147.64936716696673,85.64,128.92,9.09,0.11924455454135852,128.0312973022332,183.45414056354187,23.202146752902568,0.006231716939025749
onon,2022,1.7176671061897462,147.64936716696673,44.8,61.76,1.68,0.16647725989960588,2.896237267421571,9.47974120092254,0.03207460890152462,3.5199878351154683e-4
onon,2012,1.5960428475571082,153.97113863855145,49.52,60.54,3.06,0.09098606749884862,1.3758633514275118,4.520998149242927,0.13000086830630617,1.4052259877036903e-4
onon,2013,1.5960428475571082,153.97113863855145,65.98,98.69,5.97,0.07884167239715184,19.27134600893915,36.982420606942725,1.8461420758604248,4.136161732281416e-4
onon,2014,1.5960428475571082,153.97113863855145,35.95,44.48,1.61,0.13899074528214825,0.7310943939438345,3.04313416954205,0.018732359854574634,2.4092409287297586e-4
onon,2015,1.5960428475571082,153.97113863855145,43.15,54.46,3.46,0.0594684131305177,0.5539796628531772,1.7866008049327429,0.06111302028711641,3.089163342527972e-5
onon,2016,1.5960428475571082,153.97113863855145,51.54,65.15,3.88,0.07513547893597179,2.533953945044385,7.378133724414479,0.2694506750321726,1.0778680570463718e-4
onon,2017,1.5960428475571082,153.97113863855145,54.93,66.71,4.61,0.07499441939032905,0.8618489091144422,2.5128392229895553,0.19783436899974455,4.253678709691282e-5
onon,2018,1.5960428475571082,153.97113863855145,67.91,83.5,6.93,0.10143168397059504,3.307304528474836,8.294351562052183,1.5312081560563642,1.588291582280726e-4
onon,2019,1.5960428475571082,153.97113863855145,86.1,130.08,11.01,0.08918061262400048,136.63685568179304,196.2975101859998,34.6954543974321,0.004085956582926769
onon,2022,1.5960428475571082,153.97113863855145,45.29,62.85,2.15,0.12047977162734022,3.047930463074228,9.960923155296035,0.04648596492317875,1.9321019281379114e-4
onon,2012,2.2017844326475817,142.22410936567127,49.54,60.3,1.59,0.20685221647772106,1.408600911283542,4.40739003192797,0.05286387810105275,7.031877798674556e-4
onon,2013,2.2017844326475817,142.22410936567127,65.98,97.06,3.33,0.17607348346669613,17.624707013689598,32.351988797484694,0.6640280538014995,0.0014640037055142503
onon,2014,2.2017844326475817,142.22410936567127,35.82,44.02,0.67,0.3481862002770049,0.7188386902409811,2.8283658463658936,0.007638021296318988,0.0014703894283729347
onon,2015,2.2017844326475817,142.22410936567127,43.19,54.26,1.87,0.14138846988311574,0.5686337659911636,1.7508387304495439,0.02513156523866449,1.70328970511761e-4
onon,2016,2.2017844326475817,142.22410936567127,51.54,64.77,2.11,0.16977269380740637,2.5872595025972176,7.168631337638107,0.10787211332087011,5.139541196291583e-4
onon,2017,2.2017844326475817,142.22410936567127,54.99,66.52,2.59,0.1646421961911337,0.8754918108231914,2.442430760162526,0.0804170545886882,1.8860216435792913e-4
onon,2018,2.2017844326475817,142.22410936567127,67.95,83.05,4.03,0.20907670426787142,3.1756874266868893,7.649519833299274,0.5939416374844431,5.196453983965004e-4
onon,2019,2.2017844326475817,142.22410936567127,84.75,125.69,6.09,0.1956036893467618,104.84102222879271,148.055792192718,10.00146684109012,0.011081832821588911
onon,2022,2.2017844326475817,142.22410936567127,44.48,60.6,0.94,0.29542985088643176,2.7700565025565562,8.727506655326154,0.015767078560564883,0.0010555308241617972
onon,2012,1.5993347818352148,139.30723600040068,49.36,60.25,2.38,0.13443168207205936,1.386286155076284,4.504680112238415,0.09086874419511476,3.0183506008335753e-4
onon,2013,1.5993347818352148,139.30723600040068,65.65,98.17,4.67,0.11648705752668079,19.588329927518163,37.31072548380762,1.2120613137585672,8.138690789591575e-4
onon,2014,1.5993347818352148,139.30723600040068,35.63,43.83,1.19,0.20973227680362738,0.6874173193311925,2.8076828446232636,0.013110666576644782,5.222827811786117e-4
onon,2015,1.5993347818352148,139.30723600040068,43,54.18,2.76,0.0882746393806951,0.5592015103156487,1.7862832482691255,0.04355944905022436,6.687699434539547e-5
onon,2016,1.5993347818352148,139.30723600040068,51.32,64.76,3.06,0.11081430979606276,2.570888429197653,7.428133084296858,0.18631011040108503,2.2953438202560428e-4
onon,2017,1.5993347818352148,139.30723600040068,54.84,66.55,3.68,0.10944343481535494,0.8753661279480123,2.524564486274879,0.13889475876819476,8.87072419700708e-5
onon,2018,1.5993347818352148,139.30723600040068,67.9,83.41,5.55,0.14582458575195897,3.332510386631508,8.261269160656669,1.0499631099817697,3.0623597046771826e-4
onon,2019,1.5993347818352148,139.30723600040068,85.13,128.68,8.37,0.1314763116704745,127.31701658740866,183.52753230678255,19.31965604156726,0.007091681209578708
onon,2022,1.5993347818352148,139.30723600040068,44.06,60.42,1.54,0.18660697576777024,2.6123325236780173,8.815710941375132,0.02656789078312014,4.1393661968140114e-4
onon,2012,1.7582558002010695,150.59806696292003,49.52,60.47,2.56,0.11635439177789354,1.3840100399417723,4.49122521207968,0.09978431272628674,2.276766271606439e-4
onon,2013,1.7582558002010695,150.59806696292003,65.98,98.28,5.06,0.10051442696757339,18.841816795156102,35.76281329818373,1.3722224158038712,6.168553521925032e-4
onon,2014,1.7582558002010695,150.59806696292003,35.91,44.34,1.29,0.18207888761551036,0.7260806862563262,2.9772397689756174,0.014375167039033514,4.095398551276543e-4
onon,2015,1.7582558002010695,150.59806696292003,43.17,54.41,2.92,0.07690532784081007,0.557880872711561,1.7784525384837104,0.047077301470864655,5.128693942820683e-5
onon,2016,1.7582558002010695,150.59806696292003,51.54,65.05,3.27,0.0959712027297961,2.5467538046275546,7.322838486070843,0.2058824243688244,1.7262383755626125e-4
onon,2017,1.7582558002010695,150.59806696292003,54.94,66.66,3.92,0.09506497125095352,0.8651243586342097,2.4939599445016696,0.15184814112854983,6.687175233446447e-5
onon,2018,1.7582558002010695,150.59806696292003,67.92,83.38,5.94,0.12657648741541486,3.273694306146668,8.127280970798836,1.1610827324374027,2.317161562550974e-4
onon,2019,1.7582558002010695,150.59806696292003,85.73,128.91,9.31,0.11325012084650703,127.46028469811836,182.45645313800225,24.2891416348143,0.005693749033077074
onon,2022,1.7582558002010695,150.59806696292003,45.07,62.25,1.74,0.15702586761293297,2.9861190352923024,9.672734644897153,0.03407379174706113,3.1964619192767697e-4
onon,2012,1.9026131936306727,126.4510162810362,49.23,59.88,1.38,0.2559435888879345,1.4169378442643428,4.43269685767885,0.045258876434800206,0.0010691738718068367
onon,2013,1.9026131936306727,126.4510162810362,65.41,96.79,2.85,0.21835222676205993,18.90634369690572,34.79480556902638,0.5343712122732591,0.0021584014795742144
onon,2014,1.9026131936306727,126.4510162810362,35.32,43.14,0.53,0.43087386370514613,0.6588652095307963,2.562871540793284,0.006599202548349008,0.0021169537135466493
onon,2015,1.9026131936306727,126.4510162810362,42.9,53.86,1.67,0.17322984159245394,0.5732589451979044,1.7690084034938909,0.022103029862598475,2.5216132964745396e-4
onon,2016,1.9026131936306727,126.4510162810362,51.15,64.21,1.84,0.20967799725456576,2.6435041610129875,7.369390495317912,0.0912666332012058,7.858791836807396e-4
onon,2017,1.9026131936306727,126.4510162810362,54.82,66.31,2.3,0.20157534327581172,0.8955227376846111,2.4942724332135224,0.06930143617661193,2.8338887708818483e-4
onon,2018,1.9026131936306727,126.4510162810362,67.89,83.03,3.56,0.2551817129287387,3.2616261106021724,7.823595445495033,0.49736413572296057,7.555168956122283e-4
onon,2019,1.9026131936306727,126.4510162810362,83.54,124.89,4.96,0.24285126480056513,102.07175804151007,145.76096641905622,6.436780964595782,0.014069628892380354
onon,2022,1.9026131936306727,126.4510162810362,42.78,57.53,0.71,0.3868161500411889,2.0538379898872363,6.881826073695583,0.010184703954320272,0.0015357113981108637
onon,2012,1.7386404621018892,163.1481094078408,49.63,60.67,3.12,0.08341059593807107,1.376429110312754,4.50941264547199,0.13373359410118846,1.1863688269168145e-4
onon,2013,1.7386404621018892,163.1481094078408,66.19,98.7,6.14,0.07209312802520904,18.746768144575775,35.82610887483916,1.9251675176461887,3.4554398197159293e-4
onon,2014,1.7386404621018892,163.1481094078408,36.13,44.8,1.65,0.12834219390085452,0.7598110440884335,3.159185617340858,0.01927768088168939,2.117563427387148e-4
onon,2015,1.7386404621018892,163.1481094078408,43.27,54.61,3.5,0.05482164246145776,0.5541790973812367,1.781882948917685,0.0622722523645516,2.642845628744532e-5
onon,2016,1.7386404621018892,163.1481094078408,51.67,65.32,3.96,0.06891928648234237,2.5211936100473613,7.30362001695404,0.2777926735788612,9.077340152672049e-5
onon,2017,1.7386404621018892,163.1481094078408,54.99,66.77,4.69,0.06881515822501852,0.8560478077024386,2.490767431868385,0.20281048745655986,3.571793857532744e-5
onon,2018,1.7386404621018892,163.1481094078408,67.93,83.46,7.09,0.09275207780505992,3.264155533314439,8.179235416613684,1.578981316353053,1.3182709936898054e-4
onon,2019,1.7386404621018892,163.1481094078408,86.36,129.95,11.49,0.08137228669581636,134.34629874181172,192.0571843810033,37.937336313916674,0.0034695419984797373
onon,2022,1.7386404621018892,163.1481094078408,45.94,63.98,2.25,0.10880263367810297,3.233713550735754,10.266055196844974,0.052027204002694664,1.6442694795329384e-4
onon,2012,1.7053063258220431,165.94965185008553,49.65,60.71,3.32,0.07501568589603501,1.3743027622208015,4.5181314663939105,0.1468830011135651,9.634934729961349e-5
onon,2013,1.7053063258220431,165.94965185008553,66.23,98.83,6.52,0.06483390827641697,18.81750300034885,36.052624774185034,2.144089628728554,2.872197218428248e-4
onon,2014,1.7053063258220431,165.94965185008553,36.17,44.9,1.77,0.11468353908654666,0.7659629883851555,3.1989495352692408,0.021180952491136024,1.7049363505008275e-4
onon,2015,1.7053063258220431,165.94965185008553,43.28,54.64,3.71,0.04916237422321432,0.5529536135968588,1.7833776785047475,0.06821495824852564,2.1328120742096727e-5
onon,2016,1.7053063258220431,165.94965185008553,51.7,65.38,4.2,0.06198764499495968,2.516580021698188,7.312915909899067,0.30585598296911953,7.389177442980226e-5
onon,2017,1.7053063258220431,165.94965185008553,55,66.8,4.96,0.06203881916708511,0.8541017477943665,2.4925949251926003,0.22264595081579938,2.921709403273298e-5
onon,2018,1.7053063258220431,165.94965185008553,67.93,83.49,7.49,0.08400985298657652,3.268029023991107,8.214934814394635,1.7400808943480983,1.101934369363237e-4
onon,2019,1.7053063258220431,165.94965185008553,86.5,130.27,12.21,0.07326560007861307,136.64286024396483,195.45247944863482,43.060350013580916,0.0029412742454721225
onon,2022,1.7053063258220431,165.94965185008553,46.1,64.33,2.43,0.09710680006090174,3.267565254123897,10.359939324785573,0.05853557407108486,1.3270590820927387e-4
onon,2012,1.713685342139969,173.86832967542162,49.7,60.81,3.64,0.0642620818783957,1.3719103934673353,4.525270446616167,0.16926584340189163,7.119949527926356e-5
onon,2013,1.713685342139969,173.86832967542162,66.34,99,7.13,0.05552407349047231,18.72533726844416,35.95251577923494,2.5197999189453313,2.1811461790796692e-4
onon,2014,1.713685342139969,173.86832967542162,36.29,45.13,1.97,0.09765133731793516,0.7854215518768296,3.296279775996335,0.02449328640482682,1.261256354423317e-4
onon,2015,1.713685342139969,173.86832967542162,43.34,54.74,4.04,0.04204827642521029,0.5518973928350241,1.7857764492595996,0.07808908595566272,1.5716303186435806e-5
onon,2016,1.713685342139969,173.86832967542162,51.77,65.5,4.58,0.053143092755099375,2.5056777297923323,7.2980401354120445,0.3534316133042798,5.481224474723802e-5
onon,2017,1.713685342139969,173.86832967542162,55.03,66.85,5.4,0.053368202602577526,0.8498573060333288,2.4888380318398795,0.2558948751506323,2.180000901886986e-5
onon,2018,1.713685342139969,173.86832967542162,67.93,83.52,8.14,0.07258165546282824,3.259341135273081,8.223063362780291,2.0163291811611335,8.411121654863252e-5
onon,2019,1.713685342139969,173.86832967542162,86.76,130.64,13.46,0.06279950884504217,138.25154970452738,197.7159087206601,52.48372824263411,0.002293848148899309
onon,2022,1.713685342139969,173.86832967542162,46.53,65.15,2.72,0.08201820790059398,3.356685272703767,10.52353569218982,0.07140870285604246,9.74411648195029e-5
onon,2012,1.6668110379599437,143.45725943389118,49.43,60.34,2.43,0.12726930853344706,1.3854494305106968,4.497481525701973,0.09324519304857137,2.711322249799231e-4
onon,2013,1.6668110379599437,143.45725943389118,65.79,98.2,4.79,0.11012872543111679,19.25708098084033,36.6094928838196,1.258868806012687,7.298524717802858e-4
onon,2014,1.6668110379599437,143.45725943389118,35.75,44.04,1.22,0.19897256613397357,0.7030192342033373,2.8761004985980834,0.013434000852675697,4.778845519794371e-4
onon,2015,1.6668110379599437,143.45725943389118,43.07,54.28,2.8,0.08385818540580067,0.5588786131577086,1.7831503997490006,0.044426294181528186,6.0589080440099235e-5
onon,2016,1.6668110379599437,143.45725943389118,51.41,64.87,3.12,0.10494715380303218,2.560735913312099,7.380380297797274,0.19161526082473665,2.0588413473051197e-4
onon,2017,1.6668110379599437,143.45725943389118,54.88,66.59,3.75,0.10372888989612995,0.8711921498488973,2.5108739373282787,0.14231411154489457,7.955783607671361e-5
onon,2018,1.6668110379599437,143.45725943389118,67.91,83.39,5.66,0.13811334058725597,3.3047849235154265,8.195494219134165,1.0786950571010143,2.7419696053675467e-4
onon,2019,1.6668110379599437,143.45725943389118,85.39,128.76,8.69,0.12417933037593995,127.35286024008448,182.95408625376757,20.985645059523698,0.006513035191357588
onon,2022,1.6668110379599437,143.45725943389118,44.48,61.17,1.6,0.1746937782966251,2.772936462282145,9.19704272810555,0.02907245662578552,3.7641226621541984e-4
onon,2012,1.6029542346586527,167.73523699305937,49.64,60.73,3.67,0.06559545760127432,1.369943524434837,4.532718259275653,0.1717061088455912,7.40269964661158e-5
onon,2013,1.6029542346586527,167.73523699305937,66.23,99.06,7.15,0.056771732165015104,19.07528313703285,36.752626194303055,2.5473615062343216,2.3024558524213128e-4
onon,2014,1.6029542346586527,167.73523699305937,36.18,44.94,2,0.09903734945671992,0.7661642490318077,3.223433682834174,0.02477999598205141,1.274609419222103e-4
onon,2015,1.6029542346586527,167.73523699305937,43.27,54.66,4.09,0.04273945323525637,0.5513467302313226,1.7895828524975015,0.07965538670070557,1.618197088480659e-5
onon,2016,1.6029542346586527,167.73523699305937,51.69,65.42,4.62,0.05425156429457749,2.5106044509667855,7.344595767885952,0.35811940522683916,5.71877838321652e-5
onon,2017,1.6029542346586527,167.73523699305937,54.99,66.82,5.44,0.05449592091350839,0.8527888086952766,2.503728860481324,0.2603321642938486,2.2807522203209572e-5
onon,2018,1.6029542346586527,167.73523699305937,67.92,83.55,8.18,0.07439682353091302,3.2875160202367812,8.307969525072032,2.046100185695286,8.934380901444538e-5
onon,2019,1.6029542346586527,167.73523699305937,86.72,130.92,13.44,0.06428876371833271,141.83315313341677,203.27010515908103,52.743852783099904,0.00243856253057152
onon,2022,1.6029542346586527,167.73523699305937,46.17,64.57,2.72,0.08424752042930655,3.2740600571756358,10.445119232150244,0.06958257473048057,1.0095591635357631e-4
onon,2012,1.4727152131572734,147.87941219876083,49.43,60.43,3.09,0.09318286662510171,1.3748202366649844,4.536071447786572,0.1321683834502264,1.4705072468822278e-4
onon,2013,1.4727152131572734,147.87941219876083,65.79,98.72,5.96,0.08098704406883855,19.765698640803265,38.11975014985839,1.8572186347018784,4.4137001640552165e-4
onon,2014,1.4727152131572734,147.87941219876083,35.81,44.22,1.64,0.14122981452320008,0.7090256413123385,2.9569914717807393,0.019021070814372265,2.435979421943996e-4
onon,2015,1.4727152131572734,147.87941219876083,43.07,54.36,3.51,0.06051140563352317,0.554109303183123,1.7951359320890674,0.06268275826137204,3.183977084635292e-5
onon,2016,1.4727152131572734,147.87941219876083,51.42,65.02,3.91,0.07700656375181779,2.541429761885554,7.445014227249704,0.2729597707709809,1.1351303003551179e-4
onon,2017,1.4727152131572734,147.87941219876083,54.87,66.66,4.65,0.07686870276018316,0.8660543632693162,2.533215764021976,0.20159290528805418,4.4932164868197046e-5
onon,2018,1.4727152131572734,147.87941219876083,67.9,83.54,6.96,0.10448212120729856,3.3489706750583337,8.415462146774859,1.5561394810827496,1.711282120131932e-4
onon,2019,1.4727152131572734,147.87941219876083,85.88,130.26,10.87,0.09179618655829429,139.33183200117284,201.1607109973622,33.70651299736139,0.004326207736254497
onon,2022,1.4727152131572734,147.87941219876083,44.8,62.02,2.13,0.12462591363899604,2.882036932508777,9.657258815813677,0.0441300204663401,1.9932841062491937e-4
onon,2012,2.0228747769933872,132.84148540000598,49.37,60.06,1.47,0.23439542095569496,1.4128475183718274,4.420818196202466,0.048565922205895645,8.988255350371455e-4
onon,2013,2.0228747769933872,132.84148540000598,65.68,96.94,3.06,0.19977314488894882,18.32009024547997,33.6833211462301,0.5901007836322154,0.0018431986096230143
onon,2014,2.0228747769933872,132.84148540000598,35.53,43.51,0.59,0.3942053398069116,0.682466956521861,2.670128399442441,0.007048543939481097,0.0018134109689763945
onon,2015,2.0228747769933872,132.84148540000598,43.03,54.05,1.76,0.15934906874657553,0.5711504294717847,1.7610802213157273,0.023428429566265684,2.1457421204288996e-4
onon,2016,2.0228747769933872,132.84148540000598,51.33,64.47,1.96,0.19215432379594247,2.617632871154276,7.277859404837878,0.09846211015126449,6.587700269591885e-4
onon,2017,2.0228747769933872,132.84148540000598,54.9,66.41,2.43,0.18551678644926486,0.8862857681495218,2.4708625421802193,0.0741168804130024,2.3970943154044414e-4
onon,2018,2.0228747769933872,132.84148540000598,67.92,83.05,3.76,0.23521732167491397,3.2239664055387482,7.749298944786839,0.5393120941941741,6.496179282707704e-4
onon,2019,2.0228747769933872,132.84148540000598,84.17,125.36,5.47,0.22204669726992893,104.03448645375165,147.74691037955262,7.9588210914658575,0.012964346944327621
onon,2022,2.0228747769933872,132.84148540000598,43.49,58.81,0.81,0.34580264350660345,2.35447448733914,7.695110200289444,0.012337152161485159,0.0013192526020301665
onon,2012,1.6505241811996205,122.34146424189976,49.09,59.76,1.54,0.23102214097265167,1.410418866016286,4.477533054726848,0.05196320819704554,8.75544569554805e-4
onon,2013,1.6505241811996205,122.34146424189976,65.06,97.07,3.08,0.19903077278376907,19.99953155155407,37.39947505051794,0.6135496602789487,0.001938080160743985
onon,2014,1.6505241811996205,122.34146424189976,35.15,42.89,0.65,0.37701004826071444,0.6387092029146251,2.5087652314895035,0.0075931206555970325,0.0015944410510683891
onon,2015,1.6505241811996205,122.34146424189976,42.75,53.74,1.88,0.1535238299358717,0.5707424271601708,1.787691278988245,0.025692861122371298,1.9798191035358683e-4
onon,2016,1.6505241811996205,122.34146424189976,50.96,64.07,2.04,0.18948730895336932,2.64986212372146,7.521675033028663,0.1047601353657279,6.527295051958837e-4
onon,2017,1.6505241811996205,122.34146424189976,54.71,66.28,2.53,0.18311026311000927,0.9011860235863803,2.54120020866697,0.08003074536043633,2.3964060028186946e-4
onon,2018,1.6505241811996205,122.34146424189976,67.87,83.18,3.85,0.23603662220237287,3.3503247716216067,8.114886698378537,0.5760683931970024,6.92913968197298e-4
onon,2019,1.6505241811996205,122.34146424189976,83.01,125.41,5.17,0.22313368980802936,106.08257037551863,153.77268565646273,6.775050990217307,0.012490940469295077
onon,2022,1.6505241811996205,122.34146424189976,42.32,56.89,0.82,0.3480195752299962,1.8833467472634289,6.549231467052687,0.010983144083257387,0.0011911106025425042
onon,2012,1.513262651670346,161.63535186614104,49.57,60.66,3.64,0.06846182002965474,1.3697370613882947,4.5428101415234,0.17008451693722035,8.040782671985199e-5
onon,2013,1.513262651670346,161.63535186614104,66.09,99.05,7.05,0.059398497768031605,19.380473662791637,37.47001264576078,2.4951442111940536,2.522580611810403e-4
onon,2014,1.513262651670346,161.63535186614104,36.07,44.74,1.99,0.1028372062584782,0.7481904435004387,3.1520555808681916,0.024499848400182152,1.349640280265914e-4
onon,2015,1.513262651670346,161.63535186614104,43.21,54.58,4.08,0.04444197157908104,0.5513970840146933,1.7941305191193964,0.07938870009800252,1.7423556237859716e-5
onon,2016,1.513262651670346,161.63535186614104,51.6,65.32,4.58,0.0566229500697944,2.5169108983811666,7.38920039760466,0.3540176751119703,6.227636310038819e-5
onon,2017,1.513262651670346,161.63535186614104,54.95,66.78,5.41,0.0568724985582998,0.8560013505732545,2.517300888543144,0.2583351858374926,2.4890176285818476e-5
onon,2018,1.513262651670346,161.63535186614104,67.91,83.58,8.11,0.07783206913710587,3.314163037948808,8.381384192912655,2.0253445983828087,9.840569879938694e-5
onon,2019,1.513262651670346,161.63535186614104,86.59,131.05,13.18,0.06729502776442453,144.21990190306116,207.2417303165281,50.92502730164793,0.0026676022761332684
onon,2022,1.513262651670346,161.63535186614104,45.79,63.92,2.66,0.0886377344800881,3.1773229828099345,10.31627474453545,0.06573532358457101,1.0922230395159997e-4
onon,2012,1.4594148594988559,180.31265480927487,49.7,60.89,4.74,0.04210220061793558,1.3628808296189368,4.566621464712325,0.2604715504490744,3.098700165634488e-5
onon,2013,1.4594148594988559,180.31265480927487,66.37,99.56,9.17,0.036460198184275365,19.305046516933736,37.56465023675443,4.032541907813008,1.0462482849939934e-4
onon,2014,1.4594148594988559,180.31265480927487,36.34,45.3,2.68,0.06216659899558508,0.7921208811729776,3.387389993225505,0.03776780010860261,5.186368910906957e-5
onon,2015,1.4594148594988559,180.31265480927487,43.33,54.81,5.23,0.02716828306354135,0.5478864607447126,1.799759643872917,0.11964835489421786,6.63414848807833e-6
onon,2016,1.4594148594988559,180.31265480927487,51.77,65.63,5.93,0.034873745183449094,2.4940208447370305,7.380399975633624,0.5469511031949769,2.4240335178762138e-5
onon,2017,1.4594148594988559,180.31265480927487,55.01,66.91,6.92,0.03532349864706352,0.8461000449724424,2.5129922924982386,0.3937178168143096,9.824101197148896e-6
onon,2018,1.4594148594988559,180.31265480927487,67.92,83.66,10.37,0.048968344645306666,3.2995183388027716,8.430818935881613,3.1470190700586254,4.13908807267444e-5
onon,2019,1.4594148594988559,180.31265480927487,87.22,132.09,17.37,0.04137705020937694,150.43202978641995,215.9832641942248,89.92099281191655,0.0011847642300367787
onon,2022,1.4594148594988559,180.31265480927487,46.77,65.87,3.67,0.05263909662126296,3.3721436518793833,10.701279903493724,0.1150125883285513,4.137263700672787e-5
onon,2012,1.7241256745625635,132.74550821270947,49.29,60.07,1.87,0.18535341426308066,1.3996833049735997,4.475269409193328,0.06586429835749426,5.671724461421694e-4
onon,2013,1.7241256745625635,132.74550821270947,65.52,97.58,3.74,0.15974152085878315,19.356214293611057,36.357486812474264,0.8319437768353782,0.0013599937974485016
onon,2014,1.7241256745625635,132.74550821270947,35.47,43.47,0.85,0.2983016786926018,0.6703702757782635,2.6785753830767636,0.009557135874770884,0.0010298825212213373
onon,2015,1.7241256745625635,132.74550821270947,42.94,54.03,2.21,0.12317881837932126,0.5653110431647262,1.7798981748040552,0.03184562098880772,1.288010010215987e-4
onon,2016,1.7241256745625635,132.74550821270947,51.23,64.51,2.44,0.15236272094462272,2.604620342835567,7.415215237409289,0.13404277117114644,4.251079076494353e-4
onon,2017,1.7241256745625635,132.74550821270947,54.82,66.44,2.98,0.1487873457518105,0.8846881123237673,2.51417845839688,0.10068114287771743,1.59794375896371e-4
onon,2018,1.7241256745625635,132.74550821270947,67.9,83.25,4.54,0.1940831214904775,3.306955911119829,8.084531917293074,0.7439904770442851,4.958484472001685e-4
onon,2019,1.7241256745625635,132.74550821270947,84.38,127.02,6.6,0.17931429245023228,115.81632789783788,166.49649255757723,11.656086622223976,0.010462040852220278
onon,2022,1.7241256745625635,132.74550821270947,43.38,58.91,1.1,0.2675980808037128,2.324915228097291,7.866061082821153,0.016893714945111726,7.888934735181066e-4
onon,2012,1.8730948070484168,145.60559906627913,49.5,60.37,2.15,0.14596473709675628,1.39207952316163,4.465663745918076,0.0784417428393646,3.5501819427903114e-4
onon,2013,1.8730948070484168,145.60559906627913,65.92,97.86,4.32,0.12562161822502005,18.567598052396026,34.88372903183644,1.0429142660218764,8.849866717120561e-4
onon,2014,1.8730948070484168,145.60559906627913,35.83,44.14,1.03,0.23373561639248622,0.7164753991311482,2.8975533407338965,0.011309196123943557,6.659325179192522e-4
onon,2015,1.8730948070484168,145.60559906627913,43.14,54.32,2.48,0.09742927300307741,0.5615009425229351,1.7708091448404715,0.03720803408817023,8.167076638352212e-5
onon,2016,1.8730948070484168,145.60559906627913,51.5,64.91,2.79,0.12019869840926203,2.5640785332602967,7.291482629896098,0.1611300270765585,2.661486339277989e-4
onon,2017,1.8730948070484168,145.60559906627913,54.94,66.59,3.36,0.11819191574169727,0.8701537588448834,2.4822476090679415,0.11946026839760536,1.0131817867620702e-4
onon,2018,1.8730948070484168,145.60559906627913,67.93,83.28,5.13,0.15499721891712068,3.250782823109317,7.9904173711805235,0.9011383062902286,3.2599891450228806e-4
onon,2019,1.8730948070484168,145.60559906627913,85.31,127.82,7.9,0.140992872839184,119.83749794291118,170.98622369047357,17.23140659189399,0.0076076470296543575
onon,2022,1.8730948070484168,145.60559906627913,44.7,61.39,1.4,0.20150616030494878,2.8593093607107276,9.24639867967914,0.024987862160174876,5.067964866398162e-4
onon,2012,1.5720434881617558,126.21130893142453,49.13,59.88,1.83,0.19541461254429102,1.4014619699189579,4.498195283557364,0.06480176531357192,6.295888272692472e-4
onon,2013,1.5720434881617558,126.21130893142453,65.17,97.52,3.62,0.16912721695685057,20.179581400728367,38.12220871236138,0.797302730202612,0.0015331183669371152
onon,2014,1.5720434881617558,126.21130893142453,35.23,43.07,0.84,0.3118362292422633,0.6443065948422312,2.565631984185552,0.009441557357133284,0.0010965438951189934
onon,2015,1.5720434881617558,126.21130893142453,42.79,53.84,2.2,0.12879323584025956,0.5662084024284385,1.7913319098929223,0.0317298314068335,1.4014382704017657e-4
onon,2016,1.5720434881617558,126.21130893142453,51.03,64.26,2.39,0.16058952503173068,2.6268819926219553,7.533447624283509,0.131230720282056,4.7476412436075793e-4
onon,2017,1.5720434881617558,126.21130893142453,54.73,66.36,2.94,0.15657621724547457,0.8943116902788092,2.5486933630048405,0.09949967193341269,1.7835346198184792e-4
onon,2018,1.5720434881617558,126.21130893142453,67.87,83.3,4.44,0.20519231236218968,3.3701950805214747,8.247644082935906,0.7285128761341223,5.613770508456562e-4
onon,2019,1.5720434881617558,126.21130893142453,83.64,126.73,6.17,0.19044716819690977,114.6464295704448,166.49650946978386,9.835478686540016,0.011009449046062138
onon,2022,1.5720434881617558,126.21130893142453,42.62,57.58,1.04,0.2875855792394512,2.014289865008086,7.040733390070979,0.014668053484504279,8.435024967990009e-4
onon,2012,1.5854994337352355,145.10172336228956,49.43,60.37,2.68,0.1138998318310366,1.3811787318512774,4.513762790047372,0.10706971560915982,2.181660448946731e-4
onon,2013,1.5854994337352355,145.10172336228956,65.78,98.41,5.23,0.09876049574589804,19.473689846778555,37.25045483497135,1.4679549421609184,6.14783301154707e-4
onon,2014,1.5854994337352355,145.10172336228956,35.76,44.1,1.37,0.1757212083016302,0.7041428012810382,2.902251102673235,0.015431478335895544,3.735244200215205e-4
onon,2015,1.5854994337352355,145.10172336228956,43.07,54.31,3.07,0.07459180283563088,0.556975606655707,1.7885172226653565,0.05091446430958354,4.811239985749161e-5
onon,2016,1.5854994337352355,145.10172336228956,51.41,64.93,3.41,0.0939874132099019,2.5536947399535217,7.4103510868579265,0.22050749262106514,1.6673137192196896e-4
onon,2017,1.5854994337352355,145.10172336228956,54.87,66.62,4.08,0.09328984685697,0.8692116318417388,2.520626104430282,0.16331920788983134,6.511111057306768e-5
onon,2018,1.5854994337352355,145.10172336228956,67.9,83.45,6.15,0.12527243876981556,3.322796088183805,8.284499995069329,1.2469906472280552,2.338749045164489e-4
onon,2019,1.5854994337352355,145.10172336228956,85.57,129.36,9.49,0.11159662788042171,132.13692455309084,190.25759224289806,25.291411664109045,0.005697491693614717
onon,2022,1.5854994337352355,145.10172336228956,44.58,61.46,1.8,0.15475429662232756,2.810640529329622,9.37103600242852,0.03424914040540394,2.996036383959158e-4
onon,2012,1.7271939828208729,139.84582382354054,49.4,60.25,2.17,0.14938046736795574,1.3912933294576175,4.482961244809669,0.07941655592021837,3.712790758368182e-4
onon,2013,1.7271939828208729,139.84582382354054,65.71,97.9,4.3,0.1289935625846728,19.120125277122106,36.11993793565149,1.0428350773084938,9.454845274884389e-4
onon,2014,1.7271939828208729,139.84582382354054,35.67,43.87,1.04,0.23700759712351388,0.6938466857722492,2.8105104480802674,0.011460375030267244,6.697324514041476e-4
onon,2015,1.7271939828208729,139.84582382354054,43.04,54.2,2.52,0.09900328079996834,0.561324734416734,1.7786140676495616,0.03799511396879618,8.398949679642927e-5
onon,2016,1.7271939828208729,139.84582382354054,51.37,64.76,2.8,0.12303088398296139,2.575273296027696,7.371693695201751,0.16265382488584346,2.799488503658212e-4
onon,2017,1.7271939828208729,139.84582382354054,54.88,66.54,3.38,0.12096743530356716,0.8755292969156845,2.5062691897471496,0.12130655993342425,1.0683916733260567e-4
onon,2018,1.7271939828208729,139.84582382354054,67.91,83.32,5.13,0.1594507588205933,3.2946539292804173,8.11533189434609,0.9109590215534044,3.5055694706170176e-4
onon,2019,1.7271939828208729,139.84582382354054,85.03,127.98,7.74,0.14505811069770216,122.0187760701696,175.0573824031256,16.4515795203002,0.007991291533070294
onon,2022,1.7271939828208729,139.84582382354054,44.15,60.45,1.37,0.2087332231807393,2.647762053733993,8.799685689611406,0.023320084475421065,5.195492816500834e-4
onon,2012,1.5192910714064725,146.47797097645392,49.43,60.4,2.9,0.10387366972521962,1.377824939273829,4.526886649613595,0.12036693136161339,1.8210645196286562e-4
onon,2013,1.5192910714064725,146.47797097645392,65.81,98.62,5.63,0.09019568270496581,19.68647893747764,37.838249172854404,1.6768301223008593,5.331354828849688e-4
onon,2014,1.5192910714064725,146.47797097645392,35.77,44.14,1.51,0.15864215053622543,0.705054452790549,2.923362173481088,0.017349156578361707,3.050680161801611e-4
onon,2015,1.5192910714064725,146.47797097645392,43.06,54.34,3.31,0.06770084046386303,0.5554217873518694,1.7925939519854492,0.057137985897659845,3.974934477383044e-5
onon,2016,1.5192910714064725,146.47797097645392,51.41,64.98,3.68,0.08579056048268976,2.5482248467369986,7.435316541944224,0.24825367763002487,1.4004712060047248e-4
onon,2017,1.5192910714064725,146.47797097645392,54.87,66.64,4.39,0.08539974266410542,0.8677481999929768,2.5286190476421453,0.18360200239519545,5.506120851388196e-5
onon,2018,1.5192910714064725,146.47797097645392,67.9,83.51,6.58,0.11551036724790513,3.3398004739678577,8.364334894034466,1.4096350216024272,2.047397832324943e-4
onon,2019,1.5192910714064725,146.47797097645392,85.76,129.9,10.24,0.10207352984208716,136.54966286393037,196.8425718070025,29.75716712328426,0.0051016222053722905
onon,2022,1.5192910714064725,146.47797097645392,44.66,61.69,1.97,0.1400149140060665,2.840596227326908,9.509896426570345,0.03930236865640955,2.4817673806653656e-4
onon,2012,1.8476622421118831,158.55222759756543,49.62,60.6,2.71,0.10278409521941806,1.3821311602199815,4.486579581804262,0.10798004823110392,1.7864903535174068e-4
onon,2013,1.8476622421118831,158.55222759756543,66.14,98.36,5.37,0.08866033505704196,18.485401629471763,35.049335820876536,1.5132753654379667,4.887084740698601e-4
onon,2014,1.8476622421118831,158.55222759756543,36.08,44.65,1.38,0.16089511409924884,0.7516802933973376,3.091113330324567,0.015553284066671712,3.288457092531859e-4
onon,2015,1.8476622421118831,158.55222759756543,43.26,54.54,3.06,0.06808442761523775,0.5568804360366426,1.7750247472997793,0.05049017640907969,4.047663429874544e-5
onon,2016,1.8476622421118831,158.55222759756543,51.65,65.21,3.45,0.08483066427943266,2.532625298552683,7.271430092961031,0.2235732535493091,1.3545293452376354e-4
onon,2017,1.8476622421118831,158.55222759756543,54.99,66.72,4.12,0.08423829292452961,0.8593592294804999,2.4793728930730397,0.16380935778383382,5.264539488901032e-5
onon,2018,1.8476622421118831,158.55222759756543,67.94,83.38,6.25,0.11223976300503573,3.245617706739429,8.07052748798787,1.262612423808706,1.838222215986838e-4
onon,2019,1.8476622421118831,158.55222759756543,86.03,129.07,10.01,0.09980720981505406,127.85426159454833,182.37093933791508,28.332300160672,0.004659930107800431
onon,2022,1.8476622421118831,158.55222759756543,45.68,63.35,1.9,0.13629440353420402,3.17218321184113,10.046198015196408,0.040115336342847197,2.5161217376839764e-4
onon,2012,1.6471874112095064,120.75183903876194,49.06,59.71,1.48,0.24035481180135415,1.412720359484111,4.476950551735811,0.04940420791382179,9.466262593987195e-4
onon,2013,1.6471874112095064,120.75183903876194,64.99,96.95,2.96,0.20697848901316176,20.07834260451252,37.49103503665909,0.5758560303438365,0.002054125342300046
onon,2014,1.6471874112095064,120.75183903876194,35.11,42.81,0.61,0.39368485230785044,0.6354017197781373,2.4881826835243825,0.00723440847879722,0.0017336944648611403
onon,2015,1.6471874112095064,120.75183903876194,42.72,53.69,1.81,0.15985962571153414,0.5717813155240027,1.7880579510832486,0.024527153114916257,2.143300312319987e-4
onon,2016,1.6471874112095064,120.75183903876194,50.92,64,1.96,0.1970244136400054,2.659470974684736,7.540097372824382,0.09954076785419944,7.042632618303433e-4
onon,2017,1.6471874112095064,120.75183903876194,54.7,66.25,2.45,0.18999067445180298,0.9040232581739808,2.5441447920878826,0.07622544320469861,2.5725483080780705e-4
onon,2018,1.6471874112095064,120.75183903876194,67.86,83.16,3.72,0.24413206747970645,3.3533343700785982,8.104122402586837,0.545780628062932,7.304834741721827e-4
onon,2019,1.6471874112095064,120.75183903876194,82.72,125.02,4.92,0.2319934066311801,103.77257633156078,150.64971275296813,6.050801473456789,0.012739212065701519
onon,2022,1.6471874112095064,120.75183903876194,42.17,56.6,0.77,0.3646830667018875,1.8252181319699496,6.3613128178291785,0.010159323088496973,0.001288266335541151
onon,2012,1.7233752153083275,145.68208551795837,49.46,60.38,2.42,0.1279861917381588,1.3861133168371744,4.4904579659817365,0.09235492022886405,2.7434685651918323e-4
onon,2013,1.7233752153083275,145.68208551795837,65.85,98.15,4.78,0.11059562566458246,19.016785938076517,36.06927009698275,1.24814876224252,7.30336753207411e-4
onon,2014,1.7233752153083275,145.68208551795837,35.8,44.13,1.2,0.2009593978785035,0.7111011333182033,2.9054924338903456,0.013317067006783012,4.907740308349953e-4
onon,2015,1.7233752153083275,145.68208551795837,43.11,54.32,2.78,0.08457057913648557,0.5590129968250787,1.7798355441662757,0.0438475343508082,6.171437505703994e-5
onon,2016,1.7233752153083275,145.68208551795837,51.46,64.93,3.1,0.10551110490694895,2.5579016762243225,7.3518197780428824,0.1900155871717933,2.0777889371898585e-4
onon,2017,1.7233752153083275,145.68208551795837,54.91,66.61,3.73,0.1042560209473787,0.8693888475466532,2.5017747735528317,0.1408022124708906,8.013362617809676e-5
onon,2018,1.7233752153083275,145.68208551795837,67.92,83.38,5.65,0.13845747511234438,3.290375098838014,8.14969905377264,1.0704588054597008,2.737421289282457e-4
onon,2019,1.7233752153083275,145.68208551795837,85.49,128.69,8.73,0.12455565251901983,126.48137447306205,181.25349646058868,21.26061434705942,0.006562335807574671
onon,2022,1.7233752153083275,145.68208551795837,44.67,61.48,1.6,0.17509976578792888,2.845042557790563,9.340428302003373,0.029627071741640677,3.841368709082493e-4
onon,2012,1.6112431105181446,142.63180506978125,49.4,60.32,2.51,0.1268231481393836,1.3844087271554013,4.506264466747787,0.09769219745891031,2.693660730050381e-4
onon,2013,1.6112431105181446,142.63180506978125,65.74,98.27,4.92,0.10989920093553594,19.45990114305883,37.1092746432323,1.3204742221771457,7.397652053156298e-4
onon,2014,1.6112431105181446,142.63180506978125,35.7,43.98,1.26,0.19719444736331032,0.6972746857855457,2.8580877100007234,0.014109147145783553,4.6547621417825514e-4
onon,2015,1.6112431105181446,142.63180506978125,43.04,54.26,2.89,0.08329633095260443,0.5583447380055293,1.7866645304871294,0.04656817345135814,5.977778886557125e-5
onon,2016,1.6112431105181446,142.63180506978125,51.38,64.85,3.21,0.10461168723358398,2.5618735339436483,7.409170830781552,0.20061595963723935,2.0537034325149775e-4
onon,2017,1.6112431105181446,142.63180506978125,54.87,66.59,3.86,0.1035361710112968,0.8721698055924632,2.5205191431308034,0.1490689514193067,7.967424000741163e-5
onon,2018,1.6112431105181446,142.63180506978125,67.9,83.42,5.81,0.13835982856589915,3.3212692980572784,8.252605206280938,1.1315918801003169,2.793718212706662e-4
onon,2019,1.6112431105181446,142.63180506978125,85.38,128.97,8.89,0.12408289862163159,129.20558162479648,186.02854725178628,21.95539416418392,0.006647315172495991
onon,2022,1.6112431105181446,142.63180506978125,44.33,60.94,1.65,0.17432065257493112,2.721311974066568,9.10813374193144,0.02999609671799585,3.712593819439454e-4
onon,2012,1.6154834338097088,140.9770584503135,49.38,60.28,2.43,0.1317150722913417,1.3859947388775735,4.504728149572983,0.09315359950755353,2.9001844051162865e-4
onon,2013,1.6154834338097088,140.9770584503135,65.71,98.21,4.76,0.11412522659044516,19.490523838439767,37.12320985567395,1.2491892508497993,7.861445405553136e-4
onon,2014,1.6154834338097088,140.9770584503135,35.67,43.9,1.21,0.20536379788275183,0.6924812146012889,2.830964408351637,0.013441567726172918,5.027141196654638e-4
onon,2015,1.6154834338097088,140.9770584503135,43.02,54.22,2.8,0.08660943845073298,0.5589277288906623,1.7859133021190496,0.04449474715957217,6.451207174561751e-5
onon,2016,1.6154834338097088,140.9770584503135,51.35,64.81,3.11,0.10863242244538332,2.566373268253823,7.413197628071103,0.1910050643075444,2.2083821628952847e-4
onon,2017,1.6154834338097088,140.9770584503135,54.86,66.57,3.74,0.10732441152784554,0.873790928616281,2.5208591133583127,0.1422597727229187,8.534036671664913e-5
onon,2018,1.6154834338097088,140.9770584503135,67.9,83.41,5.64,0.1431058465521888,3.3238013703109868,8.244217102314687,1.0768734873002592,2.9586808733193435e-4
onon,2019,1.6154834338097088,140.9770584503135,85.22,128.74,8.56,0.12877856582728908,127.76881817811051,184.00630012306408,20.28015497636822,0.006931884176494698
onon,2022,1.6154834338097088,140.9770584503135,44.2,60.68,1.58,0.18208244436204918,2.669820377293606,8.962745006922976,0.02790935046798751,3.996828649732936e-4
onon,2012,1.425856393820509,143.1181188450413,49.36,60.33,2.97,0.10486524757787148,1.376953005626746,4.541787546820258,0.1254727223776854,1.85536561647897e-4
onon,2013,1.425856393820509,143.1181188450413,65.67,98.68,5.72,0.0912519160406711,20.081237893158924,38.778418066026134,1.7394428842129555,5.549026666150002e-4
onon,2014,1.425856393820509,143.1181188450413,35.67,43.96,1.56,0.15886706835446432,0.690258368525413,2.866374596539347,0.018104734415462464,3.011871564357838e-4
onon,2015,1.425856393820509,143.1181188450413,43,54.26,3.4,0.06796321611063133,0.5548940328666635,1.797980593594458,0.05982037342482553,3.9973280597229566e-5
onon,2016,1.425856393820509,143.1181188450413,51.33,64.9,3.77,0.08659549780540235,2.5538408843399623,7.49088945834305,0.25840581779626576,1.4322371752510028e-4
onon,2017,1.425856393820509,143.1181188450413,54.83,66.62,4.49,0.0863273587907794,0.8706966119917056,2.545830320831934,0.19152280066362104,5.663394769874291e-5
onon,2018,1.425856393820509,143.1181188450413,67.89,83.55,6.71,0.11734255317764045,3.3735327438581533,8.468893348792918,1.4697687564855522,2.1509215410333654e-4
onon,2019,1.425856393820509,143.1181188450413,85.63,130.14,10.33,0.10347414825709791,138.8687443932549,201.05111187139087,30.15794357926355,0.005299287946732836
onon,2022,1.425856393820509,143.1181188450413,44.31,61.1,2,0.14217361890614158,2.714098179749489,9.259726296654863,0.03907080951298999,2.490842586880506e-4
onon,2012,1.8852895179754445,163.75852869238923,49.67,60.68,2.84,0.09427324548324471,1.3812064397685533,4.489372750765762,0.11562325832524492,1.509191367158806e-4
onon,2013,1.8852895179754445,163.75852869238923,66.24,98.44,5.63,0.0812899200107402,18.341722899501683,34.79900829148873,1.6408763047293455,4.181811868440353e-4
onon,2014,1.8852895179754445,163.75852869238923,36.17,44.83,1.46,0.14725560745261798,0.766915210921507,3.161460744661703,0.01667835201442249,2.7979765982353574e-4
onon,2015,1.8852895179754445,163.75852869238923,43.31,54.61,3.19,0.06245264370610187,0.5559812720816224,1.7737856022515468,0.05376651818099362,3.4215563854775076e-5
onon,2016,1.8852895179754445,163.75852869238923,51.72,65.32,3.61,0.07782553367475675,2.5246740260046567,7.250583139684582,0.23992830289955694,1.1448955972342071e-4
onon,2017,1.8852895179754445,163.75852869238923,55.02,66.76,4.3,0.07742272645204422,0.8562046374529252,2.473676921967491,0.17515545924341866,4.461965574970225e-5
onon,2018,1.8852895179754445,163.75852869238923,67.94,83.4,6.53,0.10337409324742959,3.234963923351379,8.058923865857091,1.3572673080587794,1.5764701026444009e-4
onon,2019,1.8852895179754445,163.75852869238923,86.17,129.2,10.54,0.09152388418746965,127.9584970050386,182.4098477587865,31.391316275235056,0.004046676789509924
onon,2022,1.8852895179754445,163.75852869238923,46.02,63.98,2.03,0.12367389454764584,3.2651089395110326,10.22618628730806,0.045029975288840486,2.1210489525936337e-4
onon,2012,1.787750984782372,165.0844262157186,49.66,60.7,3.09,0.0843065465629307,1.3772308437776344,4.504396550306483,0.131675453408575,1.2125158673464142e-4
onon,2013,1.787750984782372,165.0844262157186,66.23,98.66,6.1,0.07280778526620707,18.593792881602553,35.47437929091229,1.895488295754636,3.4988767526106945e-4
onon,2014,1.787750984782372,165.0844262157186,36.17,44.87,1.63,0.13008927665517941,0.7667521993909495,3.1833085603253135,0.01901262098377985,2.1868845172548702e-4
onon,2015,1.787750984782372,165.0844262157186,43.29,54.63,3.47,0.05550610492456056,0.5543301765564749,1.779032059883159,0.06119158957757241,2.711336783737851e-5
onon,2016,1.787750984782372,165.0844262157186,51.7,65.34,3.92,0.06963388243199894,2.5191864486833557,7.281555420546587,0.2736578491313853,9.253547693765947e-5
onon,2017,1.787750984782372,165.0844262157186,55.01,66.78,4.65,0.06948755813433229,0.855016093027061,2.4839024863204133,0.19962574138766076,3.632538849848017e-5
onon,2018,1.787750984782372,165.0844262157186,67.93,83.45,7.04,0.09351820942359369,3.2517119724083106,8.140581642755789,1.5533293646983564,1.3311570779716043e-4
onon,2019,1.787750984782372,165.0844262157186,86.37,129.81,11.44,0.08211872443337281,132.80494097355415,189.65394551017374,37.42201278688023,0.0034992677922730153
onon,2022,1.787750984782372,165.0844262157186,46.07,64.18,2.24,0.10977340646510143,3.268663485542229,10.304074507375944,0.05200526222691776,1.6850367468529913e-4
onon,2012,1.82520992017171,145.74866493174696,49.49,60.38,2.24,0.13974306158618569,1.390356125211108,4.474943913296458,0.08278837471633128,3.259430005827443e-4
onon,2013,1.82520992017171,145.74866493174696,65.9,97.96,4.47,0.1204858045690997,18.704556055539793,35.26031295416319,1.1050847508999262,8.309136084778942e-4
onon,2014,1.82520992017171,145.74866493174696,35.82,44.15,1.09,0.22236695279788235,0.7151432416808796,2.9021209574314817,0.011934117341643435,6.023717833095275e-4
onon,2015,1.82520992017171,145.74866493174696,43.13,54.33,2.58,0.09296581226962891,0.5607166849444062,1.773882172156247,0.03926759257649841,7.443072394333943e-5
onon,2016,1.82520992017171,145.74866493174696,51.49,64.92,2.89,0.11512649989329946,2.5616285815515623,7.309754994140002,0.17008542989644032,2.4521610485223326e-4
onon,2017,1.82520992017171,145.74866493174696,54.93,66.6,3.48,0.11336980907227646,0.8699336541924441,2.488747176128767,0.12612966446447854,9.37069314099085e-5
onon,2018,1.82520992017171,145.74866493174696,67.92,83.31,5.3,0.14932126858824848,3.2621932945615546,8.038988730081932,0.9532300593137051,3.0765342374177243e-4
onon,2019,1.82520992017171,145.74866493174696,85.39,128.12,8.18,0.1353197497865926,122.14095655833424,174.49217076467949,18.546156079035015,0.0072621648479240485
onon,2022,1.82520992017171,145.74866493174696,44.7,61.43,1.46,0.1923320925451566,2.8578030796762013,9.284550646449212,0.026460303645318758,4.626458379920036e-4
onon,2012,1.6067762863293655,158.37736154213823,49.56,60.61,3.23,0.08224997452893237,1.3740138641483812,4.523500942919917,0.1412649730507602,1.1529160097690742e-4
onon,2013,1.6067762863293655,158.37736154213823,66.07,98.81,6.31,0.07127178569559446,19.175332845977046,36.84166874474897,2.0335662820939064,3.4529078531073365e-4
onon,2014,1.6067762863293655,158.37736154213823,36.03,44.63,1.72,0.12531565601215877,0.7425351342651844,3.1007241448212186,0.02034155427114671,1.9862754031134264e-4
onon,2015,1.6067762863293655,158.37736154213823,43.2,54.55,3.64,0.053752590868077946,0.553691436045943,1.7897324550118558,0.0661358158965356,2.535797175443692e-5
onon,2016,1.6067762863293655,158.37736154213823,51.59,65.25,4.09,0.06797922562014874,2.526235794759622,7.3644807218910735,0.293388683702707,8.869628658824954e-5
onon,2017,1.6067762863293655,158.37736154213823,54.95,66.75,4.84,0.0679727836315175,0.8584783058981856,2.5077871719865996,0.21465070494129365,3.5091746728037626e-5
onon,2018,1.6067762863293655,158.37736154213823,67.92,83.51,7.29,0.09219346391822045,3.298927486234529,8.293054363421618,1.6700582861571622,1.3296730376394084e-4
onon,2019,1.6067762863293655,158.37736154213823,86.31,130.32,11.72,0.08062563712820986,138.1014938269825,198.22884979774497,39.54899961921567,0.0034906498837488018
onon,2022,1.6067762863293655,158.37736154213823,45.6,63.45,2.31,0.10778865356543887,3.136623096473305,10.15594858278774,0.052834011408427396,1.5841442492227418e-4
onon,2012,1.782101290994288,117.36628985015362,49.03,59.59,1.17,0.29686922580656216,1.4259327936437787,4.4453632360162825,0.037704568743329635,0.0014350217966313493
onon,2013,1.782101290994288,117.36628985015362,64.93,96.37,2.42,0.2534551437356807,19.659047784053726,36.1125335242545,0.4172720011998248,0.0027070874815253603
onon,2014,1.782101290994288,117.36628985015362,35.04,42.64,0.41,0.5039638585646382,0.6331158391256113,2.4323593346843255,0.005540061878565045,0.002836526503171479
onon,2015,1.782101290994288,117.36628985015362,42.7,53.58,1.47,0.20048145414882748,0.5780302045696863,1.7799892599803593,0.018877252371629953,3.354558500143505e-4
onon,2016,1.782101290994288,117.36628985015362,50.87,63.8,1.59,0.24278692553541353,2.6884054979673957,7.497990515086723,0.07554025230734003,0.0010526471985458986
onon,2017,1.782101290994288,117.36628985015362,54.7,66.15,2.02,0.23124605757886413,0.9116408381728615,2.5261414017953943,0.0583100657894512,3.715565964634098e-4
onon,2018,1.782101290994288,117.36628985015362,67.86,82.99,3.11,0.289876938483221,3.313640655599508,7.890501653426131,0.4087936913754224,9.307139212332279e-4
onon,2019,1.782101290994288,117.36628985015362,82.1,123.34,3.97,0.2818144873817371,93.77697289609719,135.27578802455892,3.9085027676388338,0.01463276617686072
onon,2022,1.782101290994288,117.36628985015362,41.92,55.94,0.53,0.46427343265083004,1.7152844877924684,5.884040569709487,0.007279388757420278,0.0020289827228126274
onon,2012,1.7932855023330254,141.44016144120533,49.43,60.29,2.12,0.1529251902368788,1.3927250847242967,4.47357346511954,0.07698258960117615,3.888944852349944e-4
onon,2013,1.7932855023330254,141.44016144120533,65.79,97.84,4.23,0.1318249231266911,18.87697259821708,35.544917457386646,1.0109782355829025,9.727152640607716e-4
onon,2014,1.7932855023330254,141.44016144120533,35.72,43.95,1.01,0.24409363038412246,0.7011870993577606,2.8338161612514936,0.011118285053620811,7.140805283478343e-4
onon,2015,1.7932855023330254,141.44016144120533,43.08,54.24,2.46,0.10173572366772367,0.5618920517991414,1.774933599792623,0.036727235996250954,8.87371588085377e-5
onon,2016,1.7932855023330254,141.44016144120533,51.41,64.8,2.74,0.12590729745543677,2.5735250528354765,7.338309242395688,0.1577355114280092,2.922029075039428e-4
onon,2017,1.7932855023330254,141.44016144120533,54.9,66.55,3.32,0.1237001932352245,0.8741250668916044,2.4958109270138773,0.11739610497813358,1.1120532484518732e-4
onon,2018,1.7932855023330254,141.44016144120533,67.92,83.29,5.05,0.16241823508791609,3.2763676600271645,8.054493686024676,0.8823110529240015,3.588902336312075e-4
onon,2019,1.7932855023330254,141.44016144120533,85.09,127.8,7.66,0.14803732418540233,120.34509321115695,172.21410168893027,16.104562115180453,0.008202684148119812
onon,2022,1.7932855023330254,141.44016144120533,44.3,60.68,1.34,0.2134467403005504,2.706376721904626,8.903324575863012,0.02308739274592349,5.497735950012889e-4
onon,2012,1.5259138308972982,141.8610406575466,49.37,60.3,2.66,0.11878224702954213,1.381518511502996,4.521095660865737,0.10644938648757736,2.368812320328273e-4
onon,2013,1.5259138308972982,141.8610406575466,65.68,98.42,5.17,0.10312521200144124,19.76746380606921,37.89377293845186,1.449290836662988,6.722294801641869e-4
onon,2014,1.5259138308972982,141.8610406575466,35.67,43.93,1.36,0.1827047661383459,0.6915478687915032,2.8484157035635147,0.01536739101145342,3.980427667586374e-4
onon,2015,1.5259138308972982,141.8610406575466,43.01,54.25,3.06,0.07754897024512154,0.5572858846862864,1.7926934085680593,0.050852277406769876,5.185641060846288e-5
onon,2016,1.5259138308972982,141.8610406575466,51.34,64.84,3.39,0.09801536032267034,2.561285691648018,7.452494509658438,0.21883285988319423,1.8150438160385868e-4
onon,2017,1.5259138308972982,141.8610406575466,54.84,66.59,4.06,0.09724497763278424,0.872266503819091,2.5321561305611806,0.1625256865924432,7.090522024566772e-5
onon,2018,1.5259138308972982,141.8610406575466,67.89,83.47,6.1,0.13085220768474567,3.3465421982038785,8.348654516263268,1.2376188980556957,2.565290662192747e-4
onon,2019,1.5259138308972982,141.8610406575466,85.43,129.43,9.32,0.11665859179170056,132.8873450241429,191.8611331861329,24.278916241632206,0.006155934850367057
onon,2022,1.5259138308972982,141.8610406575466,44.25,60.87,1.76,0.16273079416346609,2.6889923792990325,9.097969489987019,0.03245073549867494,3.22254370621443e-4
onon,2012,2.001424360403981,143.40324810091647,49.51,60.33,1.88,0.1698534425745395,1.3988848402682585,4.441053543892664,0.06534274961770563,4.7763179060924426e-4
onon,2013,2.001424360403981,143.40324810091647,65.93,97.52,3.84,0.14559088381256619,18.20843763303821,33.879852512885286,0.8474570943077817,0.0011041952807780524
onon,2014,2.001424360403981,143.40324810091647,35.81,44.07,0.86,0.2776778935991746,0.7155046225354532,2.860415966208456,0.009415195629732627,9.377957954597655e-4
onon,2015,2.001424360403981,143.40324810091647,43.15,54.28,2.19,0.11447553884377819,0.5644846731908664,1.7624637893246404,0.031073491447877903,1.1219123986411694e-4
onon,2016,2.001424360403981,143.40324810091647,51.51,64.83,2.46,0.13969429691177604,2.575062693845834,7.244963995870567,0.13386111763220568,3.5435625456323915e-4
onon,2017,2.001424360403981,143.40324810091647,54.95,66.55,2.99,0.1365246404711202,0.8728025703893258,2.4661792380462026,0.09953085800464974,1.327983113586348e-4
onon,2018,2.001424360403981,143.40324810091647,67.93,83.18,4.59,0.1766239337097275,3.2222573565542842,7.852186333139812,0.7436246969609895,4.0008485164599547e-4
onon,2019,2.001424360403981,143.40324810091647,85.01,126.87,6.99,0.16277999843822208,112.99966351224406,160.6478210826636,13.311094136272585,0.008944259928651416
onon,2022,2.001424360403981,143.40324810091647,44.57,60.99,1.18,0.23813699458524729,2.806623663006888,8.993676294337849,0.020080362964360863,6.954019378020471e-4
onon,2012,2.038008932465599,126.677380842392,49.27,59.88,1.24,0.28148228227515104,1.423140109873171,4.407845998900681,0.03997070418037015,0.0012884819197823128
onon,2013,2.038008932465599,126.677380842392,65.48,96.48,2.62,0.23865801940146533,18.399767033860996,33.516378892724724,0.4635528848806983,0.00241059387642103
onon,2014,2.038008932465599,126.677380842392,35.36,43.17,0.44,0.4836936514288512,0.6649961639990917,2.56299106289341,0.005827376762469897,0.00267911152012009
onon,2015,2.038008932465599,126.677380842392,42.94,53.88,1.51,0.19257991614888528,0.5760277783770218,1.76036114514625,0.01949189695998084,3.1116796260318824e-4
onon,2016,2.038008932465599,126.677380842392,51.2,64.21,1.67,0.23036161689653573,2.649228407785575,7.3040241603944125,0.08044741113535471,9.381658905945752e-4
onon,2017,2.038008932465599,126.677380842392,54.85,66.3,2.11,0.22026336329100993,0.895978763504401,2.4734667552298584,0.06113005962036408,3.3291567093695593e-4
onon,2018,2.038008932465599,126.677380842392,67.91,82.94,3.29,0.27509929674149713,3.2238277521693934,7.67114396257245,0.436406443873351,8.325170661474506e-4
onon,2019,2.038008932465599,126.677380842392,83.48,124.15,4.59,0.2641391201353072,97.35831834792499,138.17447631709166,5.524564615180187,0.01510663926444767
onon,2022,2.038008932465599,126.677380842392,42.85,57.53,0.61,0.4296684068033785,2.071257287184174,6.825364802672481,0.008983281728437008,0.0019026200942241717
onon,2012,1.8067963446984165,138.67190507976986,49.4,60.23,1.99,0.16429736697144431,1.3955284945789204,4.466952491871361,0.07054223163840095,4.474869221044065e-4
onon,2013,1.8067963446984165,138.67190507976986,65.73,97.69,3.98,0.14146505095860193,18.886435105924207,35.45336593491781,0.9130361574580557,0.0010859942642171439
onon,2014,1.8067963446984165,138.67190507976986,35.66,43.83,0.93,0.2640467332200225,0.6941249106986873,2.7917229716839946,0.010183358515224844,8.305416555939836e-4
onon,2015,1.8067963446984165,138.67190507976986,43.05,54.18,2.32,0.10956457969334718,0.563385085623102,1.7740983495550218,0.03381054813418614,1.0257839400763543e-4
onon,2016,1.8067963446984165,138.67190507976986,51.38,64.72,2.58,0.13517363547492267,2.58262539414855,7.342330882206561,0.1443049696789118,3.349087403587479e-4
onon,2017,1.8067963446984165,138.67190507976986,54.89,66.52,3.14,0.13240804178848603,0.8772546589504571,2.4962284032424265,0.1077831209202856,1.265945195840402e-4
onon,2018,1.8067963446984165,138.67190507976986,67.91,83.26,4.78,0.17298220068370668,3.276420385601721,8.02645314585864,0.804797902105156,3.9807841307350385e-4
onon,2019,1.8067963446984165,138.67190507976986,84.85,127.36,7.16,0.1587287112809244,117.4873699034121,168.1618449582987,13.93036578598697,0.008831712355686217
onon,2022,1.8067963446984165,138.67190507976986,44.09,60.23,1.23,0.23172361695467278,2.616371054797229,8.639111570286282,0.020284374535326475,6.333510662712011e-4
onon,2012,1.9576534228092,149.8068649931815,49.56,60.45,2.18,0.14025957889164148,1.3919218083262077,4.458307599590036,0.07953678599888213,3.2841027009163754e-4
onon,2013,1.9576534228092,149.8068649931815,66.04,97.87,4.4,0.12055380829082914,18.27469746264117,34.25877299163995,1.0673336452874254,8.147358427298015e-4
onon,2014,1.9576534228092,149.8068649931815,35.94,44.33,1.05,0.22531726064367522,0.7322790694673126,2.9615930822733767,0.011460245249172593,6.289023640694204e-4
onon,2015,1.9576534228092,149.8068649931815,43.21,54.4,2.5,0.09392453110115537,0.5612510189102331,1.7667596790331968,0.03751945157854928,7.61463033684343e-5
onon,2016,1.9576534228092,149.8068649931815,51.58,65.01,2.82,0.11553698270161798,2.5550769970269056,7.245148891037342,0.16359659068957938,2.4576028346350633e-4
onon,2017,1.9576534228092,149.8068649931815,54.98,66.63,3.4,0.11365704992846751,0.8668459919128404,2.4700949986399894,0.12095018998277565,9.350008183681038e-5
onon,2018,1.9576534228092,149.8068649931815,67.94,83.26,5.2,0.1488268048881848,3.229072114881881,7.933966609749973,0.9160921865262609,2.996230174768966e-4
onon,2019,1.9576534228092,149.8068649931815,85.43,127.74,8.09,0.1352005871738306,118.58851645750391,168.81918558947558,18.044811495154125,0.007073850585258069
onon,2022,1.9576534228092,149.8068649931815,45.07,62.04,1.44,0.1918301519343599,2.9920418239003683,9.519118695676825,0.026712761885929408,4.726810419606289e-4
onon,2012,1.555444205659105,136.53231927785268,49.3,60.18,2.34,0.14157923362393904,1.3876504678377803,4.510887173618333,0.08915958833025564,3.342362183704471e-4
onon,2013,1.555444205659105,136.53231927785268,65.53,98.12,4.58,0.12281941083230723,19.814781822574904,37.793701287084,1.1745802415272117,9.011170783505423e-4
onon,2014,1.555444205659105,136.53231927785268,35.54,43.67,1.16,0.22051292279099152,0.6761570781379311,2.755675049132531,0.01289642769009057,5.693403766646456e-4
onon,2015,1.555444205659105,136.53231927785268,42.95,54.12,2.73,0.09277692464575767,0.5597368937498258,1.7894139533822269,0.04289487883397768,7.368256906196205e-5
onon,2016,1.555444205659105,136.53231927785268,51.26,64.67,3.01,0.11665533607493576,2.5806062404392187,7.468355517970339,0.18254078718238329,2.544148490177526e-4
onon,2017,1.555444205659105,136.53231927785268,54.81,66.52,3.63,0.11513344901590863,0.878737012735165,2.5350740750917273,0.13636596882743393,9.827884050009945e-5
onon,2018,1.555444205659105,136.53231927785268,67.89,83.41,5.47,0.15351749365798423,3.349792842748288,8.302512222348648,1.0262787190415432,3.39469266659901e-4
onon,2019,1.555444205659105,136.53231927785268,84.91,128.57,8.14,0.1386501253007372,127.05990945066515,183.59409626889897,18.10534517020307,0.007701325415405979
onon,2022,1.555444205659105,136.53231927785268,43.74,59.83,1.49,0.19827078868367115,2.485862791787445,8.49538529677896,0.02481248656222678,4.5350368845551694e-4
onon,2012,1.638410286356794,125.95076062345696,49.15,59.87,1.71,0.2086691413981646,1.4048394645974502,4.483855072901911,0.05933435547566001,7.163596518660393e-4
onon,2013,1.638410286356794,125.95076062345696,65.2,97.34,3.41,0.18006165518411063,19.915118396235282,37.41053938769856,0.7217586802983912,0.001672450186557526
onon,2014,1.638410286356794,125.95076062345696,35.25,43.08,0.76,0.33676320335349585,0.646699142410519,2.561750951851821,0.008650517508708011,0.0012807983728366226
onon,2015,1.638410286356794,125.95076062345696,42.81,53.84,2.06,0.13822897259807107,0.5679064807434364,1.7870927604665952,0.029075166018074847,1.611457375608474e-4
onon,2016,1.638410286356794,125.95076062345696,51.05,64.24,2.25,0.17133469497663503,2.6320488360844805,7.502939891831227,0.12006396585365277,5.36875831576361e-4
onon,2017,1.638410286356794,125.95076062345696,54.74,66.34,2.77,0.16651069944418923,0.894959117440821,2.5376052380372736,0.09106560690637407,1.9988285610670944e-4
onon,2018,1.638410286356794,125.95076062345696,67.88,83.24,4.21,0.21649153965378662,3.3477694165078966,8.155706912981794,0.663748043027952,6.057651171900919e-4
onon,2019,1.638410286356794,125.95076062345696,83.58,126.28,5.83,0.20216961545027773,111.72886259976475,161.6646766265821,8.824135435765244,0.01172546311032923
onon,2022,1.638410286356794,125.95076062345696,42.63,57.52,0.95,0.30904015923372974,2.0122714359769938,6.975606384813029,0.013351709253988382,9.720789363982155e-4
onon,2012,1.5205468483917048,150.65413080016015,49.47,60.48,3.09,0.09270944220123124,1.3752223280259228,4.530661953164458,0.13261937760061945,1.457046633593772e-4
onon,2013,1.5205468483917048,150.65413080016015,65.89,98.75,6,0.08049893874572352,19.5756900992266,37.686277474331284,1.8754996380368967,4.355719833135886e-4
onon,2014,1.5205468483917048,150.65413080016015,35.87,44.32,1.64,0.14095707935861274,0.7177560001383223,2.991043643891207,0.019099886647579736,2.4451180727955065e-4
onon,2015,1.5205468483917048,150.65413080016015,43.11,54.41,3.51,0.06037701332918572,0.5541728692261437,1.7928474679294613,0.06263165067168172,3.177043137487434e-5
onon,2016,1.5205468483917048,150.65413080016015,51.47,65.08,3.92,0.07663371175842638,2.5371775078603602,7.416060366094751,0.2740530181370982,1.123866258166507e-4
onon,2017,1.5205468483917048,150.65413080016015,54.89,66.69,4.66,0.07648427411371979,0.8641139630045904,2.524938539659385,0.20198798797638068,4.440767313989344e-5
onon,2018,1.5205468483917048,150.65413080016015,67.91,83.53,6.99,0.10380240684219422,3.3323950441700942,8.370516946936819,1.5615229775967003,1.6817689385249847e-4
onon,2019,1.5205468483917048,150.65413080016015,86.02,130.25,11.02,0.09113395988175034,138.97349488468208,200.11276335655577,34.86596957015744,0.004307826632643782
onon,2022,1.5205468483917048,150.65413080016015,45.01,62.38,2.16,0.12342617816570729,2.9590434837613624,9.810919474240361,0.0457402246077413,1.9895731283912747e-4
onon,2012,1.491984245547417,161.36079828018447,49.57,60.65,3.69,0.06935797568462261,1.3690846212416976,4.544928331097328,0.17393118129367913,8.254453170703707e-5
onon,2013,1.491984245547417,161.36079828018447,66.1,99.11,7.15,0.06018611037336026,19.472127257818805,37.67887846563538,2.5611939290004315,2.6106200094657035e-4
onon,2014,1.491984245547417,161.36079828018447,36.06,44.72,2.02,0.10400091598052094,0.7461435320170157,3.146059285957616,0.025085701704514383,1.3753922392666445e-4
onon,2015,1.491984245547417,161.36079828018447,43.2,54.58,4.14,0.04496047399202896,0.5512396873611383,1.7954233833663853,0.08122951850017074,1.7829967243168733e-5
onon,2016,1.491984245547417,161.36079828018447,51.6,65.33,4.65,0.057376505153473076,2.518447743561371,7.4033893464009735,0.36222610569176183,6.403855217139281e-5
onon,2017,1.491984245547417,161.36079828018447,54.94,66.78,5.48,0.057662153618873294,0.8560735539804977,2.519992097770236,0.26410291393089097,2.5634797819076292e-5
onon,2018,1.491984245547417,161.36079828018447,67.91,83.59,8.21,0.07901188059562214,3.321551030342438,8.406946794720513,2.0739651330786724,1.0200285561799412e-4
onon,2019,1.491984245547417,161.36079828018447,86.61,131.16,13.34,0.06822639285091213,145.1809668952043,208.71008787050584,52.257288453871375,0.0027698922664180538
onon,2022,1.491984245547417,161.36079828018447,45.76,63.89,2.7,0.08976769781072984,3.1722124364267463,10.323806958216899,0.067193679523531,1.1195979004131101e-4
onon,2012,1.8699498156841066,143.39935713796808,49.47,60.33,2.07,0.15254606895537812,1.3936613044948247,4.462998777530322,0.07450309495069056,3.869065466750961e-4
onon,2013,1.8699498156841066,143.39935713796808,65.85,97.74,4.16,0.13130225214405333,18.57659685384979,34.86094376158985,0.9774470677956352,9.482186053012045e-4
onon,2014,1.8699498156841066,143.39935713796808,35.79,44.06,0.98,0.24509120378551102,0.7109084523747167,2.8681465859265183,0.010737175158062651,7.284798240124879e-4
onon,2015,1.8699498156841066,143.39935713796808,43.12,54.28,2.4,0.10189372059445409,0.5621997064116958,1.7699922923417541,0.03545354227643214,8.90910982713148e-5
onon,2016,1.8699498156841066,143.39935713796808,51.47,64.85,2.69,0.12557522386309652,2.569974834833369,7.298691481611879,0.1528532135963645,2.895536303183395e-4
onon,2017,1.8699498156841066,143.39935713796808,54.93,66.57,3.25,0.1232600220848358,0.8724622741500445,2.484496117943534,0.11362756345389616,1.0981004466380291e-4
onon,2018,1.8699498156841066,143.39935713796808,67.92,83.26,4.97,0.16122182580126748,3.254343585820645,7.9835383278126635,0.8539295654524344,3.4851527980670513e-4
onon,2019,1.8699498156841066,143.39935713796808,85.16,127.59,7.59,0.1472420856283664,118.46150082224928,169.0910379245616,15.803487412798413,0.007994130005118404
onon,2022,1.8699498156841066,143.39935713796808,44.54,61.06,1.32,0.21209713395041885,2.7944023376090965,9.07444545813949,0.023029719199688863,5.526445590763422e-4
onon,2012,1.8879575499516124,174.3715765341274,49.74,60.82,3.24,0.07499586409604,1.3772112661951714,4.503280879624294,0.1413384445906544,9.65106516467401e-5
onon,2013,1.8879575499516124,174.3715765341274,66.37,98.7,6.41,0.06464649773542928,18.268540161298723,34.80032753848619,2.064398707422686,2.7952959176652634e-4
onon,2014,1.8879575499516124,174.3715765341274,36.32,45.15,1.72,0.11590503155157146,0.7919261763464777,3.2900913056400007,0.02045234558528008,1.7829770327871446e-4
onon,2015,1.8879575499516124,174.3715765341274,43.37,54.74,3.61,0.04951056361494,0.5536872384477636,1.775992251217271,0.06508692273968811,2.1730534112766592e-5
onon,2016,1.8879575499516124,174.3715765341274,51.81,65.49,4.11,0.06196894708079403,2.509206009699578,7.239621189412668,0.2945500787851373,7.361593672638177e-5
onon,2017,1.8879575499516124,174.3715765341274,55.06,66.84,4.85,0.061950912831836125,0.8504291186093683,2.471296813290715,0.2135476261100663,2.8943681927906362e-5
onon,2018,1.8879575499516124,174.3715765341274,67.95,83.45,7.36,0.08336179792239798,3.2277955026928034,8.088789035800277,1.673839546251814,1.0640599143821243e-4
onon,2019,1.8879575499516124,174.3715765341274,86.58,129.86,12.14,0.07288779169288953,131.67340336338356,187.59946781246794,42.1242311541674,0.002841249978521986
onon,2022,1.8879575499516124,174.3715765341274,46.59,65.11,2.4,0.09628054328437621,3.388443454854955,10.471334520335546,0.059581757342936824,1.3371172842584672e-4
onon,2012,1.5834543570475015,152.43599482401447,49.51,60.51,3.02,0.0925761527861587,1.3763598701301654,4.522483574282642,0.12753079973452924,1.4532497640724367e-4
onon,2013,1.5834543570475015,152.43599482401447,65.94,98.66,5.88,0.08024104429613393,19.331847351559436,37.10361915542642,1.8027535818598326,4.264433436101002e-4
onon,2014,1.5834543570475015,152.43599482401447,35.92,44.41,1.59,0.14149321373536264,0.7257409957819198,3.0184355268511465,0.018349861430332237,2.486833900565081e-4
onon,2015,1.5834543570475015,152.43599482401447,43.14,54.44,3.42,0.06047272659842553,0.5545708558931728,1.7889760892256588,0.060117207939905416,3.189528777001691e-5
onon,2016,1.5834543570475015,152.43599482401447,51.51,65.12,3.83,0.07644912880776636,2.5361591884495813,7.386393892544721,0.26401846607327734,1.1147813111052865e-4
onon,2017,1.5834543570475015,152.43599482401447,54.92,66.7,4.55,0.07624335263514652,0.8628803665642324,2.5151301947410936,0.1942538222254238,4.392524842967112e-5
onon,2018,1.5834543570475015,152.43599482401447,67.91,83.5,6.85,0.10310802921826406,3.3118350745217984,8.30237866117777,1.500461386363152,1.6373312378661564e-4
onon,2019,1.5834543570475015,152.43599482401447,86.06,130.06,10.85,0.09075005529379618,136.84849409632912,196.64349439684264,33.708011895757956,0.004198680531248249
onon,2022,1.5834543570475015,152.43599482401447,45.19,62.66,2.11,0.12292908732465253,3.0135995415074666,9.88767032616415,0.04487234242363388,1.9938262686834622e-4
onon,2012,1.5303404795882705,155.98293046498245,49.53,60.57,3.32,0.082051183904091,1.3727491289505447,4.534191331891945,0.1475878879430438,1.1475698437249457e-4
onon,2013,1.5303404795882705,155.98293046498245,66,98.88,6.45,0.0711970682190725,19.430872239811006,37.46321106286625,2.1234515404780545,3.498400170702447e-4
onon,2014,1.5303404795882705,155.98293046498245,35.97,44.54,1.78,0.12417239964218847,0.7334872080106399,3.071302460889704,0.021274728364970845,1.9304414990203094e-4
onon,2015,1.5303404795882705,155.98293046498245,43.16,54.5,3.75,0.05337869122151237,0.5529348739465226,1.7926005037423567,0.06929104908350023,2.4972898133830373e-5
onon,2016,1.5303404795882705,155.98293046498245,51.54,65.2,4.19,0.06783926965615857,2.5269860446799,7.396735614280653,0.3060261282775084,8.862975990622415e-5
onon,2017,1.5303404795882705,155.98293046498245,54.92,66.73,4.97,0.06789029480901579,0.859972567182084,2.5193236772704077,0.22449767167181892,3.517890027480806e-5
onon,2018,1.5303404795882705,155.98293046498245,67.91,83.54,7.46,0.09243755585035739,3.3180120420169765,8.357429094806765,1.746232805199139,1.3553673575834014e-4
onon,2019,1.5303404795882705,155.98293046498245,86.29,130.59,11.94,0.08064064068699453,140.68276393212363,202.39256474389967,41.14628723648967,0.0035619349917842442
onon,2022,1.5303404795882705,155.98293046498245,45.41,63.15,2.37,0.10776273113571283,3.079863997501817,10.090793481897698,0.05402483271214736,1.566784923323758e-4
onon,2012,1.7028661455573317,148.53066459707813,49.49,60.44,2.58,0.11532835837696996,1.3831130549459292,4.497466108095274,0.10114275538171039,2.2365711969364336e-4
onon,2013,1.7028661455573317,148.53066459707813,65.91,98.3,5.09,0.09972740622284221,19.030023460676798,36.20078815755534,1.3880420100564812,6.116538743590357e-4
onon,2014,1.7028661455573317,148.53066459707813,35.86,44.26,1.31,0.1798083869167017,0.7190906368838447,2.9538685045047495,0.014563763483105147,3.9718653697773404e-4
onon,2015,1.7028661455573317,148.53066459707813,43.13,54.37,2.95,0.07601473372229527,0.5575478433071868,1.7809564856533202,0.047862252292484093,5.005051368697363e-5
onon,2016,1.7028661455573317,148.53066459707813,51.5,65.01,3.3,0.095108067559934,2.5502173337320606,7.352497019077148,0.2087435931970323,1.698110367633362e-4
onon,2017,1.7028661455573317,148.53066459707813,54.92,66.64,3.95,0.09426783679115165,0.8665084928924575,2.5020069972857444,0.1541069085902374,6.594757620456603e-5
onon,2018,1.7028661455573317,148.53066459707813,67.92,83.4,5.97,0.1257806990952416,3.2897061115045694,8.17541796740259,1.1782728341419926,2.3061492666850037e-4
onon,2019,1.7028661455573317,148.53066459707813,85.67,129.04,9.32,0.11243538058610814,128.93729512310657,184.84591075825674,24.372275572515782,0.005650496491734232
onon,2022,1.7028661455573317,148.53066459707813,44.91,61.98,1.74,0.1560357943284138,2.9288962000622294,9.575619729301422,0.03376760405521227,3.1194934582500194e-4
onon,2012,1.6351063186970058,142.39507479437694,49.4,60.31,2.45,0.13030404239943785,1.385950205590966,4.503803186839742,0.09437939077547,2.841274981678086e-4
onon,2013,1.6351063186970058,142.39507479437694,65.74,98.21,4.81,0.11280912659121561,19.385904073980253,36.90190316806272,1.270376380907364,7.699982963963845e-4
onon,2014,1.6351063186970058,142.39507479437694,35.7,43.96,1.22,0.20328463448259315,0.6970520484339752,2.8509588407209683,0.013624361922422558,4.945140309894757e-4
onon,2015,1.6351063186970058,142.39507479437694,43.05,54.25,2.82,0.08571602429490367,0.5587813065591493,1.7848847124575844,0.04499146006430288,6.325613163487395e-5
onon,2016,1.6351063186970058,142.39507479437694,51.38,64.84,3.14,0.10744790555850378,2.5642927251600804,7.402704587934694,0.19377460640797975,2.161585664849272e-4
onon,2017,1.6351063186970058,142.39507479437694,54.87,66.59,3.77,0.10620839957075572,0.8723368580086166,2.5163203941934107,0.14393094459124314,8.3588842838319875e-05
onon,2018,1.6351063186970058,142.39507479437694,67.91,83.4,5.7,0.1415965145366883,3.316811683071683,8.229406526324201,1.092287540760529,2.8989733360756763e-4
onon,2019,1.6351063186970058,142.39507479437694,85.32,128.8,8.69,0.12727504827025007,127.98585777581675,184.11648540936528,20.984400013952044,0.0068571810026426365
onon,2022,1.6351063186970058,142.39507479437694,44.32,60.89,1.6,0.1795008589484364,2.7157202467541732,9.070128985719977,0.028841030092551,3.926347391698558e-4
onon,2012,1.79302753701299,138.71827436292904,49.4,60.23,2.01,0.1621976053958266,1.395084604055514,4.470187610334337,0.07169040130068753,4.363328331834141e-4
onon,2013,1.79302753701299,138.71827436292904,65.72,97.72,4.02,0.13973777552749572,18.930535086169762,35.57511640171204,0.929599829832765,0.0010666198451664728
onon,2014,1.79302753701299,138.71827436292904,35.66,43.84,0.94,0.26014830429748337,0.6939115556452012,2.7940474525454535,0.010348722519046748,8.060401374928283e-4
onon,2015,1.79302753701299,138.71827436292904,43.05,54.18,2.34,0.10803524592595333,0.5631521872888279,1.7750044207528026,0.03436024470716384,9.974833267483646e-5
onon,2016,1.79302753701299,138.71827436292904,51.37,64.71,2.61,0.13347262917487995,2.5810048493944544,7.3454329770231475,0.14659107621638146,3.269765844036555e-4
onon,2017,1.79302753701299,138.71827436292904,54.88,66.52,3.17,0.13079778215672463,0.8770029294638751,2.497603623501311,0.10952467803707806,1.23729890142719e-4
onon,2018,1.79302753701299,138.71827436292904,67.92,83.27,4.83,0.1711025681388986,3.2810499154402812,8.044655902844656,0.8192916984063009,3.915831153428685e-4
onon,2019,1.79302753701299,138.71827436292904,84.88,127.48,7.23,0.1568718691065983,118.04843493684747,169.07520230581093,14.219758556917514,0.008711852697162544
onon,2022,1.79302753701299,138.71827436292904,44.08,60.24,1.25,0.22851514768627157,2.61437191190716,8.64505419651714,0.02062351380538594,6.159610469460532e-4
onon,2012,1.764051819311549,162.80844318343688,49.63,60.67,3.05,0.08595082706592892,1.3774202742042085,4.505071554505193,0.1291082712469872,1.2581167387103575e-4
onon,2013,1.764051819311549,162.80844318343688,66.2,98.66,6.01,0.07426933815405914,18.69225473738898,35.67231935264485,1.8540825953465991,3.6294270778759003e-4
onon,2014,1.764051819311549,162.80844318343688,36.14,44.8,1.6,0.1326619018067076,0.7602284474059992,3.155378807381756,0.01861148465040785,2.2616005666678424e-4
onon,2015,1.764051819311549,162.80844318343688,43.27,54.6,3.42,0.05659235126343854,0.5545529532682565,1.780156421880939,0.06010507494415619,2.814279017275427e-5
onon,2016,1.764051819311549,162.80844318343688,51.67,65.3,3.87,0.0710121880253297,2.52158037197345,7.291906357188314,0.2679533506237311,9.61243182542144e-5
onon,2017,1.764051819311549,162.80844318343688,55,66.77,4.59,0.07084516020368131,0.8563403016057761,2.487885744283346,0.19575442454305403,3.7750268419469014e-5
onon,2018,1.764051819311549,162.80844318343688,67.93,83.45,6.95,0.09531071627317357,3.2581867994158826,8.154868069552238,1.5208032015390933,1.380064284304963e-4
onon,2019,1.764051819311549,162.80844318343688,86.29,129.76,11.23,0.08380553731933804,132.6590147249533,189.64180230654364,35.98388747692069,0.0035986530585238336
onon,2022,1.764051819311549,162.80844318343688,45.93,63.93,2.19,0.11235871472162301,3.231683790911087,10.242136418171828,0.05002634901623077,1.7492812733893188e-4
onon,2012,1.8454222425239262,143.45359910716851,49.47,60.34,2.12,0.14918735205556805,1.3933601848417225,4.4702250097556595,0.07659485068022089,3.7025751929868167e-4
onon,2013,1.8454222425239262,143.45359910716851,65.85,97.81,4.24,0.12849142879331618,18.670119334349984,35.084178848681915,1.0097706161859243,9.192363045422886e-4
onon,2014,1.8454222425239262,143.45359910716851,35.78,44.05,1.01,0.2390307083691423,0.7094952774191483,2.8668445123721926,0.011025181449692237,6.925905243682713e-4
onon,2015,1.8454222425239262,143.45359910716851,43.12,54.28,2.45,0.09951484012397864,0.5619209819683408,1.7722103138644183,0.03643112716646453,8.502682177887795e-5
onon,2016,1.8454222425239262,143.45359910716851,51.46,64.85,2.74,0.12287665799896033,2.5688852635697086,7.308881759177616,0.15706289829693768,2.7786912478289607e-4
onon,2017,1.8454222425239262,143.45359910716851,54.92,66.57,3.31,0.12072776326127388,0.8721496115933792,2.4873298008258042,0.11669706635693541,1.056583552067797e-4
onon,2018,1.8454222425239262,143.45359910716851,67.93,83.28,5.05,0.15822849966350253,3.2622800368965974,8.013840295670924,0.8788561707458413,3.387658346741721e-4
onon,2019,1.8454222425239262,143.45359910716851,85.21,127.77,7.72,0.14421691208778445,119.75623554735506,171.01473364723662,16.43351982360769,0.007821898450836992
onon,2022,1.8454222425239262,143.45359910716851,44.53,61.07,1.36,0.2071553337373238,2.792503527482521,9.091880520908905,0.023689567885878414,5.276011190715041e-4
onon,2012,1.9254170655591132,168.5243081572737,49.71,60.74,2.94,0.08766650810569376,1.3803298909118185,4.489178577406483,0.12191038136771896,1.3092001017161935e-4
onon,2013,1.9254170655591132,168.5243081572737,66.32,98.52,5.85,0.07557279503559006,18.226505509882127,34.58150181911997,1.7491266312240283,3.6645459505168436e-4
onon,2014,1.9254170655591132,168.5243081572737,36.25,44.98,1.53,0.13682838752832668,0.779669331996845,3.21841162749362,0.01760079435490563,2.4488567630797086e-4
onon,2015,1.9254170655591132,168.5243081572737,43.34,54.67,3.29,0.058121114516114174,0.5552040524472608,1.771830465929789,0.05638813985833498,2.9754144614165274e-5
onon,2016,1.9254170655591132,168.5243081572737,51.76,65.39,3.74,0.07242324920740581,2.51723737510656,7.228476796551897,0.25317814819025053,9.948890017846556e-5
onon,2017,1.9254170655591132,168.5243081572737,55.05,66.8,4.44,0.0721417296730339,0.8536333058990702,2.4685166749883,0.1843776618969261,3.884067261730424e-5
onon,2018,1.9254170655591132,168.5243081572737,67.95,83.4,6.75,0.09642987634639776,3.2236891934653693,8.040495082444526,1.4345506895230893,1.3818246840151035e-4
onon,2019,1.9254170655591132,168.5243081572737,86.35,129.36,11.01,0.08508723859631193,128.49110216261164,182.94309792804606,34.4285192146408,0.0036063562409239776
onon,2022,1.9254170655591132,168.5243081572737,46.29,64.49,2.13,0.11407928726797437,3.329880808862694,10.33068095748013,0.04920634594746658,1.8362885175077505e-4
onon,2012,1.7640243053990414,138.2948623053935,49.38,60.21,2.04,0.16439899545322112,1.3950678248392991,4.47525324826005,0.07332650650778748,4.48275092594812e-4
onon,2013,1.7640243053990414,138.2948623053935,65.7,97.78,4.07,0.1417123552101196,19.063358205889415,35.87747883552592,0.9512795805667549,0.0011084367208096942
onon,2014,1.7640243053990414,138.2948623053935,35.62,43.77,0.96,0.26288773871874666,0.6890692615441818,2.774073724546418,0.010611129581462864,8.161860740595088e-4
onon,2015,1.7640243053990414,138.2948623053935,43.03,54.17,2.38,0.10927248024284371,0.5630416733176278,1.7770244205133023,0.03513530514753056,1.0199697942229953e-4
onon,2016,1.7640243053990414,138.2948623053935,51.35,64.7,2.64,0.13526736055336885,2.5835120960172406,7.364766921462954,0.14983214344618373,3.3658800696186763e-4
onon,2017,1.7640243053990414,138.2948623053935,54.87,66.52,3.21,0.1326371468452196,0.8777522894185632,2.5028463521964026,0.1118889291492121,1.2759553514735803e-4
onon,2018,1.7640243053990414,138.2948623053935,67.91,83.28,4.88,0.17385932112997124,3.2883888618869417,8.071077926892073,0.8362975327172808,4.073925729770224e-4
onon,2019,1.7640243053990414,138.2948623053935,84.88,127.6,7.31,0.1591570916986953,119.10863633977615,170.73969687609895,14.544026131257667,0.00908497535202126
onon,2022,1.7640243053990414,138.2948623053935,43.95,60.02,1.26,0.23222137963582049,2.567944901382865,8.541467146484791,0.020803901770142557,6.301243161806764e-4
onon,2012,1.4780712955316142,137.6825318603531,49.3,60.2,2.57,0.12828596984545917,1.3831756408890485,4.5255931910204605,0.10158209418333315,2.7550368099815454e-4
onon,2013,1.4780712955316142,137.6825318603531,65.54,98.35,4.97,0.11155743641008646,20.068230675179674,38.52598623097697,1.3601946498103357,7.781175150364396e-4
onon,2014,1.4780712955316142,137.6825318603531,35.55,43.71,1.3,0.1972383690113148,0.6756579751351258,2.7726447989111325,0.01469041702628376,4.5581838137948786e-4
onon,2015,1.4780712955316142,137.6825318603531,42.94,54.15,2.98,0.08354266286299608,0.5579954145303783,1.7952063013249582,0.04882183760754213,5.9917178851133043e-5
onon,2016,1.4780712955316142,137.6825318603531,51.25,64.72,3.28,0.10579467662219037,2.572621495923181,7.495532189734799,0.20822165447976906,2.111534824553348e-4
onon,2017,1.4780712955316142,137.6825318603531,54.8,66.54,3.94,0.10479995420880436,0.8768237256945766,2.5443373597924155,0.15534164389864277,8.232364151381413e-5
onon,2018,1.4780712955316142,137.6825318603531,67.89,83.48,5.91,0.14098644189678974,3.371659663863572,8.401159415834062,1.1772209246210263,2.968267145610919e-4
onon,2019,1.4780712955316142,137.6825318603531,85.11,129.2,8.86,0.12620609435672644,131.76704356199303,190.89117586399013,21.616756231625967,0.006897712727270318
onon,2022,1.4780712955316142,137.6825318603531,43.81,60.05,1.66,0.17801200783673288,2.5175948268742534,8.660553471129406,0.028880488789412732,3.7001829643805483e-4
onon,2012,1.6398121864321145,121.70873967996856,49.07,59.74,1.53,0.23267504294951727,1.4108371517975624,4.479148907565838,0.051504097637685306,8.877686139143299e-4
onon,2013,1.6398121864321145,121.70873967996856,65.03,97.05,3.06,0.2005093864628312,20.072849306751372,37.54324897268392,0.6064443653664422,0.001962302976706111
onon,2014,1.6398121864321145,121.70873967996856,35.13,42.86,0.64,0.37987558112377146,0.6367134672964032,2.4992018705286494,0.007529938420704239,0.0016170435998260164
onon,2015,1.6398121864321145,121.70873967996856,42.73,53.71,1.87,0.1546088990727603,0.570781413270224,1.7878882225822328,0.025495646912234604,2.007350980178655e-4
onon,2016,1.6398121864321145,121.70873967996856,50.94,64.04,2.02,0.19090345743977044,2.6527352948810567,7.5332732327770975,0.10376271282481797,6.627460280987414e-4
onon,2017,1.6398121864321145,121.70873967996856,54.7,66.27,2.52,0.18435587734055936,0.9022617253432833,2.5440745730766827,0.07938229281020949,2.4293741320808386e-4
onon,2018,1.6398121864321145,121.70873967996856,67.87,83.19,3.82,0.2376793530201991,3.357998935602355,8.133943411792929,0.5705692115584111,7.020190133628231e-4
onon,2019,1.6398121864321145,121.70873967996856,82.9,125.32,5.11,0.2248348411428219,105.66456221385471,153.28782142224185,6.581952975284926,0.01251115163476997
onon,2022,1.6398121864321145,121.70873967996856,42.25,56.77,0.81,0.35128760055579106,1.8589112445051068,6.478557593513364,0.010767598113702181,0.0012060848945741132
onon,2012,1.7915904306235981,136.08094522889024,49.36,60.16,1.9,0.17650673054230037,1.3982453918346411,4.466998570278008,0.06700081858825888,5.150891411999658e-4
onon,2013,1.7915904306235981,136.08094522889024,65.65,97.59,3.82,0.15195679986177776,19.002558599575462,35.63105817701744,0.8554014582960152,0.001231096369269795
onon,2014,1.7915904306235981,136.08094522889024,35.58,43.68,0.88,0.2847372937457631,0.684357787236392,2.7408795895806253,0.009692245941178101,9.537785048788134e-4
onon,2015,1.7915904306235981,136.08094522889024,43.01,54.12,2.24,0.11775588443888663,0.5645075978076514,1.7749433902686802,0.032211784952076994,1.1812905157244249e-4
onon,2016,1.7915904306235981,136.08094522889024,51.32,64.62,2.48,0.1451721970960176,2.59169561290069,7.360450611520411,0.1366237290035257,3.8543536610645553e-4
onon,2017,1.7915904306235981,136.08094522889024,54.86,66.49,3.03,0.141889326734005,0.8805217450422298,2.500979593863187,0.10237041405865432,1.4498076662276506e-4
onon,2018,1.7915904306235981,136.08094522889024,67.91,83.24,4.61,0.1849008334943161,3.2828202809592426,8.026112364855749,0.7599512887783565,4.4924706274193573e-4
onon,2019,1.7915904306235981,136.08094522889024,84.65,127.13,6.83,0.17043636786846328,115.9580305696566,166.1506061669706,12.578658983730177,0.009732041323607851
onon,2022,1.7915904306235981,136.08094522889024,43.79,59.66,1.15,0.2518185833543596,2.4954052130016295,8.307482835115946,0.018346850250321116,7.268506315563338e-4
onon,2012,2.077619428595776,135.1358358145762,49.42,60.14,1.49,0.22599533314469392,1.411771519871898,4.415902588911084,0.04908444584863313,8.362724691247401e-4
onon,2013,2.077619428595776,135.1358358145762,65.76,96.95,3.11,0.19248630943650344,18.077269532035896,33.198766518354105,0.6015322110315852,0.0017114660995216349
onon,2014,2.077619428595776,135.1358358145762,35.63,43.67,0.61,0.3806746717131812,0.6936003117247387,2.719054273156064,0.007102826510534582,0.0017148130376159634
onon,2015,2.077619428595776,135.1358358145762,43.08,54.1,1.77,0.15398633270359427,0.5703228395619052,1.7566953245525716,0.02359864409178582,2.0076651790337742e-4
onon,2016,2.077619428595776,135.1358358145762,51.39,64.56,1.99,0.1853721790043841,2.608613960119392,7.2417414954357575,0.09972496979972593,6.12185158663041e-4
onon,2017,2.077619428595776,135.1358358145762,54.92,66.44,2.46,0.17912677533219593,0.883076975759174,2.4609643006186417,0.07488666767395319,2.2309818454892743e-4
onon,2018,2.077619428595776,135.1358358145762,67.93,83.04,3.81,0.22700541788693143,3.2080803483494638,7.711644967411057,0.5470552580669025,6.046115904193903e-4
onon,2019,2.077619428595776,135.1358358145762,84.33,125.4,5.6,0.2139341458591333,103.91471119440911,147.3095402401334,8.35955947010953,0.012265487285040323
onon,2022,2.077619428595776,135.1358358145762,43.81,59.38,0.84,0.33016533500717504,2.485507126393897,8.028101277824744,0.013079595083842564,0.0012382813291984159
onon,2012,1.7086802337653995,143.3776954659446,49.44,60.34,2.35,0.13249885313545828,1.3872403719531516,4.4903866754820285,0.08868055436340658,2.934481589018161e-4
onon,2013,1.7086802337653995,143.3776954659446,65.8,98.1,4.65,0.11452108611909065,19.11449035789542,36.234298781964696,1.1891994692266665,7.742438242975447e-4
onon,2014,1.7086802337653995,143.3776954659446,35.75,44.04,1.16,0.20842173272996348,0.7043115857509427,2.8728097684371434,0.012774969708684114,5.248763263441556e-4
onon,2015,1.7086802337653995,143.3776954659446,43.08,54.28,2.71,0.08755535570093662,0.5595216851201602,1.780118027325719,0.04224089582427762,6.599006780281078e-5
onon,2016,1.7086802337653995,143.3776954659446,51.42,64.87,3.02,0.10918701157103335,2.5636531991057026,7.365560920660829,0.1823014606778707,2.2195081777630026e-4
onon,2017,1.7086802337653995,143.3776954659446,54.89,66.59,3.63,0.1077779068515102,0.8714666166466405,2.505151273425147,0.1353459919882764,8.546642542226268e-5
onon,2018,1.7086802337653995,143.3776954659446,67.91,83.36,5.5,0.1429515751939976,3.294003769969738,8.148713618268665,1.0241550411036529,2.8943213982379285e-4
onon,2019,1.7086802337653995,143.3776954659446,85.32,128.5,8.42,0.12899569460679178,125.3268373542221,179.81322124604273,19.656340570454095,0.00681880363200782
onon,2022,1.7086802337653995,143.3776954659446,44.49,61.14,1.54,0.1824072335655132,2.7755874568317336,9.166905209104396,0.027574529285366644,4.0983518383281187e-4
onon,2012,1.6060251967700898,157.27669422311584,49.55,60.59,3.18,0.08392819803337748,1.3746097178243566,4.52329050176713,0.13806170031712908,1.199426387570942e-4
onon,2013,1.6060251967700898,157.27669422311584,66.06,98.78,6.21,0.0727296285816595,19.194517953917398,36.87151100513796,1.980636470124796,3.57423587649726e-4
onon,2014,1.6060251967700898,157.27669422311584,36.02,44.6,1.69,0.127962652149911,0.7405283463995358,3.0904617774332594,0.019883987045907534,2.065976055458365e-4
onon,2015,1.6060251967700898,157.27669422311584,43.19,54.52,3.59,0.05482624877026192,0.5537541960975799,1.7886125571208855,0.06473586386701224,2.6342254627262163e-5
onon,2016,1.6060251967700898,157.27669422311584,51.58,65.22,4.03,0.06934154211692134,2.526682114434739,7.362209525269731,0.28642089472402493,9.214196267444267e-5
onon,2017,1.6060251967700898,157.27669422311584,54.94,66.74,4.78,0.0693077707643965,0.8592740352789544,2.508886303849925,0.20989313316423514,3.644039552361368e-5
onon,2018,1.6060251967700898,157.27669422311584,67.92,83.51,7.19,0.093911671314479,3.300457582198746,8.290955002736698,1.631341158219684,1.3744992588215352e-4
onon,2019,1.6060251967700898,157.27669422311584,86.27,130.28,11.54,0.08222159759536507,138.09536422410872,198.12336251629299,38.399016746457704,0.003601131614591577
onon,2022,1.6060251967700898,157.27669422311584,45.54,63.33,2.27,0.11022262145884895,3.11844537221899,10.11546759372979,0.05112874889945528,1.6474463301754347e-4
eguur,2004,1.4643734277513383,136.7475246685627,57.96,66.93,0.68,0.4437766504547004,13.444989949783613,46.3647786896734,0.12257433321370392,0.018620546323034393
eguur,2005,1.4643734277513383,136.7475246685627,47.5,56.09,0.57,0.4483715642230633,4.012285456812293,13.754098981485791,0.04178711512722965,0.010825804781929885
eguur,2006,1.4643734277513383,136.7475246685627,54.15,65.77,0.77,0.39293269642292183,4.7960376892793875,17.10020380316615,0.04120805202693344,0.00502578707723145
eguur,2007,1.4643734277513383,136.7475246685627,55.96,67.51,0.87,0.36690726656372896,2.480712636798455,8.389334302684379,0.028790797737675893,0.0025113584359265557
eguur,2008,1.4643734277513383,136.7475246685627,69.56,89.85,2.09,0.25359904764790797,16.51466145716846,42.57241089912857,0.4419850779476133,0.002742393599439775
eguur,2016.5,1.4643734277513383,136.7475246685627,56.56,78.44,2.54,0.14492466766485973,84.65685817777364,221.00921247796737,1.9830544005882755,0.005302270208023958
eguur,2022,1.4643734277513383,136.7475246685627,84.72,121.02,2.63,0.2953676383621391,229.67676446332314,459.07790694521674,4.3691150653875575,0.023925415156479213
eguur,2004,1.6179869793016173,137.66090661658288,58.06,67.06,0.56,0.4984963011255829,13.522883709926637,45.94244679726357,0.10497491341193581,0.023982448759609518
eguur,2005,1.6179869793016173,137.66090661658288,47.57,56.16,0.45,0.5142296634375698,4.035693073994103,13.74536796007556,0.035532060317664656,0.014301555203784443
eguur,2006,1.6179869793016173,137.66090661658288,54.26,65.87,0.64,0.4449739539543051,4.86151747476765,17.08424692205238,0.035252235183722044,0.006461354634870325
eguur,2007,1.6179869793016173,137.66090661658288,56.06,67.59,0.73,0.41459291005385557,2.501659921151142,8.35438411223678,0.024584573099111388,0.0032044412865610584
eguur,2008,1.6179869793016173,137.66090661658288,69.66,89.77,1.86,0.28279134793410443,16.361026067297708,41.570629078930374,0.3745477989454745,0.0032720969988839542
eguur,2016.5,1.6179869793016173,137.66090661658288,56.68,78.38,2.27,0.16542613486828706,83.87099007294304,215.55784809554603,1.6625774645189697,0.006700374492675803
eguur,2022,1.6179869793016173,137.66090661658288,84.78,120.43,2.36,0.3264824356392004,221.567735801196,437.10172003988487,3.6553029971728983,0.02637294255705303
eguur,2004,1.6424835524330377,139.31640559849347,58.14,67.2,0.58,0.4861959556090208,13.366578903187325,45.245646084956,0.10754355492767624,0.023269337588334094
eguur,2005,1.6424835524330377,139.31640559849347,47.62,56.23,0.47,0.5025091747899408,4.029553478847263,13.757744725713572,0.03624214979827476,0.013676163731704749
eguur,2006,1.6424835524330377,139.31640559849347,54.34,66.01,0.66,0.43418850698869976,4.896496909243915,17.209102086013534,0.036286029181220474,0.006169586917078478
eguur,2007,1.6424835524330377,139.31640559849347,56.12,67.69,0.76,0.4048904343420813,2.503841214006286,8.37115156819498,0.02519499587360465,0.0030553441830479407
eguur,2008,1.6424835524330377,139.31640559849347,69.71,89.81,1.9,0.2768318606107526,16.28636136600507,41.401748523396364,0.38408409750799566,0.0031356502014666726
eguur,2016.5,1.6424835524330377,139.31640559849347,56.78,78.51,2.3,0.16189468865990866,84.20191857656931,216.01496413143772,1.7117601804827236,0.006454267650934863
eguur,2022,1.6424835524330377,139.31640559849347,84.88,120.48,2.43,0.31923206333404563,221.34658076714635,436.513729738541,3.809099164298514,0.025842862272388415
eguur,2004,1.8187189236504961,144.88355417408894,58.41,67.64,0.58,0.4870240801056834,13.03050752931174,43.36258850544772,0.10494591805770931,0.024763601256868776
eguur,2005,1.8187189236504961,144.88355417408894,47.81,56.49,0.45,0.5115591462397662,4.033343803286153,13.807984420647909,0.034930311811252744,0.01427757853280537
eguur,2006,1.8187189236504961,144.88355417408894,54.63,66.44,0.65,0.43748942463048746,5.024569173650283,17.500449003167986,0.03576983223940633,0.006308280818872445
eguur,2007,1.8187189236504961,144.88355417408894,56.36,68,0.74,0.4081528515955776,2.5236383668984645,8.39488915348717,0.024597669786412764,0.0031017971157194352
eguur,2008,1.8187189236504961,144.88355417408894,69.91,89.89,1.88,0.27854335482900816,16.00588563309278,40.38324899789741,0.3741483190256104,0.003100750846172621
eguur,2016.5,1.8187189236504961,144.88355417408894,57.12,78.82,2.26,0.16515135828949537,84.56212651851523,213.90076329379616,1.672327172979389,0.006698041738628703
eguur,2022,1.8187189236504961,144.88355417408894,85.14,120.25,2.45,0.31886657518421263,215.68915480134348,421.75504028277606,3.8312692980770513,0.025489459814309605
eguur,2004,2.5547315182617187,144.23144936517286,58.64,67.77,0.15,0.8041503594861568,13.853616290265926,43.50160564668565,0.055462820851796116,0.06274779692629265
eguur,2005,2.5547315182617187,144.23144936517286,48,56.59,0.04,0.9224559485198112,4.166797439158989,13.701081855301815,0.01808751920139312,0.04722274068783882
eguur,2006,2.5547315182617187,144.23144936517286,54.88,66.44,0.19,0.7480743264239778,5.23178443599903,17.008489088415907,0.018594098285939165,0.018716738357865408
eguur,2007,2.5547315182617187,144.23144936517286,56.62,68.04,0.26,0.6887600134981944,2.6110783048857544,8.156808258996493,0.012795913460770086,0.008852183790327518
eguur,2008,2.5547315182617187,144.23144936517286,70.23,89.4,1.09,0.44065615621897997,15.557991348108263,36.732466059222645,0.18789759132538317,0.006503092171002576
eguur,2016.5,2.5547315182617187,144.23144936517286,57.36,78.13,1.32,0.289276624514221,79.54998644733969,188.4684982045104,0.7904924151052525,0.017548062574158405
eguur,2022,2.5547315182617187,144.23144936517286,85.01,117.45,1.43,0.4864650593545439,183.15215423583516,338.0635708879869,1.7048304511052106,0.03571748770655804
eguur,2004,1.2116887312281508,145.5566592996332,58.23,67.53,1.32,0.2665040919805982,12.352365523446775,43.255000416555134,0.22831286922105104,0.007095198569683064
eguur,2005,1.2116887312281508,145.5566592996332,47.65,56.41,1.15,0.25917835400982336,3.922112211007694,13.897042207111047,0.07741388255555713,0.003630588878480951
eguur,2006,1.2116887312281508,145.5566592996332,54.41,66.43,1.43,0.2319699787854409,4.8427549842629825,17.937539926556788,0.07895940431645891,0.0017696651997536662
eguur,2007,1.2116887312281508,145.5566592996332,56.14,67.98,1.57,0.21892872363152358,2.4476144206648223,8.609847747063782,0.054280181630318905,8.990293184318939e-4
eguur,2008,1.2116887312281508,145.5566592996332,69.63,90.36,3.27,0.1580668233940696,16.44669384236332,44.05425563180265,0.8538201765694888,0.0012043318921171322
eguur,2016.5,1.2116887312281508,145.5566592996332,56.91,79.46,3.89,0.08557845018207638,89.05351757554035,238.73905845098557,4.0252187308631315,0.0020924529273900743
eguur,2022,1.2116887312281508,145.5566592996332,85.32,123.02,4.23,0.18616261883735744,252.88922684684542,519.7437263689743,9.860985312133426,0.013111376439893373
eguur,2004,1.990382542994223,141.6603745608249,58.36,67.46,0.38,0.6019192529402859,13.525474023286273,44.40330992582506,0.08114408151580424,0.03737235633482418
eguur,2005,1.990382542994223,141.6603745608249,47.78,56.4,0.27,0.6483883204287338,4.079827550727202,13.742552158670527,0.02693429713087335,0.02297103946883797
eguur,2006,1.990382542994223,141.6603745608249,54.58,66.22,0.44,0.5465017346703067,5.036567595259203,17.164694733825893,0.027341386499162804,0.009861953439693668
eguur,2007,1.990382542994223,141.6603745608249,56.34,67.86,0.53,0.5070040856047198,2.5466871327118645,8.292701745227399,0.01888453967193219,0.0047869095660531165
eguur,2008,1.990382542994223,141.6603745608249,69.93,89.65,1.52,0.33771114988955914,15.968152836896154,39.41663404328036,0.2835889517136444,0.004305504592856355
eguur,2016.5,1.990382542994223,141.6603745608249,57.04,78.41,1.84,0.20687601127431668,82.54405727854359,205.0477031464208,1.237690727710767,0.00989866033954574
eguur,2022,1.990382542994223,141.6603745608249,84.96,119.25,1.97,0.38274301008458844,205.00375042161411,393.73818688030076,2.7261648267682204,0.030553153551052512
eguur,2004,1.7037591545290127,135.84037632076223,58,66.91,0.44,0.5658513101643807,13.877319303018727,46.88327378159376,0.09023958289428759,0.030804347785658857
eguur,2005,1.7037591545290127,135.84037632076223,47.55,56.1,0.34,0.5907765435617921,4.064265648809397,13.717875505565306,0.03047502473320923,0.018858440315157765
eguur,2006,1.7037591545290127,135.84037632076223,54.2,65.72,0.51,0.507846418896217,4.860871875591021,16.873809748490668,0.030048974026474225,0.008424211453707487
eguur,2007,1.7037591545290127,135.84037632076223,56.03,67.49,0.6,0.4714014102216192,2.515203070505195,8.29908363747197,0.021032572370006112,0.0041446614029763355
eguur,2008,1.7037591545290127,135.84037632076223,69.67,89.62,1.64,0.3169512286945807,16.354110159536923,41.04635804335777,0.3180080265662657,0.00398518614641023
eguur,2016.5,1.7037591545290127,135.84037632076223,56.62,78.12,2.02,0.1888791237704075,82.77390432095642,210.65632416831218,1.393205422618689,0.00845592114325878
eguur,2022,1.7037591545290127,135.84037632076223,84.65,119.83,2.07,0.36392814771733567,215.079073528868,419.98543480182474,2.9824213301705105,0.029902367385819476
eguur,2004,1.9174558983733099,150.20999087660337,58.61,67.97,0.63,0.4633563223583551,12.715751189892327,42.002999198355354,0.10996672566650921,0.0219227049575481
eguur,2005,1.9174558983733099,150.20999087660337,47.95,56.69,0.48,0.48931568468354586,4.030562272769008,13.868852296237232,0.03635677704401175,0.013136249428627792
eguur,2006,1.9174558983733099,150.20999087660337,54.86,66.81,0.69,0.4164958472386649,5.126108082247012,17.823622626884486,0.03794002304551443,0.005743321492548228
eguur,2007,1.9174558983733099,150.20999087660337,56.54,68.26,0.79,0.3895707126320949,2.5346767239234933,8.439784181443159,0.025853275967695537,0.0028266575192808347
eguur,2008,1.9174558983733099,150.20999087660337,70.04,89.99,1.97,0.26688500039467333,15.827246677236246,39.90969494634521,0.39385004656352757,0.0028399004662670066
eguur,2016.5,1.9174558983733099,150.20999087660337,57.36,79.12,2.33,0.158633757306852,85.11846628405488,214.06128583815888,1.7683118861875187,0.006253720133875839
eguur,2022,1.9174558983733099,150.20999087660337,85.33,120.28,2.59,0.30482508412885295,213.66625860283588,417.12758683767765,4.1624204124153685,0.023943288769860512
eguur,2004,1.9090536313286441,145.6312038757925,58.47,67.71,0.53,0.5129472459081741,13.058199024959318,43.137473098220944,0.09798313531310689,0.02735379495871294
eguur,2005,1.9090536313286441,145.6312038757925,47.85,56.54,0.4,0.5441433342010881,4.046179629747047,13.807209870324,0.03251340729396235,0.016190166699588077
eguur,2006,1.9090536313286441,145.6312038757925,54.69,66.49,0.59,0.46254185614122345,5.059792963339199,17.491784750601436,0.03338544317545416,0.007058825569420193
eguur,2007,1.9090536313286441,145.6312038757925,56.42,68.05,0.68,0.4310874906367573,2.534518487593416,8.37760269252066,0.02294071133801869,0.0034586628188885754
eguur,2008,1.9090536313286441,145.6312038757925,69.96,89.85,1.79,0.29239146040568603,15.923503524393329,39.889649178237875,0.34771693351595084,0.003350104996181727
eguur,2016.5,1.9090536313286441,145.6312038757925,57.18,78.8,2.14,0.17533788849145593,84.08877549167052,211.06226952035453,1.544620326038076,0.007432748440007047
eguur,2022,1.9090536313286441,145.6312038757925,85.16,119.95,2.33,0.33337010463998146,211.62052959878352,411.17212115109953,3.5349168230676877,0.026561111671136978
eguur,2004,1.7049072211101706,152.96623819020587,58.62,68.07,0.88,0.36711073151797574,12.352110311476554,41.500215738455964,0.1470526342872622,0.01401805477805207
eguur,2005,1.7049072211101706,152.96623819020587,47.94,56.74,0.71,0.37752628145381983,3.9871212939593836,13.938039117542425,0.04878660522483167,0.007814542004957004
eguur,2006,1.7049072211101706,152.96623819020587,54.87,66.95,0.96,0.32636940531890846,5.100756301740742,18.144050476665228,0.05132979370157957,0.0035380569468105075
eguur,2007,1.7049072211101706,152.96623819020587,56.53,68.36,1.07,0.3067361149512647,2.5133134013191536,8.556684376570702,0.0348161325820444,0.0017583062802648097
eguur,2008,1.7049072211101706,152.96623819020587,69.98,90.21,2.44,0.2150042187455533,15.914959823893314,41.043657736393925,0.5366297702094478,0.001962847410592575
eguur,2016.5,1.7049072211101706,152.96623819020587,57.4,79.51,2.87,0.1235680344754702,87.3496889795574,223.93768963169322,2.4725566737035716,0.00405336217401497
eguur,2022,1.7049072211101706,152.96623819020587,85.48,121.31,3.22,0.24790804295516608,225.77080135224568,448.805452119802,6.011902665134609,0.0189927564908114
eguur,2004,1.8607137471195603,137.37842327318145,58.13,67.09,0.37,0.6134617767243353,13.866933188400093,46.13082064662457,0.08059798641477116,0.037231464758367444
eguur,2005,1.8607137471195603,137.37842327318145,47.64,56.2,0.27,0.6536881306845231,4.08414947003981,13.715532973417293,0.027051633152147564,0.023240256661470136
eguur,2006,1.8607137471195603,137.37842327318145,54.34,65.87,0.43,0.5547843805449362,4.934729114366511,16.909730353448506,0.026866272340478583,0.010082084106468768
eguur,2007,1.8607137471195603,137.37842327318145,56.15,67.6,0.52,0.5142440072807266,2.5345028347351715,8.27144896367515,0.018751515980115093,0.004929609377977845
eguur,2008,1.8607137471195603,137.37842327318145,69.78,89.57,1.5,0.3420942619583253,16.188012519454237,40.11609086098157,0.2819045140232095,0.00448099731117164
eguur,2016.5,1.8607137471195603,137.37842327318145,56.78,78.14,1.84,0.20798498369004714,82.25526814415282,206.17951977062845,1.2266763541009365,0.009998926757147262
eguur,2022,1.8607137471195603,137.37842327318145,84.74,119.34,1.91,0.38957077256217865,208.22649884459128,401.7905790383446,2.6280026775940275,0.03163347458107006
eguur,2004,1.514061989837998,141.36060455626043,58.18,67.32,0.77,0.4091649884602007,13.027047531252148,44.530378615950575,0.1331501729681434,0.016602802166588545
eguur,2005,1.514061989837998,141.36060455626043,47.64,56.3,0.63,0.41490111289835224,3.9944326162625052,13.801484021471824,0.044878814279366394,0.009310055814543706
eguur,2006,1.514061989837998,141.36060455626043,54.37,66.15,0.85,0.36257410604647783,4.883854505235428,17.43993728112729,0.04531167058570317,0.004314592676448437
eguur,2007,1.514061989837998,141.36060455626043,56.13,67.79,0.96,0.3393687028909783,2.4855086995281535,8.440624774361018,0.03130323436631614,0.0021495380053059613
eguur,2008,1.514061989837998,141.36060455626043,69.69,89.98,2.24,0.23612194804762968,16.32000312919206,42.16968324494267,0.48175181518203336,0.002380849232420927
eguur,2016.5,1.514061989837998,141.36060455626043,56.83,78.81,2.69,0.13480597408488684,85.60194582068112,222.63469026682216,2.182640217320349,0.004678924562601264
eguur,2022,1.514061989837998,141.36060455626043,85.02,121.27,2.87,0.2741843007738963,230.54593638760392,460.6949676125695,5.0179701046302,0.021415365034186847
eguur,2004,1.3705309475400727,137.4091538458524,57.96,66.97,0.81,0.3956642573509344,13.24008880686883,46.01051159805009,0.14149139245924586,0.014737616405297032
eguur,2005,1.3705309475400727,137.4091538458524,47.49,56.1,0.69,0.3946476161280788,3.9901297767744066,13.775231434875352,0.04837913332853588,0.008377604914238957
eguur,2006,1.3705309475400727,137.4091538458524,54.14,65.82,0.9,0.3485352433933266,4.775869891398438,17.219338958903002,0.047793130775617775,0.003953402971168228
eguur,2007,1.3705309475400727,137.4091538458524,55.94,67.55,1.01,0.326295511329293,2.468058988175684,8.435159737753176,0.03335283885819393,0.0019881224547630538
eguur,2008,1.3705309475400727,137.4091538458524,69.53,89.95,2.33,0.22810469024062943,16.57201145219028,43.196028085554836,0.5153398500281514,0.0023076938848928022
eguur,2016.5,1.3705309475400727,137.4091538458524,56.56,78.61,2.82,0.12819461664908,85.5724432653842,225.69650565542412,2.336780166592925,0.004268456847360863
eguur,2022,1.3705309475400727,137.4091538458524,84.8,121.58,2.94,0.26701170157303117,236.68828078484177,477.4684253548925,5.248117629635972,0.021297550255521453
eguur,2004,1.4547566770920675,141.91244016219093,58.18,67.34,0.85,0.380609694416742,12.911153639817439,44.34863318359429,0.14579709219861578,0.014340856059550192
eguur,2005,1.4547566770920675,141.91244016219093,47.63,56.31,0.71,0.38273313564823414,3.9804695301981186,13.81427344732557,0.04920348335230031,0.007915982845550375
eguur,2006,1.4547566770920675,141.91244016219093,54.37,66.18,0.93,0.33620500922067786,4.871258984385766,17.513193469226994,0.04975208249803735,0.0037124959138894915
eguur,2007,1.4547566770920675,141.91244016219093,56.13,67.81,1.05,0.31507278989132803,2.4779979101261422,8.47048751495381,0.03434446383281139,0.0018541741949382397
eguur,2008,1.4547566770920675,141.91244016219093,69.68,90.05,2.39,0.22072687318548986,16.357039990013103,42.55707750232229,0.5308921773462222,0.0021194114363467745
eguur,2016.5,1.4547566770920675,141.91244016219093,56.84,78.93,2.87,0.12469930319905874,86.31954059706707,225.8410096372225,2.425824245202344,0.004080939639440528
eguur,2022,1.4547566770920675,141.91244016219093,85.08,121.61,3.07,0.25711981179443216,234.76904637898824,471.7534545326839,5.627864013459745,0.019814493470574724
eguur,2004,1.219691796957013,136.79852115018272,57.87,66.87,0.99,0.34101041965323337,13.122099737554993,46.28500022783668,0.17238510382484745,0.010840023158465379
eguur,2005,1.219691796957013,136.79852115018272,47.42,56.04,0.87,0.33302779444032565,3.9650453146245437,13.786254574429519,0.05936402441604752,0.0059460556347711024
eguur,2006,1.219691796957013,136.79852115018272,54.04,65.76,1.1,0.2977054039298717,4.715981017589824,17.268052595451586,0.058373938105245333,0.0028786908260268677
eguur,2007,1.219691796957013,136.79852115018272,55.85,67.49,1.22,0.27957346969608143,2.4466883920721836,8.476737767652178,0.04077997289742485,0.0014616776262909186
eguur,2008,1.219691796957013,136.79852115018272,69.44,90.06,2.67,0.19828282760521337,16.731135986296188,44.295469217885646,0.6358720810596391,0.0019217203116857074
eguur,2016.5,1.219691796957013,136.79852115018272,56.45,78.69,3.24,0.1087155638875248,86.40021370427843,231.65162662613085,2.9137831089059874,0.003175955149503235
eguur,2022,1.219691796957013,136.79852115018272,84.81,122.31,3.36,0.23408945316881283,247.05216367743486,505.2312751949925,6.632634433873669,0.018067703032007967
eguur,2004,2.210256676627194,145.07403408984027,58.55,67.74,0.33,0.642265267686927,13.41663404116919,43.27440764015212,0.07378972062464609,0.04146499504274567
eguur,2005,2.210256676627194,145.07403408984027,47.92,56.56,0.21,0.7067920959178431,4.101607879238962,13.75582188887344,0.02428732287545757,0.02750068546695935
eguur,2006,2.210256676627194,145.07403408984027,54.79,66.48,0.38,0.5876206163611982,5.142144839804307,17.269450234510998,0.024953841689161992,0.011447585158893535
eguur,2007,2.210256676627194,145.07403408984027,56.51,68.05,0.46,0.5446620771493791,2.5699976509121774,8.272094127709256,0.017154814359552902,0.005521249831772689
eguur,2008,2.210256676627194,145.07403408984027,70.09,89.64,1.41,0.35945838216135534,15.747075012611676,38.361881607993354,0.25624493526333403,0.004696155832299273
eguur,2016.5,2.210256676627194,145.07403408984027,57.27,78.49,1.7,0.22492453675643423,81.97066707582987,200.2223474482862,1.1096731873274401,0.011421596186346982
eguur,2022,2.210256676627194,145.07403408984027,85.08,118.74,1.85,0.40387085174808,197.32324351991747,374.31439090201394,2.4658108980208477,0.03138107204485589
eguur,2004,1.5032271950681317,136.8318776870254,57.98,66.96,0.65,0.45943660442228207,13.481963761840444,46.316869665234044,0.11713771345465854,0.02003632865954946
eguur,2005,1.5032271950681317,136.8318776870254,47.51,56.1,0.53,0.46681751430709495,4.019619346462769,13.752714060433558,0.039856998179255254,0.011744770445111326
eguur,2006,1.5032271950681317,136.8318776870254,54.17,65.78,0.73,0.40781490324403685,4.809555199784771,17.07985866750416,0.03933328034078309,0.005416015093171959
eguur,2007,1.5032271950681317,136.8318776870254,55.98,67.53,0.83,0.3804944676388855,2.486157950908504,8.378185560768523,0.027481371655371113,0.002699903091351106
eguur,2008,1.5032271950681317,136.8318776870254,69.59,89.82,2.02,0.2620189844688587,16.481539338384117,42.3205255115064,0.42099346940614624,0.0028925330413644623
eguur,2016.5,1.5032271950681317,136.8318776870254,56.59,78.43,2.46,0.15065965365682793,84.50750415984346,219.70234224962866,1.8850539093949177,0.0056822338874794225
eguur,2022,1.5032271950681317,136.8318776870254,84.75,120.88,2.55,0.3043925364046642,227.83377245911947,453.75407818067197,4.1531561929132845,0.024494748398851303
eguur,2004,1.4983272813464337,139.69156235964746,58.11,67.19,0.73,0.4215324034786229,13.16066308775832,45.10237226365904,0.12894927408369117,0.017256663670693523
eguur,2005,1.4983272813464337,139.69156235964746,47.59,56.23,0.61,0.4273211287549968,4.000605312015528,13.784006093307259,0.04364424920248261,0.009864097137522215
eguur,2006,1.4983272813464337,139.69156235964746,54.3,66.02,0.82,0.3735935965553888,4.8543587329310895,17.32380718834657,0.0437052335531565,0.004566094236908055
eguur,2007,1.4983272813464337,139.69156235964746,56.07,67.69,0.92,0.3494391868457035,2.484019603802618,8.422394437823895,0.030313995892497475,0.0022784250233442564
eguur,2008,1.4983272813464337,139.69156235964746,69.65,89.93,2.18,0.2425303847540155,16.384561738042585,42.29122190183128,0.4660241097166839,0.002507594851742396
eguur,2016.5,1.4983272813464337,139.69156235964746,56.74,78.7,2.63,0.13854013554664524,85.36602920707129,222.24947457080816,2.10691763596884,0.004907586273011357
eguur,2022,1.4983272813464337,139.69156235964746,84.94,121.2,2.78,0.28180487272523436,230.4555029035509,460.44135349991757,4.7795149715222225,0.02214533003367945
eguur,2004,2.270196195982727,143.21612092773285,58.51,67.63,0.26,0.6981155213210679,13.669198711508754,43.87037505601291,0.06677647208108214,0.04905787581901175
eguur,2005,2.270196195982727,143.21612092773285,47.9,56.51,0.15,0.7760652953191367,4.121754145279348,13.723476628574822,0.0219516351383869,0.03316242720009551
eguur,2006,2.270196195982727,143.21612092773285,54.74,66.35,0.31,0.6416303256859855,5.13753650381925,17.101446894752215,0.022448873604848905,0.013675804769928007
eguur,2007,2.270196195982727,143.21612092773285,56.49,67.97,0.39,0.5930324215780439,2.5792739796602437,8.228473771890533,0.015469807171979868,0.006550992786813667
eguur,2008,2.270196195982727,143.21612092773285,70.09,89.53,1.29,0.3871856587544495,15.749866566423439,38.02181340828212,0.2298212838252229,0.005324730082301268
eguur,2016.5,2.270196195982727,143.21612092773285,57.22,78.29,1.56,0.24553762613327412,81.08599357080622,196.64370412953096,0.9852014806001772,0.013275919915709141
eguur,2022,2.270196195982727,143.21612092773285,85,118.35,1.69,0.43317717031603686,193.64266053159776,364.5757778612225,2.150437054860821,0.03330573786269666
eguur,2004,1.665747009341552,133.24904567973255,57.84,66.62,0.4,0.5934768339909521,14.280799786290217,48.59824439656589,0.08708450531339083,0.033875332562484727
eguur,2005,1.665747009341552,133.24904567973255,47.45,55.97,0.31,0.6165742980514434,4.077275406246402,13.6992594504443,0.029309059868772146,0.020463943831020095
eguur,2006,1.665747009341552,133.24904567973255,54.05,65.47,0.47,0.5312750062141537,4.8127828507352435,16.682911167942024,0.028653506871017156,0.009229959664585858
eguur,2007,1.665747009341552,133.24904567973255,55.91,67.32,0.56,0.4920954130003196,2.5143259069238795,8.274338681761122,0.02013483752080057,0.004526509552543486
eguur,2008,1.665747009341552,133.24904567973255,69.58,89.53,1.58,0.3292970841308685,16.470172421341683,41.28176082972651,0.30324787240775813,0.004298747592292807
eguur,2016.5,1.665747009341552,133.24904567973255,56.46,77.91,1.95,0.19634186739171056,82.39663308342489,210.1565745184515,1.324953688200896,0.009058954843455464
eguur,2022,1.665747009341552,133.24904567973255,84.48,119.7,1.97,0.37866412827205814,214.77709997982717,419.49225943243607,2.759440509375808,0.0309129780746616
eguur,2004,1.8658028777728204,132.04963835674496,57.85,66.55,0.24,0.7212486596601548,14.80088230479926,49.546659707054715,0.06841789150118162,0.0510143306463462
eguur,2005,1.8658028777728204,132.04963835674496,47.48,55.94,0.16,0.7719210627364748,4.12863263072296,13.664147650755343,0.022802726784510976,0.03227309373175352
eguur,2006,1.8658028777728204,132.04963835674496,54.09,65.39,0.3,0.6529411367236208,4.866153285133931,16.482407207428082,0.022228266488253268,0.0139973982444927
eguur,2007,1.8658028777728204,132.04963835674496,55.96,67.26,0.38,0.6016530572408096,2.5455431043890537,8.194723203312975,0.01565523393761587,0.0067807519473689175
eguur,2008,1.8658028777728204,132.04963835674496,69.66,89.32,1.27,0.39242266976667306,16.362962494026913,40.05230652366509,0.23256818920727118,0.005754561376938352
eguur,2016.5,1.8658028777728204,132.04963835674496,56.49,77.61,1.59,0.24278010941629757,80.83276211149862,201.5702470740537,0.9963627706482527,0.01314078876328676
eguur,2022,1.8658028777728204,132.04963835674496,84.38,118.64,1.59,0.4453407253609509,202.70836987738105,387.72687974734737,2.0050405363265296,0.03614059209126107
eguur,2004,2.213610735703455,133.39303337766842,58.05,66.79,0.09,0.875933904852548,15.043490250864842,48.73543092141088,0.05244427208211807,0.07725062338127757
eguur,2005,2.213610735703455,133.39303337766842,47.63,56.09,0.01,0.9808299128579553,4.185338374507763,13.638049209984127,0.017317996786463487,0.052770586139749186
eguur,2006,2.213610735703455,133.39303337766842,54.3,65.56,0.14,0.8076987791568014,4.994668560329245,16.38908069464753,0.016995067063592974,0.021631678101573758
eguur,2007,2.213610735703455,133.39303337766842,56.16,67.4,0.21,0.7398092134991376,2.589716998179583,8.105367703469437,0.0119427557162341,0.01027398292585931
eguur,2008,2.213610735703455,133.39303337766842,69.88,89.15,0.99,0.4682908035580227,16.0717176049634,38.11455396688771,0.17480056635731808,0.007552762431386475
eguur,2016.5,2.213610735703455,133.39303337766842,56.74,77.46,1.26,0.3045729451026326,79.13434446555804,190.68444141253386,0.7328686173180977,0.019424890747094116
eguur,2022,2.213610735703455,133.39303337766842,84.48,117.4,1.26,0.5207054385789198,188.178318108378,349.482056361806,1.4582987871166293,0.03930299530006589
eguur,2004,1.6461863330406576,130.01749472071435,57.66,66.28,0.33,0.6449599663547163,14.839004017309847,50.88778742578668,0.08028932841172856,0.04044134466051763
eguur,2005,1.6461863330406576,130.01749472071435,47.34,55.78,0.25,0.6719179041598184,4.107805994785617,13.682849109717358,0.02707437236344076,0.024343794014619204
eguur,2006,1.6461863330406576,130.01749472071435,53.88,65.16,0.4,0.5780679182419961,4.759827933548842,16.42733580729444,0.02595434722968843,0.010880826015606703
eguur,2007,1.6461863330406576,130.01749472071435,55.77,67.09,0.49,0.5341234833053897,2.5192663125296715,8.238674871321049,0.018402484405626644,0.005346543480094457
eguur,2008,1.6461863330406576,130.01749472071435,69.48,89.39,1.45,0.35408996926351494,16.626062738382405,41.466045691872765,0.27553844319720766,0.004935776735878142
eguur,2016.5,1.6461863330406576,130.01749472071435,56.25,77.57,1.82,0.21237252638798854,81.57181955207662,208.01397601159766,1.1930837783425334,0.010412709331446487
eguur,2022,1.6461863330406576,130.01749472071435,84.22,119.35,1.78,0.4070450195449917,211.9190696172685,412.90443839247985,2.3810995759690603,0.03401368595130252
eguur,2004,1.6731686280994595,146.14189276376118,58.41,67.68,0.74,0.418294664985055,12.781604059659127,43.03897741280066,0.1268115829616013,0.01835258796786029
eguur,2005,1.6731686280994595,146.14189276376118,47.8,56.51,0.59,0.43098214544896624,4.001959215022053,13.84244369257976,0.04235991543662648,0.010115639223238817
eguur,2006,1.6731686280994595,146.14189276376118,54.63,66.52,0.81,0.3727126822630581,4.997579645365697,17.687328635103423,0.04348644697008536,0.004573372231556304
eguur,2007,1.6731686280994595,146.14189276376118,56.34,68.05,0.92,0.34895230764866764,2.506120828712601,8.463218689804478,0.02986301478180746,0.002269830329302042
eguur,2008,1.6731686280994595,146.14189276376118,69.86,90.03,2.18,0.24188545104803377,16.078477742797656,41.200384850404724,0.45839390237249833,0.0024389094280504934
eguur,2016.5,1.6731686280994595,146.14189276376118,57.12,79.06,2.59,0.14014944894613998,85.88763670182936,220.31432652960152,2.0795850108313023,0.005030144704188017
eguur,2022,1.6731686280994595,146.14189276376118,85.22,120.96,2.83,0.2789992444520135,224.2540842599349,444.21049604274947,4.872212155235846,0.022076799056504115
eguur,2004,1.6625969528218183,146.0252812173196,58.4,67.67,0.74,0.41568433232645235,12.779831753090082,43.07160593527517,0.12789713088187712,0.018110443751911908
eguur,2005,1.6625969528218183,146.0252812173196,47.79,56.51,0.6,0.42773884835030995,4.000930129355779,13.845286382945751,0.04274317430138036,0.009961198271709552
eguur,2006,1.6625969528218183,146.0252812173196,54.62,66.51,0.82,0.3701519267621374,4.992948576309869,17.68623528638701,0.043860543438835296,0.004509731429997666
eguur,2007,1.6625969528218183,146.0252812173196,56.33,68.05,0.92,0.34671963804213113,2.505076082091318,8.466037949604157,0.03011998081376091,0.0022419969809832465
eguur,2008,1.6625969528218183,146.0252812173196,69.85,90.03,2.19,0.2404404746031422,16.086815062089507,41.25605798058358,0.4625237914453009,0.0024152694601026798
eguur,2016.5,1.6625969528218183,146.0252812173196,57.11,79.06,2.61,0.1390981830824336,85.9777833292638,220.74396068645837,2.1016347119631917,0.004964743933633058
eguur,2022,1.6625969528218183,146.0252812173196,85.22,121,2.85,0.2774312643971544,224.8290318532802,445.64076093592837,4.92291069133284,0.021950394580113095
eguur,2004,1.9678900988353463,141.1787700033666,58.33,67.42,0.39,0.5996990313691538,13.552436858968097,44.57910886037042,0.08171565734153687,0.03704068000768516
eguur,2005,1.9678900988353463,141.1787700033666,47.76,56.38,0.27,0.6446363461522732,4.078971885072983,13.741183712625288,0.027148823057461073,0.022692358029972767
eguur,2006,1.9678900988353463,141.1787700033666,54.55,66.18,0.45,0.5439301625291002,5.024321072507254,17.14699324825361,0.027500235018856206,0.009758674622054035
eguur,2007,1.9678900988353463,141.1787700033666,56.31,67.82,0.53,0.5048105121941163,2.543691579212001,8.289714708685382,0.01900833404964964,0.00474733508240278
eguur,2008,1.9678900988353463,141.1787700033666,69.91,89.64,1.53,0.3363204479791873,15.99025662139435,39.51487853955859,0.2856698540889092,0.004282970866428751
eguur,2016.5,1.9678900988353463,141.1787700033666,57.02,78.4,1.86,0.20568310838282883,82.65547455885627,205.6772930630812,1.2482288406931699,0.009806663323107399
eguur,2022,1.9678900988353463,141.1787700033666,84.94,119.29,1.97,0.3816362841202434,205.74840976290287,395.6556160160371,2.739989074156467,0.030547037844333727
eguur,2004,1.9357185490642768,137.43458244854554,58.16,67.12,0.32,0.6476152730079444,13.944235994987116,46.08707252888682,0.07509218776290116,0.04177559670696612
eguur,2005,1.9357185490642768,137.43458244854554,47.66,56.22,0.22,0.6969528969665264,4.097724381533041,13.706095814818076,0.025149930100836475,0.026465468558948314
eguur,2006,1.9357185490642768,137.43458244854554,54.38,65.88,0.38,0.588066175418314,4.959618706950273,16.870502423041554,0.025006153381789336,0.011346274809448742
eguur,2007,1.9357185490642768,137.43458244854554,56.18,67.62,0.46,0.5442323668554647,2.5440329353355007,8.247382434495215,0.017449189785318935,0.0055204357625731415
eguur,2008,1.9357185490642768,137.43458244854554,69.82,89.52,1.42,0.3595569503456667,16.12505939252741,39.66519838036712,0.26114934221630187,0.004856809019725281
eguur,2016.5,1.9357185490642768,137.43458244854554,56.81,78.07,1.74,0.22115518797403683,81.70264103017604,203.30699783102085,1.1290047489629744,0.011121960154586092
eguur,2022,1.9357185490642768,137.43458244854554,84.73,119.02,1.8,0.4077849951622622,204.40385694201657,391.9206819048024,2.405609024629836,0.032839272522083414
eguur,2004,1.3500061306664042,156.53582332974335,58.6,68.17,1.46,0.24366857643867035,11.877703928824305,41.036743430552974,0.24997157051625535,0.006367093039884326
eguur,2005,1.3500061306664042,156.53582332974335,47.92,56.8,1.24,0.24006963908065504,3.921931604467297,14.042977968391902,0.08344197553551863,0.0031551414232128564
eguur,2006,1.3500061306664042,156.53582332974335,54.85,67.14,1.56,0.21282518319060215,5.045717691750092,18.618443725324468,0.08856196996799294,0.0015131327735110319
eguur,2007,1.3500061306664042,156.53582332974335,56.48,68.48,1.7,0.20148715337738188,2.476203831083454,8.725457673966998,0.05975051065335699,7.647513986607994e-4
eguur,2008,1.3500061306664042,156.53582332974335,69.89,90.54,3.51,0.14605584164635,16.08799463191953,42.97514455568437,0.9393578630016747,0.0010002826862252146
eguur,2016.5,1.3500061306664042,156.53582332974335,57.41,80.06,4.1,0.07973129060592773,90.7334914742383,239.8986202513862,4.493336967150883,0.0018739260070036114
eguur,2022,1.3500061306664042,156.53582332974335,85.7,122.99,4.64,0.17072325034716365,247.48474923411914,505.68086947824054,11.51322506621374,0.011949824967086568
eguur,2004,1.891958767744277,148.60578978126318,58.56,67.88,0.61,0.4714549627269221,12.800973862249043,42.35675668544298,0.10797783199259713,0.02294162952773949
eguur,2005,1.891958767744277,148.60578978126318,47.91,56.63,0.47,0.4975237470043521,4.031569831170857,13.849377368225248,0.035784791824846666,0.013563009342275431
eguur,2006,1.891958767744277,148.60578978126318,54.8,66.7,0.68,0.423717968022493,5.0972063227360715,17.728204940061776,0.03711523647140601,0.0059291854848994114
eguur,2007,1.891958767744277,148.60578978126318,56.49,68.19,0.77,0.39610510716862657,2.532637117901362,8.429529139401945,0.025377323247321792,0.002921396517278623
eguur,2008,1.891958767744277,148.60578978126318,70,89.96,1.94,0.27097830595693945,15.877565343669975,40.03188598956371,0.38643029771191284,0.0029266066382423205
eguur,2016.5,1.891958767744277,148.60578978126318,57.3,79.04,2.3,0.16099426847650833,84.97423235803387,213.9471180373045,1.7332900541366223,0.006413790139596131
eguur,2022,1.891958767744277,148.60578978126318,85.28,120.27,2.54,0.3096199181977176,214.25288045921909,418.3172253978935,4.049604234586826,0.02446153868392652
eguur,2004,2.3143277971934255,137.4294479666468,58.3,67.22,0.13,0.8311867316459639,14.431911797262742,46.19733955246228,0.05447838680798363,0.06971556714907151
eguur,2005,2.3143277971934255,137.4294479666468,47.77,56.28,0.04,0.9389114396066772,4.169459529910131,13.655540934299914,0.018005765849898887,0.048599718760805974
eguur,2006,2.3143277971934255,137.4294479666468,54.53,65.93,0.17,0.7690267589867319,5.080195620827556,16.66208333260038,0.017959979864265316,0.01959761270602466
eguur,2007,2.3143277971934255,137.4294479666468,56.34,67.66,0.25,0.7065828490907816,2.592548903917564,8.129500711082336,0.012520886272189764,0.009327663273612476
eguur,2008,2.3143277971934255,137.4294479666468,70.01,89.27,1.05,0.4505658547608507,15.880112610024495,37.687586405540756,0.1840404930341393,0.006955247947308824
eguur,2016.5,2.3143277971934255,137.4294479666468,56.97,77.74,1.31,0.2930374116138104,79.344045608645,190.37552682441816,0.7726585834499317,0.018062989493177837
eguur,2022,2.3143277971934255,137.4294479666468,84.72,117.55,1.36,0.5002029083551861,187.7068421598527,348.4992576586505,1.5996346593683852,0.03757522354770735
eguur,2004,2.1589643363108277,147.23053067591889,58.6,67.86,0.4,0.5898893079878831,13.169105066706283,42.66643361292651,0.08165620955439384,0.034806748941371285
eguur,2005,2.1589643363108277,147.23053067591889,47.95,56.63,0.27,0.6430466080190577,4.082925711967239,13.793530315109017,0.026883245580520236,0.022760004644759125
eguur,2006,2.1589643363108277,147.23053067591889,54.85,66.62,0.45,0.5373474371025221,5.153880558250989,17.453462135933115,0.02779263703103489,0.009562842479304483
eguur,2007,2.1589643363108277,147.23053067591889,56.55,68.14,0.54,0.4994206374074557,2.562736504606441,8.319913977533059,0.0190493079355093,0.004639430542436262
eguur,2008,2.1589643363108277,147.23053067591889,70.1,89.74,1.55,0.33306195707572617,15.732343635812454,38.656198355389954,0.2859866468558018,0.004122208411219376
eguur,2016.5,2.1589643363108277,147.23053067591889,57.34,78.7,1.85,0.20575222737013585,82.82212391945353,203.57927210836112,1.2509234291615077,0.009796060810379165
eguur,2022,2.1589643363108277,147.23053067591889,85.18,119.13,2.03,0.3756036006125889,200.91119612254178,383.79375972153866,2.83467173347842,0.02936534636263652
eguur,2004,1.5752399106587063,136.67376735734598,58,66.96,0.57,0.4936970910731189,13.591772531897556,46.402625413478724,0.10692397477282993,0.02326778490566655
eguur,2005,1.5752399106587063,136.67376735734598,47.53,56.11,0.46,0.5064328683117769,4.034005477962057,13.740842438213512,0.036288689060263286,0.0138388525292925
eguur,2006,1.5752399106587063,136.67376735734598,54.19,65.78,0.65,0.4398735656683227,4.831168803100896,17.022834583973243,0.035824668965115686,0.0063065789036665845
eguur,2007,1.5752399106587063,136.67376735734598,56,67.53,0.75,0.40971770839782196,2.4965194602729692,8.353222500041808,0.025035452709046516,0.003129411885623344
eguur,2008,1.5752399106587063,136.67376735734598,69.62,89.76,1.89,0.27988738423203224,16.429738963077078,41.85597708341044,0.3819656432867822,0.003230005539602411
eguur,2016.5,1.5752399106587063,136.67376735734598,56.62,78.34,2.3,0.16297325961658135,83.94290553276922,216.59269979966157,1.6973645992347077,0.006526778231798126
eguur,2022,1.5752399106587063,136.67376735734598,84.72,120.51,2.38,0.3238795957897818,223.18057242042838,441.4634955010158,3.705663413713529,0.026009975412787302
eguur,2004,1.7796123729941724,150.08575486227474,58.57,67.94,0.74,0.4166814586829122,12.596433017629648,42.056243411488474,0.12585822140373443,0.01808379667653407
eguur,2005,1.7796123729941724,150.08575486227474,47.91,56.67,0.58,0.43332831199514465,4.007542136876541,13.886407284071325,0.041778903391895265,0.010280322427815042
eguur,2006,1.7796123729941724,150.08575486227474,54.81,66.78,0.81,0.3722855064695564,5.0832575342820405,17.898495415544133,0.04352718942505863,0.004583641474309436
eguur,2007,1.7796123729941724,150.08575486227474,56.49,68.25,0.91,0.3488888406654669,2.5206630241702865,8.491310273061744,0.029686953290883274,0.0022691647292828005
eguur,2008,1.7796123729941724,150.08575486227474,69.98,90.09,2.18,0.2417047231014991,15.925249318694352,40.642997873152154,0.4551665240065374,0.002407945828651764
eguur,2016.5,1.7796123729941724,150.08575486227474,57.31,79.24,2.57,0.14108316013808558,86.06806463142851,219.0356137060264,2.0658751434782645,0.0050994848784037365
eguur,2022,1.7796123729941724,150.08575486227474,85.36,120.81,2.86,0.2777221836352247,220.59064698603095,435.0203177205272,4.918225731635933,0.02172420318391433
eguur,2004,1.814973062444793,137.6333099176195,58.13,67.11,0.41,0.5878383698114197,13.776718371956207,46.001406676364255,0.08500725864134043,0.03410682991668386
eguur,2005,1.814973062444793,137.6333099176195,47.62,56.19,0.3,0.6224460365744323,4.072079700714894,13.710986770162856,0.028540620706989695,0.02103130468206737
eguur,2006,1.814973062444793,137.6333099176195,54.34,65.89,0.47,0.5302311820964867,4.925922111655133,16.966662556120156,0.02839901400154529,0.009201501974811148
eguur,2007,1.814973062444793,137.6333099176195,56.14,67.61,0.56,0.4920697674367221,2.5280178786501417,8.289536877044934,0.019803150620914724,0.0045114090705091975
eguur,2008,1.814973062444793,137.6333099176195,69.76,89.61,1.57,0.32915558259727506,16.210259847489475,40.37311739594277,0.29846884070828156,0.004203546657119489
eguur,2016.5,1.814973062444793,137.6333099176195,56.77,78.19,1.92,0.19864001286815514,82.53318627810854,207.90196113126834,1.3029689027295346,0.009228503416650139
eguur,2022,1.814973062444793,137.6333099176195,84.75,119.54,2,0.3758247415414463,210.56517406868187,408.1229285020397,2.810997713770433,0.030597716882687895
eguur,2004,1.299424310705651,141.83368204638063,58.12,67.3,1.05,0.32411150787032145,12.739391880970507,44.361683588507105,0.17963015663122708,0.01018883053111649
eguur,2005,1.299424310705651,141.83368204638063,47.59,56.28,0.9,0.3193471885326507,3.9523274802428014,13.834205722151122,0.06095197018969895,0.005495740447252748
eguur,2006,1.299424310705651,141.83368204638063,54.3,66.17,1.15,0.2839585756130869,4.822517109940711,17.62067805088163,0.06153427876244946,0.0026469626332833282
eguur,2007,1.299424310705651,141.83368204638063,56.06,67.79,1.27,0.26695104659387264,2.457594977019691,8.52356621842631,0.04247137924156706,0.001333801645620117
eguur,2008,1.299424310705651,141.83368204638063,69.6,90.18,2.77,0.18980040025305242,16.492634472827895,43.59488629001409,0.6625078580478244,0.0016589688057639337
eguur,2016.5,1.299424310705651,141.83368204638063,56.76,79.06,3.31,0.10468988242658013,87.23964035578922,231.88774039838387,3.0587097030059653,0.00298564005821481
eguur,2022,1.299424310705651,141.83368204638063,85.1,122.33,3.54,0.22284603334085082,244.66938916397513,498.3015412752268,7.218479698259354,0.016670695522111912
eguur,2004,1.451111677103664,159.63401810026602,58.71,68.32,1.39,0.2543487761657971,11.831064171348102,40.57621742428513,0.23538415761524814,0.006790821544011252
eguur,2005,1.451111677103664,159.63401810026602,48,56.9,1.17,0.2530300842056565,3.933708905780785,14.071542141746194,0.07813088731840527,0.0035188092745329813
eguur,2006,1.451111677103664,159.63401810026602,54.98,67.31,1.49,0.2228478299861504,5.115132035700345,18.74436540188157,0.08373478425727006,0.0016642438610351942
eguur,2007,1.451111677103664,159.63401810026602,56.58,68.6,1.62,0.21093986205687315,2.491337969649849,8.735439987801488,0.0562525722585594,8.383537649060949e-4
eguur,2008,1.451111677103664,159.63401810026602,69.98,90.56,3.38,0.15224524928842592,15.977506906456997,42.413506811633056,0.8825893121229738,0.0010705308459575918
eguur,2016.5,1.451111677103664,159.63401810026602,57.57,80.19,3.94,0.08393423132611012,91.13773745891497,238.85128105321718,4.2340497131891155,0.0020691478145349303
eguur,2022,1.451111677103664,159.63401810026602,85.77,122.71,4.5,0.1773504046291434,242.3870649533266,492.5170506750999,10.829797761768237,0.012580536201265941
eguur,2004,1.7669446307627987,158.53090784561456,58.78,68.34,0.96,0.3445623271012307,12.121368000590918,40.596027514001925,0.15809433485396066,0.011852960925433835
eguur,2005,1.7669446307627987,158.53090784561456,48.06,56.91,0.77,0.35498350416597796,3.9860587166069945,14.011029418659662,0.05213143432273031,0.006945154434625463
eguur,2006,1.7669446307627987,158.53090784561456,55.05,67.26,1.04,0.30637066957611947,5.186098256592595,18.45264064281541,0.055752769785637445,0.0031378285881319503
eguur,2007,1.7669446307627987,158.53090784561456,56.67,68.58,1.15,0.28842530081545215,2.524221370656306,8.61643545521795,0.03753601426122558,0.0015583700274152182
eguur,2008,1.7669446307627987,158.53090784561456,70.09,90.33,2.58,0.20301695236443065,15.78909157488765,40.77061600162402,0.5796947599464056,0.001759069452823712
eguur,2016.5,1.7669446307627987,158.53090784561456,57.61,79.8,3.01,0.11660271698292289,88.24967750994605,225.46132993784335,2.6929479406192645,0.0036808998116562006
eguur,2022,1.7669446307627987,158.53090784561456,85.65,121.42,3.44,0.23377174654153052,224.97413749959108,447.135000216604,6.6926791309284965,0.017548111674783828
eguur,2004,1.9901194486026237,145.03839596524014,58.48,67.69,0.46,0.5528619965532027,13.192698264501633,43.29994870829311,0.08930790411838324,0.031591968542459596
eguur,2005,1.9901194486026237,145.03839596524014,47.86,56.53,0.33,0.5926123317980548,4.062829807230805,13.785970991837162,0.029574084956590117,0.019231270912502024
eguur,2006,1.9901194486026237,145.03839596524014,54.7,66.46,0.52,0.5005907557808398,5.077446685499861,17.402862812423333,0.030338323368571955,0.008277877468456193
eguur,2007,1.9901194486026237,145.03839596524014,56.43,68.03,0.61,0.46567047645571424,2.544355333071814,8.342543660357622,0.02085975650160366,0.004035264911074159
eguur,2008,1.9901194486026237,145.03839596524014,69.99,89.77,1.66,0.3131514477122634,15.883924832086924,39.457578024001045,0.31469008042890584,0.0037568372592930274
eguur,2016.5,1.9901194486026237,145.03839596524014,57.19,78.68,1.99,0.19015175658443567,83.42756454136716,207.78044722559287,1.3873269751031145,0.008553659652866127
eguur,2022,1.9901194486026237,145.03839596524014,85.12,119.58,2.16,0.35563268959184613,207.33913962435554,400.0592450488179,3.1362020128983255,0.02827565501520266
eguur,2004,1.4803484907520568,153.15770120313627,58.56,68.03,1.15,0.2979852306452421,12.149852228153284,41.54209663259701,0.19263631256468464,0.009463473009320275
eguur,2005,1.4803484907520568,153.15770120313627,47.89,56.71,0.96,0.2985677341766491,3.948667337984951,13.967956030450313,0.0642666714828684,0.004872176787612468
eguur,2006,1.4803484907520568,153.15770120313627,54.79,66.95,1.25,0.2621915545645362,5.038819273438311,18.30960629077004,0.0675834438700075,0.0022851056846792147
eguur,2007,1.4803484907520568,153.15770120313627,56.45,68.35,1.37,0.24733210570282388,2.487225814207201,8.631515710227264,0.0458087427494043,0.0011471344933954041
eguur,2008,1.4803484907520568,153.15770120313627,69.89,90.37,2.94,0.17656823900808033,16.059717794813345,42.26022085811374,0.7140069112830432,0.001400699214998473
eguur,2016.5,1.4803484907520568,153.15770120313627,57.34,79.75,3.46,0.09844855388208563,89.1536685736168,233.03595882626513,3.3597842494679218,0.002718067218793041
eguur,2022,1.4803484907520568,153.15770120313627,85.56,122.26,3.88,0.2054387027406694,238.65944648512817,482.3149646047298,8.349945295410182,0.015132997834385263
eguur,2004,1.7842722589481645,147.36762162638914,58.48,67.78,0.67,0.4458220080515221,12.79456908718199,42.69404239682078,0.11640472729162636,0.020822102752898145
eguur,2005,1.7842722589481645,147.36762162638914,47.85,56.57,0.52,0.4650366164873581,4.017003417684909,13.84544014787185,0.03872331826213402,0.011813150146321607
eguur,2006,1.7842722589481645,147.36762162638914,54.71,66.61,0.74,0.39896332102235765,5.047471353545325,17.70379896028185,0.039949325290927415,0.005245872428067993
eguur,2007,1.7842722589481645,147.36762162638914,56.42,68.12,0.84,0.37327464160832335,2.5199239873934824,8.446397215850926,0.027382906592347208,0.0025956472076046565
eguur,2008,1.7842722589481645,147.36762162638914,69.93,89.99,2.05,0.25695885181415773,15.969563451934903,40.576427441492065,0.41846029447814137,0.002688675735526445
eguur,2016.5,1.7842722589481645,147.36762162638914,57.2,79.04,2.43,0.15087380475238413,85.33941096716048,216.83348332871157,1.8856547014613452,0.0057242648616326304
eguur,2022,1.7842722589481645,147.36762162638914,85.25,120.6,2.67,0.2949116760216414,218.99228450172026,430.49873200487474,4.415848314374087,0.02334846683467843
eguur,2004,1.6023982366126401,140.83540180421676,58.19,67.31,0.66,0.45023378587557494,13.169680209548421,44.6863386662356,0.11798264050866678,0.020213750078978906
eguur,2005,1.6023982366126401,140.83540180421676,47.65,56.29,0.54,0.46219022480639493,4.0133532476607146,13.783475767214844,0.03968484201832721,0.01156963903971209
eguur,2006,1.6023982366126401,140.83540180421676,54.39,66.12,0.74,0.4009776132611221,4.906379446429325,17.352134816693955,0.040016803478857804,0.005275979761047778
eguur,2007,1.6023982366126401,140.83540180421676,56.15,67.77,0.84,0.37458917386983026,2.4970032251674317,8.402431403031063,0.027669026517269206,0.002616569444155165
eguur,2008,1.6023982366126401,140.83540180421676,69.72,89.9,2.04,0.25809062346157396,16.268450135332035,41.62861827410687,0.42353995189238397,0.0027715225383724536
eguur,2016.5,1.6023982366126401,140.83540180421676,56.84,78.69,2.47,0.14951719361348068,84.93291128011086,218.90539176867242,1.9038007189177626,0.005617317675482155
eguur,2022,1.6023982366126401,140.83540180421676,84.98,120.83,2.62,0.29837595496096736,225.05595925738186,446.12547270762263,4.3145929807231855,0.023887160344106585
eguur,2004,3.1330657875899215,144.30203052536308,59.25,68.64,0,0.9999978583244048,9.396131548579357,33.19117970815992,1.265741584250478e-6,2.8275495938246017e-6
eguur,2005,3.1330657875899215,144.30203052536308,49.26,58.48,0,0.9999997738431907,3.609910700355678,13.378022988605272,1.1965964469449787e-9,3.849419543329253e-9
eguur,2006,3.1330657875899215,144.30203052536308,55.16,66.62,0,0.9999975666039908,3.460867237391921,12.425648541831904,2.561546304288813e-10,6.698466110010683e-10
eguur,2007,3.1330657875899215,144.30203052536308,56.82,68.09,0.05,0.9213929950683282,2.673982444773846,7.987934692548198,0.008790478076569594,0.015958200575947476
eguur,2008,3.1330657875899215,144.30203052536308,70.48,89.09,0.74,0.5633883593331828,15.257405836721468,34.38896783176564,0.12632738326956142,0.00943114297404236
eguur,2016.5,3.1330657875899215,144.30203052536308,57.56,77.68,0.91,0.39718202721351953,76.08568371966226,172.0002313985255,0.5096878290755322,0.029933976708662786
eguur,2022,3.1330657875899215,144.30203052536308,84.97,115.65,1,0.6048429524364819,164.52104917356675,291.36803851418546,1.0634498305757172,0.038872738942094594
eguur,2004,1.2907165047917715,145.48598629297885,58.25,67.54,1.19,0.29207647997553965,12.449386716821154,43.293478068078336,0.20233016075549806,0.008604468791570377
eguur,2005,1.2907165047917715,145.48598629297885,47.68,56.42,1.02,0.2870524730439617,3.9361610466547408,13.884394765929095,0.06841239596003139,0.0044572300124712675
eguur,2006,1.2907165047917715,145.48598629297885,54.45,66.43,1.29,0.2554679452501345,4.86790570981339,17.88378102028605,0.06982222997267158,0.002146475606344438
eguur,2007,1.2907165047917715,145.48598629297885,56.17,67.98,1.42,0.24069121275133284,2.4577677055910088,8.581538285139363,0.04800280183112344,0.001085131568885499
eguur,2008,1.2907165047917715,145.48598629297885,69.67,90.29,3.02,0.17249060129578556,16.37888645054241,43.521452888891005,0.7514203080224302,0.0013811280971145166
eguur,2016.5,1.2907165047917715,145.48598629297885,56.93,79.37,3.59,0.09455144911356049,88.39420608270402,235.15572126453935,3.5144459486594846,0.0025014190516816893
eguur,2022,1.2907165047917715,145.48598629297885,85.29,122.63,3.9,0.20244806121536224,247.31345708178162,505.01414763692554,8.53138852881231,0.014628517067692673
eguur,2004,1.6098051943690233,143.67437716868392,58.3,67.5,0.73,0.4208619033334859,12.921057189590245,43.76229008935839,0.12712782940391995,0.018202115687469184
eguur,2005,1.6098051943690233,143.67437716868392,47.72,56.41,0.59,0.4310683089520825,4.000623080765359,13.817838084231404,0.042616367371395014,0.010085869498745167
eguur,2006,1.6098051943690233,143.67437716868392,54.5,66.33,0.81,0.37437801186381836,4.945647806862747,17.54946330051058,0.04341528720450358,0.004612359436357022
eguur,2007,1.6098051943690233,143.67437716868392,56.25,67.92,0.92,0.3502789932819475,2.4982844420654837,8.447087545408573,0.029893621113612903,0.0022888041651724323
eguur,2008,1.6098051943690233,143.67437716868392,69.79,89.99,2.17,0.2428301209283448,16.185228907400543,41.57538990032576,0.45890715735913784,0.0024755937836794684
eguur,2016.5,1.6098051943690233,143.67437716868392,56.97,78.91,2.6,0.14004108565122783,85.54737134075,220.57558869752796,2.076055702326847,0.005011314512587118
eguur,2022,1.6098051943690233,143.67437716868392,85.12,121.03,2.8,0.2807297458439682,226.31638031015316,449.56092316696174,4.814274698428151,0.022281523649341328
eguur,2004,2.081263402417411,146.17410849599065,58.55,67.79,0.42,0.5736348474669539,13.177624929075945,42.94388547942462,0.0848485756174674,0.0334654211339972
eguur,2005,2.081263402417411,146.17410849599065,47.91,56.59,0.3,0.6206876767449213,4.074512393039195,13.794208659611632,0.028020813176833383,0.021155672022634762
eguur,2006,2.081263402417411,146.17410849599065,54.78,66.55,0.48,0.5212427175945841,5.1182461833150414,17.426929757399208,0.02885220138110111,0.008986033278554385
eguur,2007,2.081263402417411,146.17410849599065,56.5,68.09,0.57,0.48467509900874306,2.554420192052029,8.329416147001055,0.019807928181345146,0.004371177230777594
eguur,2008,2.081263402417411,146.17410849599065,70.05,89.76,1.59,0.32432536945843216,15.803220879105469,39.01849137588785,0.2980892895280908,0.003961523477198798
eguur,2016.5,2.081263402417411,146.17410849599065,57.27,78.69,1.91,0.19883723700762942,83.0576727417486,205.36196106729201,1.3077452116706825,0.009235740500884812
eguur,2022,2.081263402417411,146.17410849599065,85.14,119.33,2.08,0.36699319760686483,203.718597775804,390.9168881690789,2.957512628161652,0.028924822644609063
eguur,2004,1.8782223020688966,158.44698759587482,58.81,68.36,0.85,0.37721974963094485,12.207896408685698,40.55606312263692,0.1406930427863867,0.013948663762428154
eguur,2005,1.8782223020688966,158.44698759587482,48.08,56.93,0.67,0.3932898698371942,4.0042300607364885,13.99494144239831,0.04628896491658757,0.008538303464236537
eguur,2006,1.8782223020688966,158.44698759587482,55.09,67.27,0.92,0.33685666347656806,5.218552355108642,18.386605920630338,0.04953925250263689,0.003791624759126138
eguur,2007,1.8782223020688966,158.44698759587482,56.7,68.58,1.03,0.316725541646883,2.5357499306963196,8.578461476000452,0.0333398114584228,0.0018764519037391934
eguur,2008,1.8782223020688966,158.44698759587482,70.13,90.24,2.38,0.22114747678515512,15.711650872705876,40.19878334784413,0.5117857373075588,0.002033509664072098
eguur,2016.5,1.8782223020688966,158.44698759587482,57.64,79.69,2.77,0.128766921152139,87.4195245056487,221.3775154599975,2.356756311945751,0.0043758904244077385
eguur,2022,1.8782223020688966,158.44698759587482,85.61,121,3.17,0.2535828171664947,219.30067010048816,432.6470588883145,5.79298373058193,0.019249414531163522
eguur,2004,1.545215259519818,136.64523034215597,57.99,66.95,0.6,0.4806847787942646,13.557550916706926,46.415020720818326,0.11065552574583211,0.021982992967229227
eguur,2005,1.545215259519818,136.64523034215597,47.52,56.1,0.49,0.49114380697996624,4.028818040636999,13.746137881795,0.03761084742380079,0.013010264328709031
eguur,2006,1.545215259519818,136.64523034215597,54.18,65.77,0.68,0.4275088022544534,4.821928132661825,17.043881373715475,0.03711433147615027,0.0059534173330814
eguur,2007,1.545215259519818,136.64523034215597,55.99,67.52,0.78,0.3985599704155941,2.4917112573710445,8.359259012107339,0.025928890520569937,0.0029621238520800472
eguur,2008,1.545215259519818,136.64523034215597,69.6,89.78,1.94,0.2730542841571856,16.45174261106084,42.041917311215514,0.3962904597323149,0.0030999180437761816
eguur,2016.5,1.545215259519818,136.64523034215597,56.6,78.36,2.36,0.15823886145171911,84.10714091868424,217.71502245882357,1.7647289857559898,0.006195561515537009
eguur,2022,1.545215259519818,136.64523034215597,84.73,120.65,2.44,0.3164958934474766,225.05722868000936,446.40185696118397,3.8680256634297834,0.025424658503086475
eguur,2004,1.7280668431502726,146.5553511649924,58.44,67.72,0.7,0.43395295160167835,12.80194885494612,42.913555191492044,0.12079248094048937,0.019765734095873417
eguur,2005,1.7280668431502726,146.5553511649924,47.82,56.54,0.55,0.44994286183675275,4.010375944184266,13.842218683031989,0.040274276170551654,0.01103857876199179
eguur,2006,1.7280668431502726,146.5553511649924,54.66,66.55,0.77,0.3876446868499342,5.020010228165195,17.68308491127713,0.04142358198696026,0.004950520997485993
eguur,2007,1.7280668431502726,146.5553511649924,56.37,68.07,0.87,0.3627376612155703,2.5121680409329024,8.44803669444655,0.028420157928270927,0.0024521149768212042
eguur,2008,1.7280668431502726,146.5553511649924,69.89,90.01,2.1,0.25046678092437613,16.031950376036622,40.90033073543532,0.4353074824910306,0.0025832287531018816
eguur,2016.5,1.7280668431502726,146.5553511649924,57.15,79.02,2.5,0.14613463195534343,85.49733053778108,218.27054391479027,1.9654650071752204,0.00541067235421706
eguur,2022,1.7280668431502726,146.5553511649924,85.24,120.78,2.74,0.2881465161769531,221.64889763606826,437.3185511595259,4.604375331750895,0.022848287099916507
eguur,2004,1.5110941218405918,140.3777423378766,58.14,67.24,0.74,0.41887791501177646,13.111138774689568,44.859348083687735,0.12967830025628474,0.017190905990053382
eguur,2005,1.5110941218405918,140.3777423378766,47.61,56.25,0.61,0.4249757610093411,3.9982161051386598,13.783421132502992,0.0437920840362546,0.0097596886346621
eguur,2006,1.5110941218405918,140.3777423378766,54.33,66.07,0.82,0.3712930636945303,4.868637228633521,17.367596982901897,0.04402286848297545,0.004516449110726662
eguur,2007,1.5110941218405918,140.3777423378766,56.1,67.74,0.93,0.34735637242538403,2.486036726260334,8.43081413762457,0.03048480671971974,0.002251432074809862
eguur,2008,1.5110941218405918,140.3777423378766,69.67,89.95,2.19,0.24119711639540373,16.356939919822917,42.21468847330155,0.4687527521415636,0.002477452671193808
eguur,2016.5,1.5110941218405918,140.3777423378766,56.78,78.74,2.64,0.13786723255480116,85.43993551189796,222.19509489363094,2.1201656814814407,0.0048669255187961434
eguur,2022,1.5110941218405918,140.3777423378766,84.98,121.2,2.8,0.28013010043015674,230.15355501187267,459.6498043616761,4.829832703782973,0.021972125851158347
eguur,2004,1.371120002342519,140.19047473003624,58.08,67.2,0.9,0.36598606683221513,12.962415933267067,44.90961578770912,0.15448226714684354,0.012887389965860847
eguur,2005,1.371120002342519,140.19047473003624,47.56,56.22,0.76,0.3645873715558791,3.973882250140358,13.804432229033116,0.052454000268592954,0.007166391822277033
eguur,2006,1.371120002342519,140.19047473003624,54.26,66.05,0.99,0.3220107394026468,4.8214841249988885,17.448652158830193,0.05260439373307186,0.0033935944205893617
eguur,2007,1.371120002342519,140.19047473003624,56.04,67.71,1.11,0.30205459013480207,2.4674338608048703,8.475956234465082,0.03643574722376982,0.0017048974940797686
eguur,2008,1.371120002342519,140.19047473003624,69.6,90.06,2.49,0.2125395066930516,16.477101999764308,43.12953847702042,0.5647680588848334,0.0020108787484535698
eguur,2016.5,1.371120002342519,140.19047473003624,56.71,78.85,2.99,0.1188669536184995,86.33367616001024,227.76899250264952,2.582270685636685,0.00373982806052363
eguur,2022,1.371120002342519,140.19047473003624,84.99,121.85,3.17,0.2486839901107414,238.9397331995861,483.0548946851688,5.961861269121829,0.01919990765464232
eguur,2004,1.236127298731026,138.263015936463,57.95,67.01,1.02,0.33289046463248745,12.985421809903613,45.63926103986954,0.17627570700266637,0.010381303240766719
eguur,2005,1.236127298731026,138.263015936463,47.47,56.11,0.89,0.3258593036519608,3.9591037357732555,13.798318356859754,0.06046764602280064,0.005702771154202237
eguur,2006,1.236127298731026,138.263015936463,54.12,65.89,1.12,0.29072881938507755,4.748140437975004,17.3930881515321,0.05994082994239237,0.0027507686658701453
eguur,2007,1.236127298731026,138.263015936463,55.91,67.58,1.25,0.27332392570861425,2.4485280216895347,8.491453959972336,0.04171297779924691,0.0013973788599402407
eguur,2008,1.236127298731026,138.263015936463,69.48,90.1,2.72,0.19418144757027903,16.66589057063722,44.136791397994415,0.6507234845170967,0.0018124052628189892
eguur,2016.5,1.236127298731026,138.263015936463,56.54,78.81,3.28,0.10652359833869829,86.72011657880209,232.06740615046147,2.9912938783615965,0.003067210135667772
eguur,2022,1.236127298731026,138.263015936463,84.89,122.34,3.44,0.22893334960606113,246.65348426729503,504.1800568007415,6.8806855424323174,0.017472888765973617
eguur,2004,2.0374098224255466,136.79170986945675,58.17,67.09,0.25,0.7086636958218016,14.173814868436114,46.459176615767355,0.06718168597856322,0.05030416787412796
eguur,2005,2.0374098224255466,136.79170986945675,47.67,56.21,0.15,0.7732841652528265,4.121839912077858,13.6863627874909,0.02241404260094678,0.03266288788681271
eguur,2006,2.0374098224255466,136.79170986945675,54.39,65.84,0.3,0.6470705050744575,4.984806633246663,16.767254117771827,0.022256082991557784,0.01377461279788274
eguur,2007,2.0374098224255466,136.79170986945675,56.21,67.6,0.38,0.5971192021524148,2.5589321324025827,8.208981594974874,0.015541053475780544,0.006648592927668748
eguur,2008,2.0374098224255466,136.79170986945675,69.86,89.42,1.28,0.38987062271652084,16.077930822659834,39.10832548856778,0.23119221499908368,0.005550063452387668
eguur,2016.5,2.0374098224255466,136.79170986945675,56.83,77.92,1.58,0.24400908890754885,80.94075500803301,199.29380550257662,0.9900334044977416,0.0131967360013175
eguur,2022,2.0374098224255466,136.79170986945675,84.68,118.51,1.63,0.4394030516759717,198.81832135159576,377.44447876252116,2.0745636070747886,0.034794931619992364
eguur,2004,1.6310973602189667,147.2257907377551,58.43,67.74,0.81,0.39260824509546827,12.657231769129282,42.762702969769535,0.13698643653111495,0.01622705443775665
eguur,2005,1.6310973602189667,147.2257907377551,47.81,56.54,0.66,0.40212009619341155,3.990748846245111,13.863329043145171,0.04577766123440197,0.008809212027708766
eguur,2006,1.6310973602189667,147.2257907377551,54.65,66.59,0.89,0.348794303528218,4.9995463737807,17.792655464356052,0.047148509045097924,0.004005771522225609
eguur,2007,1.6310973602189667,147.2257907377551,56.35,68.1,0.99,0.3272230947289125,2.5013704493784883,8.494027348603574,0.03231888451698031,0.001998085900268821
eguur,2008,1.6310973602189667,147.2257907377551,69.86,90.1,2.31,0.22813923921201545,16.08419635154919,41.44499921734866,0.4978520974872702,0.0022027934551422947
eguur,2016.5,1.6310973602189667,147.2257907377551,57.16,79.19,2.74,0.13106799153613688,86.58838551875772,223.03040758953358,2.277936260242939,0.004477982455058386
eguur,2022,1.6310973602189667,147.2257907377551,85.27,121.21,3,0.2636800576745858,227.10072506003993,451.80457996681963,5.383907917169496,0.020651989187184985
eguur,2004,1.492552227334637,155.31415713010853,58.62,68.14,1.2,0.2882010811265218,12.054031760601479,41.18262317134338,0.20046910866411982,0.008812442156964567
eguur,2005,1.492552227334637,155.31415713010853,47.93,56.79,1,0.2886973275063462,3.9470868804884023,14.004893486151712,0.06674500994438519,0.004565011727263986
eguur,2006,1.492552227334637,155.31415713010853,54.86,67.07,1.29,0.25344152936829767,5.0674543939149155,18.427191339744557,0.07061665597177982,0.0021404785591487186
eguur,2007,1.492552227334637,155.31415713010853,56.51,68.44,1.42,0.23926429245691372,2.4916728193045503,8.66321942834087,0.0477497185306865,0.0010747348144958516
eguur,2008,1.492552227334637,155.31415713010853,69.93,90.42,3.03,0.17120843348931009,16.014997693516335,42.19211233448524,0.7448932948504489,0.0013223211026059502
eguur,2016.5,1.492552227334637,155.31415713010853,57.42,79.87,3.55,0.09536651438658968,89.52320664712377,233.8154679712972,3.515819352425769,0.002574998915407766
eguur,2022,1.492552227334637,155.31415713010853,85.63,122.34,4.01,0.19909834067508062,238.80095997332447,482.7211239154743,8.830510664182494,0.014556296242900009
eguur,2004,1.399477243330312,156.4806286606451,58.61,68.17,1.38,0.25671799817085256,11.923025101092673,41.033905489796105,0.23315864198753858,0.007040351439937931
eguur,2005,1.399477243330312,156.4806286606451,47.93,56.81,1.16,0.25431549371784595,3.929802313641547,14.034193612163829,0.07773968523314366,0.0035421095666783356
eguur,2006,1.399477243330312,156.4806286606451,54.84,67.07,1.47,0.22487199758815596,5.035292289317353,18.474923922587973,0.0822743351258894,0.001688028431304408
eguur,2007,1.399477243330312,156.4806286606451,56.5,68.47,1.61,0.21258061428337172,2.4812941880577775,8.705493099121618,0.055667858921748636,8.504159662884977e-4
eguur,2008,1.399477243330312,156.4806286606451,69.9,90.51,3.35,0.15348320813832492,16.05369476436049,42.69053523822812,0.8730216200032991,0.0010911405159377673
eguur,2016.5,1.399477243330312,156.4806286606451,57.43,80.03,3.92,0.08433647411744691,90.53065698920543,238.35161375660334,4.167805570657647,0.002073757832545505
eguur,2022,1.399477243330312,156.4806286606451,85.68,122.76,4.44,0.17906586371958114,244.38277479249751,497.5668726813851,10.60402964832924,0.01271479060333307
eguur,2004,1.7425741448942382,136.21241584255776,58.03,66.96,0.42,0.5778720347493012,13.875268491385398,46.69396471868975,0.08760599400062813,0.03231516320298615
eguur,2005,1.7425741448942382,136.21241584255776,47.57,56.12,0.32,0.6065151182149916,4.069094901777333,13.714996795786028,0.02954660185739416,0.019913178840304392
eguur,2006,1.7425741448942382,136.21241584255776,54.24,65.75,0.49,0.5196773477689438,4.879411273072803,16.883436155952847,0.029182205715745424,0.008827402870865007
eguur,2007,1.7425741448942382,136.21241584255776,56.06,67.52,0.58,0.4821526691316762,2.519637198553178,8.290392183252187,0.02040907009942736,0.00433410144168465
eguur,2008,1.7425741448942382,136.21241584255776,69.7,89.61,1.61,0.3233267219970445,16.3141422275238,40.81433543056798,0.3081887775846201,0.00411060326663353
eguur,2016.5,1.7425741448942382,136.21241584255776,56.67,78.13,1.97,0.1936069991378749,82.7135959005582,209.67495440700662,1.349421962177093,0.008830592388812298
eguur,2022,1.7425741448942382,136.21241584255776,84.68,119.71,2.03,0.3705199726895875,213.38572948197495,415.4650778893257,2.885557447095342,0.030417039985324915
eguur,2004,2.0590384044280046,136.19669604464627,58.15,67.04,0.22,0.7314969451287618,14.305001198428528,46.825876639297434,0.06479609606699151,0.053555118185959906
eguur,2005,2.0590384044280046,136.19669604464627,47.66,56.18,0.13,0.8006767143796458,4.129896311380768,13.673751952714868,0.021574398629923806,0.03500909736056273
eguur,2006,2.0590384044280046,136.19669604464627,54.37,65.8,0.28,0.6687676625508228,4.983464686381718,16.706360951652098,0.021388348622742588,0.014729457086953432
eguur,2007,2.0590384044280046,136.19669604464627,56.19,67.55,0.36,0.6164819640838272,2.5619261776888687,8.189524178026192,0.014949047951637253,0.007093889774077539
eguur,2008,2.0590384044280046,136.19669604464627,69.86,89.38,1.24,0.40069601129173704,16.083319288555646,38.988054135779464,0.22197052990858337,0.005816768653933406
eguur,2016.5,2.0590384044280046,136.19669604464627,56.81,77.86,1.53,0.252079969172757,80.70373895910123,198.15027307406493,0.9477646594800976,0.013970855193592516
eguur,2022,2.0590384044280046,136.19669604464627,84.66,118.38,1.57,0.45080641498763235,197.69786712881162,374.2035199226927,1.9740374328923207,0.03555405730714555
eguur,2004,1.4277227061282016,145.1502801420817,58.29,67.55,0.98,0.3406812318379716,12.61035510287007,43.35117570195957,0.16581122306017568,0.011867234534624122
eguur,2005,1.4277227061282016,145.1502801420817,47.71,56.43,0.83,0.34068961375449786,3.9620319728409226,13.863355105615915,0.05584507648414069,0.006289537863878035
eguur,2006,1.4277227061282016,145.1502801420817,54.49,66.42,1.07,0.3000032698258319,4.906928165056589,17.76913108587471,0.05702556850834272,0.0029593410945901975
eguur,2007,1.4277227061282016,145.1502801420817,56.22,67.98,1.19,0.28196157392682897,2.4753786109322853,8.530659661725998,0.039209559529192,0.0014862740264799073
eguur,2008,1.4277227061282016,145.1502801420817,69.73,90.18,2.63,0.19939985207763047,16.286699067490616,42.67778189899943,0.6089831244617424,0.0017623960283065182
eguur,2016.5,1.4277227061282016,145.1502801420817,56.98,79.21,3.14,0.11160883427377273,87.34609010509712,229.2723418265335,2.8138058749289687,0.003361688488053511
eguur,2022,1.4277227061282016,145.1502801420817,85.24,121.98,3.41,0.23254463761531396,238.29996165120508,481.03713612299293,6.712274120763989,0.017482200779918716
eguur,2004,1.5819565396917143,136.27224491427458,57.98,66.92,0.55,0.5025589971343163,13.656928043344505,46.61873341167166,0.10477329271470256,0.024073335210137294
eguur,2005,1.5819565396917143,136.27224491427458,47.52,56.09,0.45,0.5160929556764802,4.038136128619165,13.737591370837016,0.035551100564847615,0.014362615624615263
eguur,2006,1.5819565396917143,136.27224491427458,54.17,65.74,0.63,0.4480399452983238,4.827612451805654,16.986132887115154,0.035050489922227784,0.006542414153688305
eguur,2007,1.5819565396917143,136.27224491427458,55.99,67.5,0.73,0.41716868609264096,2.4978336591331094,8.345239582191672,0.024514230407037367,0.0032453583057035105
eguur,2008,1.5819565396917143,136.27224491427458,69.61,89.73,1.85,0.28445401215155997,16.434056325747992,41.80681296598641,0.37339336351992153,0.0033253195690537665
eguur,2016.5,1.5819565396917143,136.27224491427458,56.6,78.29,2.26,0.16591650123418553,83.80296325512309,216.0286580830887,1.6579439905509277,0.006735306453189925
eguur,2022,1.5819565396917143,136.27224491427458,84.7,120.45,2.34,0.328963126352078,222.57321249925548,439.779722150265,3.6029912110320126,0.026487612733543796
eguur,2004,1.9088874590722038,137.67840511749552,58.16,67.13,0.34,0.6307823339414834,13.888825078404519,46.00079813153174,0.07765245455492831,0.03966722454588714
eguur,2005,1.9088874590722038,137.67840511749552,47.66,56.22,0.24,0.6763022851543808,4.091159778592587,13.710488544373336,0.026010251684121518,0.0249183944796654
eguur,2006,1.9088874590722038,137.67840511749552,54.38,65.9,0.4,0.5717152905312106,4.955244194148762,16.908795290407966,0.025881828854695543,0.010717959739872515
eguur,2007,1.9088874590722038,137.67840511749552,56.18,67.63,0.49,0.5296066005163705,2.540422637795628,8.260418392701649,0.01805087614782093,0.0052277606602616445
eguur,2008,1.9088874590722038,137.67840511749552,69.81,89.55,1.46,0.3511002849389608,16.13840101914869,39.82544835605685,0.2706141417989534,0.004668929217003061
eguur,2016.5,1.9088874590722038,137.67840511749552,56.81,78.11,1.78,0.2149448026765395,81.92678828521994,204.4741638031327,1.1728056684894597,0.010586554493043495
eguur,2022,1.9088874590722038,137.67840511749552,84.75,119.16,1.86,0.39875293673480017,205.96010552338186,395.93930583695294,2.512866288290693,0.0322053007257898
eguur,2004,1.567220078170506,142.6604372044246,58.24,67.42,0.75,0.41560596718433146,12.966039985166736,44.09138383678044,0.1297500120506029,0.01748352781984244
eguur,2005,1.567220078170506,142.6604372044246,47.69,56.36,0.61,0.4237185228812809,3.997650450873206,13.810469869750778,0.04359411781208436,0.009727574746473072
eguur,2006,1.567220078170506,142.6604372044246,54.45,66.25,0.83,0.369016664414654,4.919955425150074,17.507361983189377,0.04426518928861086,0.004477278933889966
eguur,2007,1.567220078170506,142.6604372044246,56.2,67.88,0.93,0.34531954205743026,2.4944258261320185,8.453210939516804,0.03052292796924952,0.0022250153520160013
eguur,2008,1.567220078170506,142.6604372044246,69.75,89.99,2.2,0.23977441708188935,16.247404687495806,41.84501438763084,0.4690985688508138,0.0024313491269425673
eguur,2016.5,1.567220078170506,142.6604372044246,56.92,78.88,2.64,0.13767347543812383,85.72047299239787,221.85903952510046,2.1265565615186777,0.004864150693133283
eguur,2022,1.567220078170506,142.6604372044246,85.08,121.14,2.83,0.2778135700229622,228.26436960573588,454.65977413861003,4.9042739919749945,0.021908522299692916
eguur,2004,2.062157983599751,141.40286695206206,58.37,67.46,0.33,0.6374313615357133,13.635207187680718,44.5027312366668,0.07552312499722734,0.041825926612522796
eguur,2005,2.062157983599751,141.40286695206206,47.8,56.4,0.22,0.6929430139309931,4.094179330679227,13.727882386663774,0.025004213918418176,0.026270495375437658
eguur,2006,2.062157983599751,141.40286695206206,54.59,66.21,0.39,0.5807297083520341,5.054433306808007,17.100415975555737,0.025371499639408605,0.011142277967055667
eguur,2007,2.062157983599751,141.40286695206206,56.36,67.85,0.47,0.5380425403059139,2.555974397238148,8.266900271452158,0.017539033922997542,0.005392116683676419
eguur,2008,2.062157983599751,141.40286695206206,69.96,89.6,1.43,0.3557735041756431,15.931333540710616,39.04630269553017,0.26246546765200435,0.0046886730340816455
eguur,2016.5,2.062157983599751,141.40286695206206,57.06,78.31,1.74,0.22036873126764622,81.93711097093811,202.1379311591366,1.1365978616089911,0.01103575484413712
eguur,2022,2.062157983599751,141.40286695206206,84.94,118.95,1.85,0.40171876923704897,201.4740125439231,384.54334193260996,2.48451880789917,0.03180236432020031
eguur,2004,1.8311570829492354,151.44269036326816,58.62,68.02,0.73,0.4213376751918633,12.556812921790982,41.765830390104796,0.12371568413354107,0.018257512970992547
eguur,2005,1.8311570829492354,151.44269036326816,47.95,56.72,0.57,0.44004811491082296,4.012427390842134,13.90010287805118,0.040961631139180714,0.010620774117780573
eguur,2006,1.8311570829492354,151.44269036326816,54.87,66.87,0.8,0.3770223844649668,5.117262223461387,17.961185254957858,0.04290718099927759,0.004712988792884354
eguur,2007,1.8311570829492354,151.44269036326816,56.53,68.3,0.9,0.3533912306797139,2.5258338942801846,8.48831421681895,0.02916940237079092,0.0023291459126592662
eguur,2008,1.8311570829492354,151.44269036326816,70.02,90.09,2.15,0.24443983308748682,15.863672786934455,40.38080571693491,0.44670697099416234,0.0024454027229515868
eguur,2016.5,1.8311570829492354,151.44269036326816,57.39,79.3,2.54,0.14324987112731613,86.13518170529429,218.33014499804722,2.0292263947120253,0.0052436567174312795
eguur,2022,1.8311570829492354,151.44269036326816,85.41,120.73,2.83,0.2802357447414663,218.8319950180368,430.36201675202847,4.848680178883604,0.02187340857435839
eguur,2004,1.9951395292930751,150.4993285391119,58.65,68.01,0.58,0.48766989723468745,12.759663096317507,41.90073943723655,0.10294507645452335,0.023919436416299567
eguur,2005,1.9951395292930751,150.4993285391119,47.97,56.71,0.43,0.519616203911416,4.042744199708612,13.860943947087426,0.03396763368311523,0.014843431025729355
eguur,2006,1.9951395292930751,150.4993285391119,54.9,66.83,0.64,0.43994615042480667,5.151385488633674,17.790993948097753,0.03549669773450153,0.006416088726708195
eguur,2007,1.9951395292930751,150.4993285391119,56.57,68.28,0.73,0.41098833670158835,2.544464196664901,8.423610570030135,0.024182530017614886,0.0031445886439158267
eguur,2008,1.9951395292930751,150.4993285391119,70.07,89.95,1.87,0.28007800702475777,15.771003394812915,39.52191864205412,0.36689908631488183,0.003074660101216093
eguur,2016.5,1.9951395292930751,150.4993285391119,57.4,79.07,2.21,0.168021749325957,84.65913716047369,211.5270506573516,1.6391756320342794,0.006908976278284737
eguur,2022,1.9951395292930751,150.4993285391119,85.34,120.03,2.46,0.31872650734510866,210.3620563561165,408.4147045589998,3.8463131713235876,0.025036166726421796
eguur,2004,1.5666157910657366,137.20348412272753,58.02,67,0.59,0.4822047796361093,13.51461706835455,46.14718639287357,0.10979786017035383,0.022235597313147636
eguur,2005,1.5666157910657366,137.20348412272753,47.54,56.13,0.48,0.4941496224815214,4.028949942542969,13.7474909573608,0.03726470786610675,0.013184857346187883
eguur,2006,1.5666157910657366,137.20348412272753,54.21,65.83,0.67,0.4293706472607912,4.838690135463419,17.082504655159724,0.03687340065481154,0.0060092776463008535
eguur,2007,1.5666157910657366,137.20348412272753,56.02,67.56,0.77,0.4002923082339192,2.4949808964904814,8.364535306270565,0.025738947178816935,0.0029874434635608583
eguur,2008,1.5666157910657366,137.20348412272753,69.63,89.78,1.93,0.27411263688682164,16.414945210608025,41.895729617884804,0.3930554513366787,0.0031122509233614546
eguur,2016.5,1.5666157910657366,137.20348412272753,56.64,78.39,2.34,0.15921149967729106,84.11241374387298,217.28788330132693,1.7499110091630306,0.006263815271258967
eguur,2022,1.5666157910657366,137.20348412272753,84.77,120.63,2.44,0.3173189306845606,224.37830504626302,444.44177856345783,3.854109640632564,0.02543413148659546
eguur,2004,1.6862229339586088,146.83285768415672,58.43,67.73,0.74,0.4159449167747611,12.741276393688409,42.8542164152369,0.12739965216725216,0.01819099485435792
eguur,2005,1.6862229339586088,146.83285768415672,47.82,56.54,0.6,0.4290730014799264,4.001902216831044,13.851981256365402,0.042520876774005525,0.010036832108760019
eguur,2006,1.6862229339586088,146.83285768415672,54.66,66.56,0.82,0.37080355622041344,5.010542989594678,17.72777803141848,0.04374643704414729,0.004530080304152997
eguur,2007,1.6862229339586088,146.83285768415672,56.37,68.09,0.92,0.34724954420141807,2.508004844911985,8.47024038590797,0.03001313410176901,0.002248426392230341
eguur,2008,1.6862229339586088,146.83285768415672,69.88,90.05,2.19,0.24077498332279437,16.05644744104011,41.13850169858799,0.46077075828524494,0.002415496208270156
eguur,2016.5,1.6862229339586088,146.83285768415672,57.15,79.09,2.6,0.13958252171860985,85.91264437995788,220.194058049109,2.0902735042253284,0.004995331789265956
eguur,2022,1.6862229339586088,146.83285768415672,85.25,120.96,2.85,0.2775281193895792,223.8964960152401,443.29422501798024,4.9190605069228734,0.02190613757998682
eguur,2004,1.1190565890656665,141.31012594962215,58.03,67.21,1.34,0.265583100222333,12.576624381920789,44.53364351355387,0.23414717929981385,0.0066818560373235894
eguur,2005,1.1190565890656665,141.31012594962215,47.52,56.22,1.18,0.2554457963936274,3.9213796738220754,13.851207781114663,0.08004830184887182,0.0035058440178703247
eguur,2006,1.1190565890656665,141.31012594962215,54.2,66.09,1.45,0.2304347571330752,4.750826759536147,17.68103374754081,0.08043279028264787,0.0017422092125744463
eguur,2007,1.1190565890656665,141.31012594962215,55.97,67.74,1.6,0.21733949273757924,2.4325327571327384,8.57609488506809,0.055581445463069666,8.866396682503302e-4
eguur,2008,1.1190565890656665,141.31012594962215,69.49,90.31,3.3,0.15715247253598957,16.658405558866242,44.84568438604775,0.8757514898061133,0.0012752082092636673
eguur,2016.5,1.1190565890656665,141.31012594962215,56.66,79.21,3.96,0.08420492129520356,88.48320458204904,239.60336014438238,4.109165313185568,0.0020174951731349107
eguur,2022,1.1190565890656665,141.31012594962215,85.12,123.21,4.22,0.1861755766602418,257.4269064593727,532.508104164992,9.855453494718827,0.013209603701727211
eguur,2004,2.05342214199833,141.66351488862054,58.38,67.48,0.35,0.6293718664775528,13.596612420039566,44.40570490545739,0.0766942597844134,0.04081348609995343
eguur,2005,2.05342214199833,141.66351488862054,47.8,56.41,0.23,0.6832187186232483,4.09164531252853,13.73515094423946,0.02539854535868395,0.025546278389898397
eguur,2006,2.05342214199833,141.66351488862054,54.6,66.23,0.4,0.5730649361213828,5.057633259363079,17.134317855707494,0.025802708986011936,0.010856435399178245
eguur,2007,2.05342214199833,141.66351488862054,56.36,67.86,0.48,0.5311113529369257,2.5540847358718395,8.270889729627772,0.017813644621719464,0.005253250845215656
eguur,2008,2.05342214199833,141.66351488862054,69.96,89.6,1.45,0.35177791025811567,15.922241833655537,39.07379496192875,0.26666630971264504,0.004599871458528124
eguur,2016.5,2.05342214199833,141.66351488862054,57.07,78.35,1.76,0.21742612231045957,82.11766280394923,202.7952625642812,1.158155056701624,0.010785334478127727
eguur,2022,2.05342214199833,141.66351488862054,84.95,119.01,1.88,0.3973863936391984,202.099052904644,386.1568545266525,2.538070815132018,0.031499419603333176
eguur,2004,1.846352577060014,143.08447244971293,58.36,67.52,0.51,0.521040261174105,13.228326032636698,43.93410126507317,0.09703467863694427,0.028175259852834318
eguur,2005,1.846352577060014,143.08447244971293,47.78,56.43,0.39,0.5501408591545272,4.046342236762604,13.78013903054834,0.032308442490005786,0.016501126299248412
eguur,2006,1.846352577060014,143.08447244971293,54.57,66.3,0.58,0.4691752937511468,5.009757199567409,17.351832103438568,0.03291323535909309,0.007258292169348977
eguur,2007,1.846352577060014,143.08447244971293,56.32,67.92,0.67,0.43690300991235825,2.5279770656204343,8.36028139675099,0.022684844232997766,0.0035554452975029606
eguur,2008,1.846352577060014,143.08447244971293,69.89,89.8,1.77,0.2959965354431556,16.031538972009272,40.219404974121964,0.3437722710714094,0.003450505615144996
eguur,2016.5,1.846352577060014,143.08447244971293,57.05,78.66,2.12,0.17697279164051682,83.8846042027021,211.42812008746668,1.524063659120095,0.007551244186072089
eguur,2022,1.846352577060014,143.08447244971293,85.05,119.97,2.28,0.3381715281058418,213.06528623945985,414.84841027294556,3.4374750886898204,0.02716330833880543
eguur,2004,1.7932568796859012,142.1704038409387,58.31,67.45,0.53,0.5114370349949147,13.2562962035982,44.232041235091415,0.09971786306787445,0.026924824387873397
eguur,2005,1.7932568796859012,142.1704038409387,47.74,56.38,0.41,0.5370133004717014,4.041233062942939,13.774631544508363,0.033279755391814145,0.015691126503416156
eguur,2006,1.7932568796859012,142.1704038409387,54.52,66.23,0.6,0.45963139655259166,4.982481452698764,17.321998992277017,0.033794336114458555,0.006960083564181931
eguur,2007,1.7932568796859012,142.1704038409387,56.27,67.86,0.69,0.42815568767888684,2.521761214970309,8.36363544622919,0.02331865634809163,0.0034161895316824086
eguur,2008,1.7932568796859012,142.1704038409387,69.84,89.81,1.8,0.29071991564490085,16.088732473086438,40.49759634492915,0.353790447135813,0.003361775921512802
eguur,2016.5,1.7932568796859012,142.1704038409387,56.99,78.63,2.17,0.17283926369134608,84.02752763796063,212.7337974147788,1.5723132942087743,0.0072468973620052664
eguur,2022,1.7932568796859012,142.1704038409387,85.02,120.12,2.32,0.3329015492826614,215.30074422341485,420.5491933599044,3.5373952009363685,0.0268506223484021
eguur,2004,1.6114825742142993,147.92562470379744,58.45,67.78,0.85,0.3792689410611903,12.58355164485575,42.57858515337675,0.14282398645192748,0.015168991342360594
eguur,2005,1.6114825742142993,147.92562470379744,47.82,56.57,0.69,0.38743784374198464,3.985486072919896,13.879758666837015,0.0477294963797614,0.008180759403910541
eguur,2006,1.6114825742142993,147.92562470379744,54.67,66.64,0.93,0.33656452190444286,5.0049093924854455,17.86234871388402,0.0492777449523495,0.0037322902429171028
eguur,2007,1.6114825742142993,147.92562470379744,56.37,68.13,1.04,0.3159484389385347,2.498706169185345,8.508537513473705,0.03373079881350897,0.001862923467822305
eguur,2008,1.6114825742142993,147.92562470379744,69.86,90.12,2.38,0.2210239146133899,16.077362202498765,41.54326369547392,0.520405393850951,0.002083442834974507
eguur,2016.5,1.6114825742142993,147.92562470379744,57.18,79.26,2.82,0.12648683905520317,86.9287240046371,224.37201882459067,2.390139432560258,0.004209724127878458
eguur,2022,1.6114825742142993,147.92562470379744,85.32,121.36,3.1,0.25565934721859485,228.76647507919728,456.0127723073591,5.692518824266075,0.019909619506089864
eguur,2004,1.8647190131245137,146.0596791026821,58.47,67.72,0.57,0.49059143391621257,12.97577720679379,43.01936703028797,0.1035088382925066,0.025088254055712824
eguur,2005,1.8647190131245137,146.0596791026821,47.85,56.54,0.44,0.5174225955581352,4.036590135671121,13.818615559702899,0.03439008425379906,0.014631614415409349
eguur,2006,1.8647190131245137,146.0596791026821,54.69,66.52,0.64,0.44123736891364923,5.053162073257527,17.55482938446221,0.03534617751102057,0.006418949233984488
eguur,2007,1.8647190131245137,146.0596791026821,56.41,68.07,0.73,0.4117753368236342,2.5297084459634496,8.401133514429432,0.02427865532658762,0.0031569284478833964
eguur,2008,1.8647190131245137,146.0596791026821,69.95,89.89,1.87,0.2806288354738684,15.945031494152252,40.13439340979367,0.3690051003399061,118448.61375003449
eguur,2016.5,1.8647190131245137,146.0596791026821,57.19,78.88,2.23,0.16709251538424066,84.55114972774241,213.11920262953282,1.6476885720621872,0.006838809117101483
eguur,2022,1.8647190131245137,146.0596791026821,85.17,120.15,2.43,0.3207376465980225,213.96033264811476,417.4234066556348,3.7913981597833177,0.02552893952744998
eguur,2004,1.817633686485483,142.72286731464698,58.33,67.49,0.53,0.5140547573232541,13.226432728308176,44.035842446779284,0.09882569818462938,0.02732952656731128
eguur,2005,1.817633686485483,142.72286731464698,47.76,56.41,0.4,0.5411158589666977,4.042871333571067,13.779044332030177,0.03294811948639372,0.015949326076841342
eguur,2006,1.817633686485483,142.72286731464698,54.55,66.28,0.59,0.4623937919818501,4.996363022201696,17.343620210513166,0.03351898871339686,0.007046644794540033
eguur,2007,1.817633686485483,142.72286731464698,56.3,67.89,0.69,0.4307188327516712,2.5245420958696823,8.363932557057908,0.02311277966583338,0.003456283383271559
eguur,2008,1.817633686485483,142.72286731464698,69.86,89.81,1.79,0.29224759127957095,16.054954946342026,40.35909733681925,0.3505492472764428,0.00338253503462158
eguur,2016.5,1.817633686485483,142.72286731464698,57.02,78.65,2.16,0.17414232097456106,83.94993407861514,212.1076531788171,1.556062258932487,0.0073393880076253245
eguur,2022,1.817633686485483,142.72286731464698,85.04,120.07,2.31,0.3343941507156729,214.42149054257595,418.30234951492116,3.509515293319533,0.02691806013856201
eguur,2004,1.4057326441428881,143.87258915996722,58.23,67.47,0.97,0.3441525119980001,12.688519808755638,43.72406772585502,0.1646225319512135,0.011919682470435443
eguur,2005,1.4057326441428881,143.87258915996722,47.67,56.38,0.82,0.34344595191339156,3.9630707226744217,13.844869816732162,0.05552033221886671,0.006381634503295708
eguur,2006,1.4057326441428881,143.87258915996722,54.43,66.32,1.06,0.30295873709130244,4.882337529871034,17.689135478384983,0.056478068057649176,0.003018000029343853
eguur,2007,1.4057326441428881,143.87258915996722,56.17,67.91,1.18,0.28449362572218134,2.4719241051356002,8.517470547462723,0.038892095577492465,0.0015129411087898721
eguur,2008,1.4057326441428881,143.87258915996722,69.69,90.16,2.61,0.2010864532213159,16.337602281986452,42.829973199333566,0.6039717958526046,0.001796020136262166
eguur,2016.5,1.4057326441428881,143.87258915996722,56.91,79.14,3.12,0.11239651965371197,87.2301588460771,229.4004379439565,2.788279836042059,0.0034004913088514247
eguur,2022,1.4057326441428881,143.87258915996722,85.18,121.98,3.37,0.23480644437691178,238.99144191853097,482.940003627906,6.599749894674374,0.017690056621114048
eguur,2004,2.318216473684821,142.69247225198754,58.5,67.62,0.23,0.7284172786972885,13.767469979284241,44.01656768074277,0.0633428393643251,0.053195630972113085
eguur,2005,2.318216473684821,142.69247225198754,47.9,56.5,0.12,0.814985699348491,4.133369982140041,13.714223236887236,0.020798186444639866,0.03658942293964999
eguur,2006,2.318216473684821,142.69247225198754,54.74,66.32,0.27,0.6712481729588113,5.145856253120946,17.037603665015244,0.02124846019553995,0.014984255345385352
eguur,2007,2.318216473684821,142.69247225198754,56.49,67.94,0.35,0.6196337958741485,2.5852904574734534,8.204908268707129,0.014651357752995123,0.0071551577220532354
eguur,2008,2.318216473684821,142.69247225198754,70.1,89.48,1.23,0.4022594017116643,15.733589499791867,37.7817731754771,0.21703775393015964,0.005671070369966281
eguur,2016.5,2.318216473684821,142.69247225198754,57.21,78.2,1.49,0.2571991126624407,80.65981438101902,194.68679784907232,0.9255123672076561,0.014380937924253758
eguur,2022,2.318216473684821,142.69247225198754,84.97,118.12,1.61,0.4487235585932134,191.26997025348263,358.4494255474166,2.0040600577106766,0.034196668795545775
eguur,2004,2.4827808033259684,148.265726318951,58.74,68,0.25,0.7034668643368776,13.379848642206161,42.31527003611895,0.06501175207393986,0.04726518879349861
eguur,2005,2.4827808033259684,148.265726318951,48.06,56.72,0.13,0.7946145049713583,4.134553493936682,13.763623018756325,0.021226248027127435,0.03503697241817738
eguur,2006,2.4827808033259684,148.265726318951,55,66.71,0.3,0.6497845459736824,5.256657464677256,17.325075907417116,0.022065048477812366,0.014073649818924092
eguur,2007,2.4827808033259684,148.265726318951,56.69,68.22,0.37,0.6012580976776646,2.597716737306783,8.232684716968702,0.015090463256580632,0.006724913473821608
eguur,2008,2.4827808033259684,148.265726318951,70.25,89.59,1.27,0.3918195285488147,15.526261406553406,37.19610813085167,0.22381606083912375,0.005325281934144985
eguur,2016.5,2.4827808033259684,148.265726318951,57.48,78.49,1.52,0.25166705730948385,80.87785325678738,193.66560021486097,0.9558135547793771,0.013806214445057181
eguur,2022,2.4827808033259684,148.265726318951,85.17,118.1,1.69,0.4357474770179964,188.45273967798434,352.1090224472894,2.1329147621138858,0.03277235731659564
eguur,2004,1.7553473462296694,144.2921159242127,58.37,67.58,0.62,0.4696835114138439,13.02275134679375,43.567692923692896,0.11021936339836853,0.02298939612601566
eguur,2005,1.7553473462296694,144.2921159242127,47.78,56.46,0.48,0.48957613434286823,4.024162042801756,13.807432979602137,0.036763895628210856,0.013050898442194443
eguur,2006,1.7553473462296694,144.2921159242127,54.59,66.39,0.69,0.4206898388614255,5.001680527915153,17.514461241987664,0.037591164933051195,0.00583313150164086
eguur,2007,1.7553473462296694,144.2921159242127,56.32,67.97,0.78,0.39271337611547186,2.515822643569464,8.405781953313271,0.025848219823868594,0.0028730268800102603
eguur,2008,1.7553473462296694,144.2921159242127,69.87,89.91,1.95,0.2690615139931525,16.059879764613097,40.71901956404304,0.39420440131304796,0.002932205963817096
eguur,2016.5,1.7553473462296694,144.2921159242127,57.07,78.84,2.34,0.15836360142972322,84.84318437566273,215.82589831996066,1.7672383493616637,0.006224995005683339
eguur,2022,1.7553473462296694,144.2921159242127,85.12,120.46,2.53,0.3089981851517766,218.7100447461577,429.60790419760013,4.055265900489229,0.024744480962726766
eguur,2004,1.9585122582220185,144.3559827124944,58.44,67.64,0.46,0.5493544029032226,13.222956090650134,43.509292570309285,0.09023442240319668,0.031298121049542306
eguur,2005,1.9585122582220185,144.3559827124944,47.84,56.49,0.34,0.5872829312677468,4.060266648494692,13.779235162794109,0.029923654042930913,0.018868926049893556
eguur,2006,1.9585122582220185,144.3559827124944,54.66,66.4,0.52,0.496999811028032,5.058446955804777,17.369074651841068,0.030623399557832318,0.008155976535496198
eguur,2007,1.9585122582220185,144.3559827124944,56.4,67.99,0.61,0.4623337365875914,2.5408098933332877,8.342010750039035,0.021075481451761587,0.003978626816665429
eguur,2008,1.9585122582220185,144.3559827124944,69.96,89.77,1.67,0.3111911781871658,15.924042330149245,39.62534465992988,0.3182165155185761,0.0037281012147086937
eguur,2016.5,1.9585122582220185,144.3559827124944,57.14,78.65,2.01,0.1884825617291305,83.38791785415786,208.18783070474055,1.4017250062969213,0.0084215155866164
eguur,2022,1.9585122582220185,144.3559827124944,85.09,119.64,2.17,0.35379032014161405,208.43536256964134,402.82701916379347,3.166503161927015,0.028216530730185634
eguur,2004,1.2825355683736632,141.53158186847952,58.1,67.27,1.06,0.32076158471772254,12.747958388524486,44.47125193210831,0.18239185917643239,0.009925758762702673
eguur,2005,1.2825355683736632,141.53158186847952,47.57,56.26,0.92,0.3153377940294354,3.950690239775391,13.833676616182007,0.061965963354553656,0.005356618465225736
eguur,2006,1.2825355683736632,141.53158186847952,54.28,66.13,1.16,0.2807083277843326,4.81001481598908,17.59723983876629,0.0624493784317642,0.0025851248220605844
eguur,2007,1.2825355683736632,141.53158186847952,56.05,67.78,1.29,0.2639168479657162,2.4560633869063637,8.528849825409065,0.04314809713206558,0.0013037364484421324
eguur,2008,1.2825355683736632,141.53158186847952,69.58,90.17,2.79,0.1879198150722267,16.505109141338185,43.68719010320331,0.6725967213375422,0.0016417763504389872
eguur,2016.5,1.2825355683736632,141.53158186847952,56.73,79.05,3.35,0.10338239823228669,87.27495477491574,232.3877766806024,3.11096010266468,0.0029181673682285242
eguur,2022,1.2825355683736632,141.53158186847952,85.1,122.4,3.58,0.22071807081823339,245.92224004112484,501.4467767182772,7.35513437074989,0.01650036019290735
eguur,2004,1.7378330748395554,137.2420772102839,58.08,67.05,0.45,0.5587652248922104,13.724317375470338,46.15381205356077,0.09089450949145156,0.030429246681195246
eguur,2005,1.7378330748395554,137.2420772102839,47.59,56.16,0.35,0.585890402104992,4.061336088947691,13.72515481770379,0.030645353534495472,0.01860804088197324
eguur,2006,1.7378330748395554,137.2420772102839,54.28,65.84,0.52,0.5021978257455748,4.891781935736267,16.966314236322606,0.03037956119354236,0.008243665904757978
eguur,2007,1.7378330748395554,137.2420772102839,56.09,67.58,0.61,0.4664089279061959,2.5179482642079973,8.307876672557526,0.02121021352546367,0.0040530097068789215
eguur,2008,1.7378330748395554,137.2420772102839,69.72,89.65,1.66,0.3140259990474349,16.27942633950385,40.82834713877546,0.3207714128748355,0.0038990219780796467
eguur,2016.5,1.7378330748395554,137.2420772102839,56.72,78.24,2.03,0.1873780509790265,83.06140848985945,210.79997964951107,1.4103821601455087,0.00833987842627275
eguur,2022,1.7378330748395554,137.2420772102839,84.75,119.85,2.11,0.3600838538470522,214.6006974686069,418.61615633334804,3.0497550433705984,0.029506340475705842
eguur,2004,1.506272637509183,138.93601284250892,58.08,67.14,0.7,0.4338001195272183,13.243325712263145,45.385614311358616,0.12467085326038234,0.018143978515070807
eguur,2005,1.506272637509183,138.93601284250892,47.57,56.2,0.58,0.4404533513538877,4.006652383621693,13.774255363320023,0.042264617403879025,0.010475724595091045
eguur,2006,1.506272637509183,138.93601284250892,54.26,65.96,0.79,0.3846805164373959,4.8439553525728725,17.25334314189365,0.04214974307445601,0.004831916170701094
eguur,2007,1.506272637509183,138.93601284250892,56.05,67.65,0.89,0.35965653761854344,2.4856231917914466,8.40954745222534,0.029301440960045597,0.00241348321785245
eguur,2008,1.506272637509183,138.93601284250892,69.64,89.9,2.13,0.24890440696324606,16.409206693943823,42.271115614330355,0.45016234685985956,0.002627690532852844
eguur,2016.5,1.506272637509183,138.93601284250892,56.71,78.63,2.57,0.14261378241102782,85.1680738026484,221.52078728630417,2.0289748780182455,0.005165873292215488
eguur,2022,1.506272637509183,138.93601284250892,84.88,121.08,2.7,0.28921199314985363,229.2786742675873,457.51706686801515,4.554867304548396,0.02284750824539522
eguur,2004,1.4340946502929395,138.47827199280945,58.03,67.08,0.77,0.409414653343615,13.203795835089833,45.56280150579281,0.13459365157390982,0.015974425396690885
eguur,2005,1.4340946502929395,138.47827199280945,47.53,56.16,0.64,0.4118015592623294,3.995542497166499,13.77575868651693,0.04579035499305945,0.009139936138615834
eguur,2006,1.4340946502929395,138.47827199280945,54.21,65.92,0.85,0.36171216182868465,4.813230852067574,17.26302045974449,0.04552391359422223,0.004265269204782106
eguur,2007,1.4340946502929395,138.47827199280945,56.01,67.62,0.96,0.33855067688637097,2.4763094758258815,8.42883434939171,0.031689750711020176,0.0021392844908360124
eguur,2008,1.4340946502929395,138.47827199280945,69.59,89.94,2.25,0.23575507905980256,16.482232503151845,42.7461657380571,0.4885440388878607,0.002406626515098865
eguur,2016.5,1.4340946502929395,138.47827199280945,56.64,78.63,2.72,0.13363443773175399,85.34349386839864,223.62499054238248,2.207542374977621,0.004596763995281285
eguur,2022,1.4340946502929395,138.47827199280945,84.87,121.39,2.85,0.2750139965729835,233.5648945030532,468.8837809155644,4.984910217477261,0.021773399997811114
eguur,2004,2.0222172351073664,146.34931214453275,58.53,67.77,0.47,0.5479579183905359,13.10997457108408,42.923891385922545,0.08986406109778701,0.030776791151421314
eguur,2005,2.0222172351073664,146.34931214453275,47.9,56.58,0.34,0.588621839864367,4.06256291115981,13.7986374282198,0.029717664513850144,0.018999145536584224
eguur,2006,2.0222172351073664,146.34931214453275,54.77,66.55,0.52,0.49631918329640107,5.103296527362811,17.47660946713302,0.0306094035661369,0.008135742863152311
eguur,2007,2.0222172351073664,146.34931214453275,56.48,68.1,0.61,0.4620636812641982,2.5481506867670727,8.354293813162897,0.021016434730769227,0.0039720598937468534
eguur,2008,2.0222172351073664,146.34931214453275,70.02,89.8,1.67,0.31095863233968113,15.835843140857763,39.316566674278064,0.3171016215137223,0.0036969958585494726
eguur,2016.5,2.0222172351073664,146.34931214453275,57.25,78.75,2,0.18905533208753292,83.53031894215971,207.6427945186031,1.3989741083513163,0.00846888938564984
eguur,2022,2.0222172351073664,146.34931214453275,85.17,119.59,2.19,0.3528040140826934,206.78572632977455,398.630162110218,3.18797583588521,0.02794740340905574
eguur,2004,2.079023593666746,141.24424829928918,58.37,67.46,0.32,0.6473623662753824,13.663192404582269,44.5331818461096,0.07404281856250917,0.04305526288438927
eguur,2005,2.079023593666746,141.24424829928918,47.8,56.4,0.21,0.7055489290237368,4.09883537853774,13.728526547476887,0.02452281066893129,0.02725338595603418
eguur,2006,2.079023593666746,141.24424829928918,54.59,66.2,0.38,0.5904570311712918,5.05880520583663,17.08395567696919,0.02487090262235662,0.011524201574255924
eguur,2007,2.079023593666746,141.24424829928918,56.36,67.84,0.46,0.5468655079070148,2.558254699098127,8.259301859917645,0.01719327520713472,0.0055721194190083935
eguur,2008,2.079023593666746,141.24424829928918,69.96,89.58,1.41,0.36089658259430374,15.92234574491593,38.95045713378687,0.2569189963580897,0.004802545556965824
eguur,2016.5,2.079023593666746,141.24424829928918,57.06,78.29,1.71,0.22419173069765158,81.8296225343719,201.53774760595843,1.111288685782449,0.011373460325642272
eguur,2022,2.079023593666746,141.24424829928918,84.92,118.85,1.82,0.40699434618106645,200.39506667597917,381.8506328954111,2.4203831591545963,0.032117272504710664
eguur,2004,1.4676917591915206,140.28656919601016,58.12,67.23,0.79,0.40251819194214616,13.067176480200157,44.88097373910752,0.13650369089774353,0.01577303074727237
eguur,2005,1.4676917591915206,140.28656919601016,47.59,56.25,0.65,0.4062468220035381,3.991735101064005,13.795259176845192,0.046182573638302776,0.008913165264836985
eguur,2006,1.4676917591915206,140.28656919601016,54.31,66.06,0.87,0.3561597418712983,4.852947863953884,17.38725664252986,0.046371439053636075,0.004154983746055743
eguur,2007,1.4676917591915206,140.28656919601016,56.08,67.72,0.98,0.3334532977115478,2.4797319960318718,8.441330557224452,0.03211572446818481,0.0020760601221733845
eguur,2008,1.4676917591915206,140.28656919601016,69.65,89.98,2.28,0.23240400636555272,16.39349113111282,42.488226049040925,0.49516302760698583,0.0023275209749247833
eguur,2016.5,1.4676917591915206,140.28656919601016,56.75,78.77,2.74,0.13199391048569128,85.65134742005819,223.74026523228514,2.2448122060688656,0.004504260967749571
eguur,2022,1.4676917591915206,140.28656919601016,84.97,121.38,2.9,0.2706248148994647,232.57804569311472,466.2904375525959,5.1281521202358205,0.021102232465847658
eguur,2004,1.4022529420091574,140.46616428236564,58.1,67.23,0.87,0.37514582564999543,12.973996721004498,44.81418124764693,0.14942764086192956,0.013623171119002747
eguur,2005,1.4022529420091574,140.46616428236564,47.58,56.24,0.73,0.37518215009061257,3.9783347145324064,13.805588258992197,0.050650611904623485,0.007592848517195816
eguur,2006,1.4022529420091574,140.46616428236564,54.29,66.07,0.96,0.3306352735950245,4.834533184276599,17.443678135501738,0.05087021565595556,0.00357996829495489
eguur,2007,1.4022529420091574,140.46616428236564,56.06,67.73,1.07,0.31000753690993677,2.471223882634321,8.467705200242717,0.035219053933058075,0.0017954268172228765
eguur,2008,1.4022529420091574,140.46616428236564,69.62,90.04,2.43,0.2176046333627266,16.44208573557575,42.91462200471934,0.5449101431836013,0.002085366738370387
eguur,2016.5,1.4022529420091574,140.46616428236564,56.74,78.84,2.92,0.12224759263576156,86.18245952034927,226.6493204589533,2.4872661278039723,0.0039320539143676125
eguur,2022,1.4022529420091574,140.46616428236564,85,121.73,3.1,0.25416596623991333,237.1092930722866,478.13278026258695,5.740138476685437,0.01965575174901129
eguur,2004,1.57295557787401,132.14616849316528,57.74,66.47,0.44,0.566546403144288,14.349838384456945,49.350745619327256,0.09352215792746156,0.03088765494341045
eguur,2005,1.57295557787401,132.14616849316528,47.39,55.88,0.36,0.5815161406662842,4.069255494876495,13.699721974344188,0.03155385271998021,0.01816981164856448
eguur,2006,1.57295557787401,132.14616849316528,53.96,65.36,0.52,0.5045468477106585,4.767062360404332,16.651224622315677,0.030647125395747567,0.008306946321150317
eguur,2007,1.57295557787401,132.14616849316528,55.82,67.22,0.62,0.4678187301298171,2.5026669215261594,8.28640666573067,0.021576725438144834,0.004093539651132519
eguur,2008,1.57295557787401,132.14616849316528,69.5,89.55,1.66,0.3150881448219592,16.588083105010583,41.90075454430139,0.32590579826509836,0.004024194477224871
eguur,2016.5,1.57295557787401,132.14616849316528,56.34,77.87,2.06,0.1854631283952406,82.57778288965201,212.63199881815342,1.4286388742933214,0.008192982972297492
eguur,2022,1.57295557787401,132.14616849316528,84.4,120,2.06,0.3642055240763429,218.95812134683314,430.95608877369943,2.9654345818819574,0.030631360341209293
eguur,2004,1.4979618508360124,131.04786240674892,57.65,66.33,0.48,0.5476809085719218,14.445662990240681,50.14270787864387,0.09888571745077465,0.028978752895713156
eguur,2005,1.4979618508360124,131.04786240674892,47.32,55.81,0.39,0.5567413240985986,4.065805640306634,13.703993145430777,0.03342665364658871,0.016632474366243287
eguur,2006,1.4979618508360124,131.04786240674892,53.86,65.24,0.56,0.4857173737428282,4.725097967740467,16.603289879478677,0.03222146462092523,0.007676442366570928
eguur,2007,1.4979618508360124,131.04786240674892,55.75,67.14,0.65,0.45074768354619865,2.494862164864248,8.300696274420421,0.022760281154902938,0.0038039382663623894
eguur,2008,1.4979618508360124,131.04786240674892,69.43,89.57,1.73,0.304896248908141,16.708418829811915,42.46250696234929,0.34481481748705795,0.003848363894325162
eguur,2016.5,1.4979618508360124,131.04786240674892,56.24,77.82,2.15,0.1776597922123584,82.77470774016992,214.81221447072033,1.5148811577279004,0.007596417553572633
eguur,2022,1.4979618508360124,131.04786240674892,84.31,120.22,2.13,0.3541789253676376,222.07100709848228,439.8549344813516,3.1152740475149256,0.031174984912647807
eguur,2004,1.965169822726194,143.65205332199,58.42,67.59,0.44,0.5618876540231784,13.301555130044136,43.74577305890979,0.08793962625754209,0.03274730096918496
eguur,2005,1.965169822726194,143.65205332199,47.82,56.47,0.32,0.6015529007544732,4.065192915348816,13.774506432093085,0.029165643388244105,0.019784771901191454
eguur,2006,1.965169822726194,143.65205332199,54.64,66.36,0.5,0.5088328871563169,5.05483458300175,17.32686284524833,0.02980235049767998,0.008556060445234355
eguur,2007,1.965169822726194,143.65205332199,56.39,67.96,0.59,0.47294382459029954,2.5424434450927476,8.331425313993341,0.020520077901718996,0.004164447346261656
eguur,2008,1.965169822726194,143.65205332199,69.95,89.74,1.63,0.3175345962759442,15.936609797755397,39.58083679674802,0.3093423631604825,0.0038635975787914842
eguur,2016.5,1.965169822726194,143.65205332199,57.11,78.58,1.97,0.19278383901694376,83.10980106195433,207.23499774431139,1.3589047786552388,0.008751480575879302
eguur,2022,1.965169822726194,143.65205332199,85.06,119.55,2.12,0.36071912233729964,207.6373261535698,400.6930109478607,3.053054616139643,0.028790459730936593
eguur,2004,1.9091373818224844,148.7371107854788,58.57,67.89,0.6,0.4761973923102475,12.808423804700787,42.324315529669185,0.10657195678740772,0.02333308820621144
eguur,2005,1.9091373818224844,148.7371107854788,47.92,56.64,0.46,0.5034783065697412,4.034262322421286,13.85028222586758,0.035295760061490385,0.013894318317154862
eguur,2006,1.9091373818224844,148.7371107854788,54.81,66.71,0.66,0.42840930464089183,5.103258027161996,17.723598315720764,0.036625079170513525,0.006064639774419181
eguur,2007,1.9091373818224844,148.7371107854788,56.5,68.19,0.76,0.40038687445528126,2.5343411488429544,8.424496745501578,0.025036858688920662,0.002985269033487906
eguur,2008,1.9091373818224844,148.7371107854788,70.01,89.95,1.92,0.2735627417611481,15.856110938574275,39.92021575413088,0.38079936301012746,0.0029716900725368697
eguur,2016.5,1.9091373818224844,148.7371107854788,57.31,79.03,2.28,0.1628865537648223,84.84202006615044,213.32376578332065,1.705917103718456,0.006544394068607812
eguur,2022,1.9091373818224844,148.7371107854788,85.29,120.22,2.52,0.3123110042960947,213.535015062276,416.3919963078599,3.9884370759608845,0.024670599649114652
eguur,2004,2.044771400539155,148.9305458923835,58.62,67.93,0.51,0.5238623037760158,12.919232589517357,42.24574970690651,0.0943704542391112,0.027635642351931736
eguur,2005,2.044771400539155,148.9305458923835,47.96,56.67,0.37,0.5624731954072427,4.056910491490754,13.833758582067356,0.03114017456102615,0.017389545479337083
eguur,2006,2.044771400539155,148.9305458923835,54.86,66.72,0.57,0.47414199825519376,5.14033157470094,17.63292740144623,0.03234417120449726,0.007437050591360526
eguur,2007,2.044771400539155,148.9305458923835,56.55,68.21,0.66,0.4422224925161626,2.5491380900666454,8.38033983335233,0.022111607428177946,0.003638885073446356
eguur,2008,2.044771400539155,148.9305458923835,70.07,89.87,1.74,0.29893200048866864,15.766284050565124,39.23855349186445,0.33440901833974207,0.003436238255226018
eguur,2016.5,2.044771400539155,148.9305458923835,57.37,78.94,2.07,0.1811846642913822,84.1168620124528,209.0724948014228,1.48468565566707,0.007876090273213667
eguur,2022,2.044771400539155,148.9305458923835,85.26,119.7,2.29,0.3392809060637914,207.03723887574668,399.79594082956,3.427733058034422,0.026694848821247986
eguur,2004,2.043626232528221,143.93297422295842,58.46,67.63,0.4,0.590243579622729,13.35255429772733,43.635848483449394,0.08249160691122497,0.03590293716188951
eguur,2005,2.043626232528221,143.93297422295842,47.85,56.49,0.28,0.6377776223575432,4.077478072517702,13.764244722837278,0.02729203517029067,0.022281548029215913
eguur,2006,2.043626232528221,143.93297422295842,54.68,66.38,0.46,0.536322979014493,5.079216135942089,17.288923917770163,0.027917362186048074,0.009509371510838938
eguur,2007,2.043626232528221,143.93297422295842,56.42,67.98,0.54,0.4981092639061696,2.5517645674472824,8.310507053238897,0.01922655561464712,0.004620096853351994
eguur,2008,2.043626232528221,143.93297422295842,70,89.71,1.55,0.3323075937872952,15.88602630864184,39.19479523801469,0.2890316011915325,0.004155045201498282
eguur,2016.5,2.043626232528221,143.93297422295842,57.16,78.54,1.87,0.2038718621210653,82.65458226683693,204.66347914303014,1.2616491678043746,0.009638368638999731
eguur,2022,2.043626232528221,143.93297422295842,85.06,119.27,2.02,0.37615522955247177,204.04487626283222,391.4496183482852,2.8213791842554374,0.029812576151885768
eguur,2004,1.7283275156235594,140.287941329449,58.21,67.3,0.54,0.5096173195612153,13.370253698271036,44.89334362004632,0.10093390820147828,0.026128052459742764
eguur,2005,1.7283275156235594,140.287941329449,47.67,56.3,0.42,0.5319570826589384,4.040078806084269,13.762597594297514,0.033838175733063816,0.015360701438852629
eguur,2006,1.7283275156235594,140.287941329449,54.42,66.09,0.61,0.45686201855945774,4.9381371653583646,17.230262524909556,0.03407200075798402,0.006850983290630073
eguur,2007,1.7283275156235594,140.287941329449,56.19,67.76,0.7,0.4256055736589505,2.514339286390079,8.356280099120287,0.023594903429737107,0.003374923190457718
eguur,2008,1.7283275156235594,140.287941329449,69.78,89.79,1.81,0.28935950972518415,16.195322535033107,40.89108518486948,0.3585266918528088,0.0033616290095300544
eguur,2016.5,1.7283275156235594,140.287941329449,56.87,78.53,2.19,0.17110811423380606,83.96323177609167,213.6805934446869,1.5922808534842043,0.0071175089639625875
eguur,2022,1.7283275156235594,140.287941329449,84.93,120.22,2.32,0.3322798306819952,217.55399498566695,426.3683111790833,3.546836745009103,0.02699531144401572
eguur,2004,1.541318613324623,146.68897985599193,58.38,67.68,0.89,0.3663647841629205,12.60782341971976,42.91453359287178,0.1499954683794126,0.014049340257602398
eguur,2005,1.541318613324623,146.68897985599193,47.77,56.51,0.73,0.37121964573677513,3.9768907526608324,13.869613250181498,0.050286513701739075,0.007490915761019678
eguur,2006,1.541318613324623,146.68897985599193,54.59,66.54,0.97,0.3241438496108965,4.963813153968696,17.80846117147222,0.05164942595346971,0.00345668433376543
eguur,2007,1.541318613324623,146.68897985599193,56.31,68.07,1.09,0.3044104946384974,2.4898189033866265,8.51400781011801,0.03543890265833869,0.0017302228775518656
eguur,2008,1.541318613324623,146.68897985599193,69.81,90.14,2.46,0.21370293130959453,16.15928078913922,41.96029438313573,0.5481610388912774,0.0019742678501770863
eguur,2016.5,1.541318613324623,146.68897985599193,57.09,79.22,2.92,0.12137659645493097,86.91714109973138,225.7549635351333,2.517004487703179,0.0039058656891929376
eguur,2022,1.541318613324623,146.68897985599193,85.27,121.57,3.2,0.2479823748969372,232.0588432871751,464.68187117467807,5.9977857410293005,0.019111897019814673
eguur,2004,1.8049099592041413,143.32105209997525,58.35,67.53,0.55,0.5010890425537141,13.156899234982461,43.84343279509388,0.10185323141854077,0.026057242731698457
eguur,2005,1.8049099592041413,143.32105209997525,47.77,56.43,0.42,0.5262482220575255,4.0374669924081354,13.786775748857508,0.03394516717724257,0.015083586797431702
eguur,2006,1.8049099592041413,143.32105209997525,54.57,66.32,0.62,0.4502795464765321,5.002371269421372,17.40425722681328,0.03461247674872905,0.006683032187889255
eguur,2007,1.8049099592041413,143.32105209997525,56.32,67.93,0.71,0.41959576396655796,2.5230599684313995,8.37906509848089,0.023843681528784317,0.003278259005448353
eguur,2008,1.8049099592041413,143.32105209997525,69.87,89.84,1.84,0.28554711929219173,16.052995596626666,40.44684062230321,0.36227245582485956,0.0032475105773993353
eguur,2016.5,1.8049099592041413,143.32105209997525,57.04,78.71,2.2,0.16964295770626037,84.17940026442376,213.01972463688034,1.611081125512315,0.0070131994889339995
eguur,2022,1.8049099592041413,143.32105209997525,85.08,120.18,2.37,0.3270178138884418,215.6242689958008,421.37454484852395,3.6606921924612768,0.026295540417235277
eguur,2004,2.0408064755955704,144.5489580465162,58.48,67.67,0.41,0.5801401350086359,13.289052444714258,43.437877836527925,0.08413945289845035,0.034639034945056914
eguur,2005,2.0408064755955704,144.5489580465162,47.86,56.52,0.29,0.6261769893889121,4.074547211626828,13.7750519894541,0.027830826187241607,0.021490365316596472
eguur,2006,2.0408064755955704,144.5489580465162,54.7,66.43,0.47,0.5268215527744611,5.085520880297229,17.332941975572627,0.028510885039516792,0.00917308922013303
eguur,2007,2.0408064755955704,144.5489580465162,56.44,68.01,0.56,0.4894468235380486,2.550912334132926,8.320173037562753,0.019619783064645215,0.00445758187605296
eguur,2008,2.0408064755955704,144.5489580465162,70,89.72,1.58,0.3273252848974261,15.86241963577952,39.19065764706446,0.29502058325882063,0.004046341067588807
eguur,2016.5,2.0408064755955704,144.5489580465162,57.18,78.59,1.9,0.20042527514932115,82.85787486505731,205.36673782626227,1.2917203015543564,0.009363561810888394
eguur,2022,2.0408064755955704,144.5489580465162,85.09,119.34,2.06,0.37059581595624963,204.61829390263125,392.9743532239793,2.903959824741742,0.029366160872046236
eguur,2004,2.1114638614929078,142.60227219894622,58.43,67.56,0.33,0.6393286375632273,13.555890445013734,44.060042686698324,0.07484994071059971,0.04192758320426407
eguur,2005,2.1114638614929078,142.60227219894622,47.84,56.46,0.22,0.6980433965211241,4.0971263723362075,13.74156952197346,0.024739497908315734,0.026715644433651493
eguur,2006,2.1114638614929078,142.60227219894622,54.66,66.29,0.39,0.5835867639508202,5.084710434134829,17.158412761759994,0.025223156216027328,0.011277852768766767
eguur,2007,2.1114638614929078,142.60227219894622,56.41,67.92,0.47,0.5405977874418854,2.560340711555108,8.266694114540682,0.017390163141023193,0.005441117895429935
eguur,2008,2.1114638614929078,142.60227219894622,70,89.61,1.42,0.35722524478988044,15.865249419392669,38.80103148752686,0.26004437853384327,0.004694721635982099
eguur,2016.5,2.1114638614929078,142.60227219894622,57.13,78.38,1.72,0.2220592888348477,81.98186182818645,201.5557164771444,1.1267870679314878,0.011180489823168726
eguur,2022,2.1114638614929078,142.60227219894622,84.99,118.88,1.85,0.4025970487931238,200.13315785249392,381.16449469861993,2.4791912436580374,0.03166728181075873
eguur,2004,1.8704906839554984,146.51565999763716,58.49,67.75,0.58,0.4873846362026708,12.94491536154599,42.89719006404174,0.10423114939728491,0.024740816301532166
eguur,2005,1.8704906839554984,146.51565999763716,47.86,56.56,0.44,0.5141721122761377,4.035760667008526,13.823694885641592,0.03461053433280468,0.014457932226024255
eguur,2006,1.8704906839554984,146.51565999763716,54.71,66.55,0.64,0.43841634713471667,5.061217173946558,17.585668042978227,0.035626349462627764,0.006341215348317561
eguur,2007,1.8704906839554984,146.51565999763716,56.43,68.09,0.74,0.4091317777212464,2.5303677833622666,8.40638244345515,0.024454391846236243,0.00311624800779566
eguur,2008,1.8704906839554984,146.51565999763716,69.96,89.91,1.88,0.2790385359505511,15.93387309507927,40.11654427166253,0.3717412083870672,0.0030924885557745557
eguur,2016.5,1.8704906839554984,146.51565999763716,57.2,78.89,2.24,0.1661010591622589,84.47045753298117,212.864057997527,1.6580845465109486,0.006762917802926059
eguur,2022,1.8704906839554984,146.51565999763716,85.2,120.18,2.45,0.31891224538695845,214.07441331500655,417.70031769345957,3.8332363450743268,0.025359984056094104
eguur,2004,1.3831150654848325,134.8856933810896,57.83,66.72,0.71,0.43290675968647896,13.60098280733738,47.388264529747794,0.12853158397690886,0.017629256858083725
eguur,2005,1.3831150654848325,134.8856933810896,47.42,55.99,0.61,0.43208768951573606,4.00842652889075,13.747875821147174,0.04392531696550874,0.009995690973032125
eguur,2006,1.3831150654848325,134.8856933810896,54.01,65.58,0.8,0.38161487168745434,4.7396735936312835,16.98894899512049,0.04302027032453815,0.0047388120910698784
eguur,2007,1.3831150654848325,134.8856933810896,55.85,67.38,0.91,0.35626285177073147,2.4707451647431444,8.387682860338366,0.030149177068840106,0.0023716358031457122
eguur,2008,1.3831150654848325,134.8856933810896,69.48,89.85,2.15,0.24700847103979298,16.658899688026118,43.19188149159711,0.46389676307951705,0.002682383470497192
eguur,2016.5,1.3831150654848325,134.8856933810896,56.42,78.34,2.63,0.1398123925754004,84.68991300959004,222.97367565675216,2.0825649046778416,0.004971691353502646
eguur,2022,1.3831150654848325,134.8856933810896,84.63,121.26,2.69,0.28899392624268894,233.8142425463219,470.0581645641406,4.555156397978776,0.023851916275736244
tugur,2008,1.7653164316877201,140.18592110348445,63.43,71.94,0.12,0.8527681193017468,9.4132343351683,34.32179891200778,0.03110008660514956,0.037807434114524974
tugur,2017,1.7653164316877201,140.18592110348445,90.85,119.51,0.37,0.7650250527132624,101.88625962462316,199.20462783506864,0.1961484990418338,0.035318193238996924
tugur,2008,2.0449596463308874,144.1185916616197,63.73,72.41,0.05,0.9321980751980974,9.241283277067835,32.878585481123956,0.02707374483798326,0.04476257729336638
tugur,2017,2.0449596463308874,144.1185916616197,92.01,120.39,0.34,0.7876800724896111,93.3557290670868,178.9508275517941,0.1749300716697111,0.030923916060848825
tugur,2008,2.012231603567195,145.40034539458804,63.78,72.54,0.09,0.8843100355357222,9.155560820174694,32.73831712296921,0.029034838698049733,0.0399502338486131
tugur,2017,2.012231603567195,145.40034539458804,92.11,120.69,0.4,0.7585496702996514,93.00839447950058,179.5733733869914,0.19229770091621073,0.028916764000564386
tugur,2008,1.8778150132765132,137.5816381129996,63.29,71.61,0,0.9942588319373946,9.710715002590653,35.031933556729406,0.02487080640409072,0.051524519950802074
tugur,2017,1.8778150132765132,137.5816381129996,90.89,119.08,0.23,0.8452857472114136,103.52079963544676,197.5536914295643,0.15520793041975028,0.04179783278925277
tugur,2008,2.7240106182449844,137.61396032529112,68.06,80.22,0,0.9999998834037171,9.668678876029729,35.41919312641941,1.158596715632513e-9,1.7641774833539539e-9
tugur,2017,2.7240106182449844,137.61396032529112,94.7,121.67,0,0.999999922143901,30.39499565474372,68.89361325892531,9.270607281540435e-14,3.4598550464770966e-14
tugur,2008,1.361729739409866,140.38615929838952,63.3,71.85,0.41,0.6044922564921043,9.232531125701925,35.20486119227382,0.05058172080563716,0.018851474167029862
tugur,2017,1.361729739409866,140.38615929838952,90.17,120.06,0.7,0.60893605213236,105.8449676113712,219.57157698664207,0.3241465194996604,0.026319089832046564
tugur,2008,2.111531593288702,142.3620977669104,63.78,72.47,0,0.9999998507079398,6.0909824215412325,24.061759303448106,3.230654402325661e-7,6.782256539377438e-7
tugur,2017,2.111531593288702,142.3620977669104,91.82,119.83,0.25,0.8367898940894912,94.54854964503677,178.66995537549835,0.15158209698414196,0.035143427951179335
tugur,2008,1.698664807205572,136.22455337417864,63.11,71.32,0.06,0.9127470335688852,9.976178157071939,36.707254415769015,0.029192384168865576,0.044928376319945354
tugur,2017,1.698664807205572,136.22455337417864,90.57,119.21,0.29,0.804068477658193,105.0728680866676,205.14674851349395,0.17269474005699406,0.039101289957426524
tugur,2008,1.859708122587154,134.50525588435116,63.64,72.29,0,0.9999999307782033,6.267263155278539,25.04975016004081,2.1462101057927094e-8,4.403820391890749e-8
tugur,2017,1.859708122587154,134.50525588435116,90.65,118.67,0.15,0.8937981244550056,102.71129997771479,195.74054343668337,0.12776553841624008,0.044962508593028486
tugur,2008,1.9125760304006594,133.49559871781642,64.13,73.19,0,0.9999999815286446,6.276674411600083,25.045222522866236,3.509624454445096e-9,6.986565077776121e-9
tugur,2017,1.9125760304006594,133.49559871781642,90.39,118.08,0.08,0.9373251574086282,103.61782429741378,195.4984018126061,0.11286394201360207,0.050537979022980545
tugur,2008,1.5771277851538275,136.4652237033258,63.08,71.32,0.14,0.8234728968391831,9.87719225440577,36.84717680790816,0.033677781702787735,0.03631544886421774
tugur,2017,1.5771277851538275,136.4652237033258,90.36,119.37,0.38,0.7540230636237342,106.72401541871588,212.0939466208736,0.2027071526087221,0.03624780360206203
tugur,2008,1.6926729932026081,140.561610190102,63.43,71.96,0.17,0.7994556500844986,9.353195994984558,34.37278121749823,0.03404556557478093,0.03313082391190941
tugur,2017,1.6926729932026081,140.561610190102,90.78,119.69,0.43,0.7327685773778351,101.74604702390779,201.29086931141097,0.21516993398393397,0.03294393555508467
tugur,2008,1.5143494494224738,136.19927159133607,63.03,71.25,0.18,0.7880932271218185,9.907531482072939,37.258689943922676,0.0359684062486296,0.03331195129149038
tugur,2017,1.5143494494224738,136.19927159133607,90.25,119.45,0.42,0.733191372735228,107.2557141653739,215.15200919187498,0.21519801976641553,0.03482732209576404
tugur,2008,1.367275087035948,136.86984435208734,63.04,71.33,0.31,0.6752935630603965,9.69477725218224,37.06595342332497,0.04430953166506018,0.024123096957924334
tugur,2017,1.367275087035948,136.86984435208734,89.97,119.67,0.57,0.6622096556669134,109.98129426379407,225.63149548540477,0.27541263487653317,0.030998341247748536
tugur,2008,1.829156802539003,145.5237553702561,63.73,72.51,0.19,0.778793430053924,9.077480821529281,33.04905087803476,0.03469879385206224,0.03081665896205722
tugur,2017,1.829156802539003,145.5237553702561,91.88,120.96,0.52,0.6991350198820487,94.66143272515377,186.97095157461038,0.23302023377837253,0.02637722159100152
tugur,2008,1.1490601624422832,131.6104648108688,59.94,61.34,0.25,0.7110731830870304,0.4976698543735554,154.52451487249408,0.030025203268448843,0.021829883747253302
tugur,2017,1.1490601624422832,131.6104648108688,87.7,117.24,0.5,0.6758455399726291,118.37043626650281,251.29720848909562,0.25675859009738655,0.038202000287264
tugur,2008,1.979002208581221,129.08613285080318,65.39,75.55,0,0.9999999149026457,7.058912707389531,28.30224927781441,6.7389874490533895e-9,1.2057949474249348e-8
tugur,2017,1.979002208581221,129.08613285080318,92.14,120.06,0.01,0.9944020867981548,39.78985073204877,92.44343772982467,0.007492961384160126,0.0037229801995026135
tugur,2008,1.527818843232699,132.40920717491937,62.75,70.68,0.08,0.895457474353321,10.898195227376327,41.33358634450961,0.031513562225432314,0.04520551452606588
tugur,2017,1.527818843232699,132.40920717491937,89.09,117.62,0.24,0.8270542473790017,110.49559000350817,220.07034727642548,0.1594235248047043,0.04697201164356328
tugur,2008,1.4235602213419314,133.67084427436473,62.8,70.81,0.18,0.7877364772442607,10.52108066486519,40.272584412498745,0.03747497878458366,0.034588320723064725
tugur,2017,1.4235602213419314,133.67084427436473,89.72,119,0.39,0.7428462412978215,106.4051470954187,216.8501714853006,0.19657780558496568,0.03526984223129264
tugur,2008,1.7456629443557456,131.37865167243072,63.5,72.06,0,0.9999999346050412,6.376818089963591,25.67278530450463,2.0786555289170282e-8,4.2249703482479945e-8
tugur,2017,1.7456629443557456,131.37865167243072,88.78,116.3,0.06,0.9522679005399609,117.32429413309093,223.69534087693398,0.12221530093789618,0.06858029794491702
tugur,2008,1.8358154750133202,133.98184184472973,63.59,72.21,0,0.9999998308284693,6.289294642286607,25.17939763976452,6.243220846759328e-8,1.2810556834338635e-7
tugur,2017,1.8358154750133202,133.98184184472973,90.47,118.48,0.14,0.8978426005840823,103.20043980851756,197.17958378910876,0.12580160229805445,0.04601639055221857
tugur,2008,2.3082642525022914,144.97914268230272,64.36,73.5,0,0.999999934620007,6.0722730179499775,23.855825766039167,2.524912439930091e-8,5.17617791216284e-8
tugur,2017,2.3082642525022914,144.97914268230272,92.47,120.27,0.24,0.8489254422848713,90.68200218724644,169.00245381182148,0.144443600263192,0.0327215567803619
tugur,2008,2.16313969111887,145.3173896663855,63.83,72.56,0.02,0.9723221726708061,9.205076177494268,32.45301430925661,0.025304220944116416,0.04837132268660206
tugur,2017,2.16313969111887,145.3173896663855,92.32,120.51,0.31,0.8040646469340592,91.79380661817238,174.059469395289,0.16662860293068946,0.03079320165492909
tugur,2008,1.57746600221662,139.6779139110211,63.33,71.83,0.22,0.7472578621428161,9.385583147405049,34.9234277908543,0.03756630934014461,0.028967432457008502
tugur,2017,1.57746600221662,139.6779139110211,90.42,119.56,0.48,0.705566680466072,105.06327994007084,210.34191749775115,0.2387814050382639,0.03280355038306131
tugur,2008,1.7795207223550562,134.35954383820354,63.19,71.44,0,0.9999999261676782,6.459229186014023,26.103346291530023,1.273702887826992e-7,2.667588802766025e-7
tugur,2017,1.7795207223550562,134.35954383820354,90.49,118.73,0.18,0.8689086209485599,103.49820252308716,199.4725545659716,0.13738986290943334,0.043455892699579536
tugur,2008,1.7231932037008355,131.2021054269929,63.39,71.86,0,0.9999993452427797,6.421514057375068,25.91955168975202,2.2307060845798474e-7,4.551482059936352e-7
tugur,2017,1.7231932037008355,131.2021054269929,88.6,116.12,0.06,0.9508390908628652,118.98992591416717,227.3485911001697,0.12442200081872055,0.07042760561805324
tugur,2008,1.9273235294772164,133.38569421201677,64.23,73.38,0,0.9999998731807423,6.297331076160935,25.128071438849723,2.1152003229283872e-8,4.181770496128473e-8
tugur,2017,1.9273235294772164,133.38569421201677,90.36,117.98,0.07,0.9454747023695629,103.77051394954111,195.29841932526938,0.11043608129586448,0.05162320076368508
tugur,2008,2.1014495148900267,146.4417645209833,63.87,72.66,0.07,0.9115230923515313,9.133237388159912,32.4406397443299,0.02768155490420188,0.04224726643284351
tugur,2017,2.1014495148900267,146.4417645209833,92.33,120.76,0.38,0.770441138328197,92.02672633268458,176.21257683233532,0.18638009366048203,0.028987052059844774
tugur,2008,1.570713127726561,143.81615777063783,63.55,72.26,0.32,0.6663812083549647,9.082266908819841,33.880419061217275,0.04358829246526305,0.02271183406867253
tugur,2017,1.570713127726561,143.81615777063783,91.31,120.98,0.66,0.6344337231659136,97.82925667667786,199.3163135746967,0.28645464351205063,0.02414996118169434
tugur,2008,2.0947632054099965,137.5599950786348,64.44,73.71,0,0.9999999437013924,6.244175375334131,24.75569603908506,1.1378789221862759e-8,2.265562029420614e-8
tugur,2017,2.0947632054099965,137.5599950786348,91.28,118.91,0.12,0.9130481520345822,101.13253898654973,187.7311699763743,0.12570914217499743,0.04535911304105205
tugur,2008,2.4302100312024604,131.17780033526086,67.91,80.08,0,0.9999998995890172,9.90996425463266,36.89980135618107,8.899455618688894e-10,1.3301223216894587e-9
tugur,2017,2.4302100312024604,131.17780033526086,95.69,123.41,0,0.9999999985328115,33.1357574480894,73.29592722644944,3.4030436263392235e-18,1.2045751176010066e-18
tugur,2008,2.1287457731586383,133.9851135440025,65.28,75.26,0,0.9999999607123774,6.780395164202979,26.979409688378205,3.973802991723705e-9,7.373897043562056e-9
tugur,2017,2.1287457731586383,133.9851135440025,90.95,118.15,0.01,0.9901716315741572,101.3477545868446,185.8783530942496,0.09616564843293395,0.05280821609579389
tugur,2008,1.4064463767631072,125.49282348458622,62.2,69.57,0,0.9999999371225002,8.358346876559311,37.09529043936948,3.821836993880581e-8,7.87792573879427e-8
tugur,2017,1.4064463767631072,125.49282348458622,88.23,116.71,0.09,0.927930763510787,121.77222332254622,242.30333068210712,0.12228284064531299,0.06274577864279929
tugur,2008,2.0000053030459104,147.99494540300205,63.91,72.8,0.14,0.82344389984052,9.031720518250369,32.47034856139645,0.031821130536020543,0.03413400649980512
tugur,2017,2.0000053030459104,147.99494540300205,92.3,121.08,0.48,0.7199982536929203,92.63578829854676,180.05458324782575,0.22126622258169953,0.02658643612519637
tugur,2008,2.4728151599981025,147.4859533695667,64.76,74.21,0,0.9999987062687449,6.154085501542834,24.10883275612869,3.2916991423892654e-7,6.627308191632481e-7
tugur,2017,2.4728151599981025,147.4859533695667,92.88,120.5,0.23,0.8555587568367521,88.61027413722806,163.3239475689008,0.14260144540883918,0.03154575300657445
tugur,2008,1.353108333892987,140.9021399288005,63.32,71.91,0.43,0.5909710097676665,9.185089113175556,35.057007158924634,0.05212568373987052,0.017983121595206205
tugur,2017,1.353108333892987,140.9021399288005,90.28,120.26,0.74,0.5970952514849057,104.69967321597987,218.0055251076332,0.334405444583686,0.025021194572846836
tugur,2008,1.493145884248043,142.85566438353322,63.47,72.14,0.36,0.6390619190419496,9.113573729202512,34.25719008905634,0.046459012616759957,0.02097332643949095
tugur,2017,1.493145884248043,142.85566438353322,91.01,120.82,0.69,0.6202256052505691,99.41483318073017,204.32322281503465,0.3006417998589116,0.024068571022766244
tugur,2008,1.8740763619488592,141.50107847301916,63.54,72.11,0.08,0.8897943958107722,9.354348583811387,33.74655911745904,0.029204759277890142,0.041127369053328144
tugur,2017,1.8740763619488592,141.50107847301916,91.27,119.79,0.35,0.7785469690165748,98.17410458564568,190.37427153492374,0.18383808196579238,0.03386496133260593
tugur,2008,1.8925045249000672,140.73366745967022,63.51,72.03,0.06,0.9191892334070768,9.417460862642525,33.89317003990488,0.02790911118505424,0.043981899919089476
tugur,2017,1.8925045249000672,140.73366745967022,91.16,119.54,0.31,0.7982407071877182,99.51588591344279,191.8155758606334,0.17535125088664477,0.03616385251201084
tugur,2008,1.6204830708825837,139.9833570162873,63.37,71.88,0.2,0.7673266759151632,9.37363783842165,34.71457035938903,0.03612767973394571,0.030521832440910383
tugur,2017,1.6204830708825837,139.9833570162873,90.55,119.59,0.46,0.7165333736281942,103.79997457112272,206.8583561821634,0.22897561502146063,0.032958802677150754
tugur,2008,1.8176512618280343,145.81855369204595,63.74,72.54,0.2,0.7666895716118483,9.057671854883539,33.02831607629276,0.035431747926416284,0.02980875404472248
tugur,2017,1.8176512618280343,145.81855369204595,91.9,121.03,0.54,0.6913651627182994,94.7437702874309,187.50062069647606,0.23963172432902616,0.02596656297478409
tugur,2008,1.582582698830313,147.54009834397812,63.76,72.66,0.4,0.6122010475691995,8.889598428917392,33.26288153850455,0.048313952208369274,0.018761325415373523
tugur,2017,1.582582698830313,147.54009834397812,91.71,121.61,0.8,0.5908621560315709,97.04123529002874,198.40718865743332,0.34372967799340975,0.021407949566624878
tugur,2008,2.4859203225812467,129.00681914499447,69.07,82.2,0,0.9999999421805605,11.526731447391997,40.7186170719075,1.339627992934524e-10,1.7936355618754247e-10
tugur,2017,2.4859203225812467,129.00681914499447,97.73,125.75,0,0.9999992478888878,35.64173019037072,76.74711805220372,2.8540194499514843e-10,7.262249953911348e-11
tugur,2008,1.6255202681561123,145.48972344226857,63.66,72.46,0.32,0.6675983485621643,8.999724590648489,33.444191294091574,0.04308675816122115,0.02255763858900605
tugur,2017,1.6255202681561123,145.48972344226857,91.61,121.25,0.68,0.6308084969526959,96.72128540224793,196.13604452122013,0.29309290352658934,0.023415153909338366
tugur,2008,1.7825437363115277,133.81241763273695,63.3,71.66,0,0.9999999926280422,6.4045526770600905,25.808556065360104,4.905012002938977e-9,1.0185486637435358e-8
tugur,2017,1.7825437363115277,133.81241763273695,90.32,118.45,0.16,0.8833631579889893,103.58665775337131,199.4519518675704,0.13080165558670703,0.04523417710775263
tugur,2008,2.083545604510417,140.17211963414152,63.96,72.82,0,0.9999999277847544,6.117229434335402,24.193977233807317,3.2866532265933904e-8,6.785133203248934e-8
tugur,2017,2.083545604510417,140.17211963414152,91.41,119.24,0.19,0.8673790030456542,98.64791224558927,185.14249656405244,0.14294081979002327,0.040513133127216015
tugur,2008,1.7503927114322009,134.92736554353365,63.02,71.13,0.01,0.9866111207633835,10.297672275489846,37.7476297700225,0.026541129792251757,0.05353977604782688
tugur,2017,1.7503927114322009,134.92736554353365,90.55,118.95,0.22,0.8463017944444725,103.7413265073842,200.90631081814482,0.14805302167444914,0.04155137026912265
tugur,2008,1.8391146149966047,136.66615220060854,63.2,71.44,0,0.9960476653953692,9.867389854524733,35.77411201912862,0.025055336095804112,0.052271683830402774
tugur,2017,1.8391146149966047,136.66615220060854,90.83,119.09,0.22,0.8464999771398125,103.65841400032795,198.57963006438558,0.15264987120853968,0.041641048579508955
tugur,2008,1.5779936060987172,139.74702058041578,63.34,71.84,0.22,0.745944688946822,9.373960184654779,34.88003046351141,0.03760235872492342,0.028819492998327097
tugur,2017,1.5779936060987172,139.74702058041578,90.43,119.58,0.48,0.704685470782194,104.96616253131263,210.19029814281834,0.23934026546329787,0.032690979998826745
tugur,2008,1.8261087638716502,138.84076879786844,63.37,71.79,0.06,0.9243145817010228,9.56753365881336,34.6521486601772,0.02781985130472934,0.04468921621224673
tugur,2017,1.8261087638716502,138.84076879786844,90.8,119.18,0.29,0.8087218855800382,103.83709666698763,200.11530845804768,0.17514197170864274,0.03962655377544524
tugur,2008,1.723349000755396,139.06410365539304,63.35,71.79,0.12,0.8525783700350744,9.502023452185556,34.797336151355964,0.03119374550133907,0.037883041071281
tugur,2017,1.723349000755396,139.06410365539304,90.62,119.29,0.35,0.7694958024560529,104.73266592452352,204.8360678776075,0.1974683395886277,0.03728055307637574
tugur,2008,1.1971125903876252,132.94623173647472,62.66,70.63,0.35,0.6436514479900785,10.600423688504135,41.94972386999292,0.050305056847069485,0.023085372913674154
tugur,2017,1.1971125903876252,132.94623173647472,88.96,118.88,0.56,0.6567474643945063,110.17007219463426,233.34002630129794,0.257961616946609,0.030829232343452216
tugur,2008,2.7257759630219462,151.7286682608284,65.28,75.09,0,0.9999999837093437,6.341040923934476,24.703059860122437,4.223024978732916e-9,8.300688977903157e-9
tugur,2017,2.7257759630219462,151.7286682608284,93.42,120.79,0.23,0.860085374987645,84.65677026840054,154.20104839935942,0.1399223482415632,0.029177676858759168
tugur,2008,1.8893111352081766,149.3520229469737,63.94,72.9,0.23,0.7405114688588154,8.95239908138616,32.58657134295842,0.036911207386651115,0.027454194863333718
tugur,2017,1.8893111352081766,149.3520229469737,92.23,121.39,0.6,0.66961293773082,93.20775174515732,184.10726159457303,0.2627001682803036,0.02424012179129291
tugur,2008,1.5943272048545674,144.01995637544618,63.57,72.29,0.31,0.6759602463410128,9.076279767515654,33.78238308491769,0.04266813616560516,0.023342398158743907
tugur,2017,1.5943272048545674,144.01995637544618,91.38,121,0.65,0.6399261709632698,97.44214423327318,197.9600692400517,0.2812227917031699,0.024290656694880865
tugur,2008,1.2947224815165006,140.4375555491405,63.28,71.84,0.48,0.5647720299814462,9.196561167988364,35.34246215992087,0.05565148880150694,0.016427664784224194
tugur,2017,1.2947224815165006,140.4375555491405,90.06,120.18,0.78,0.5805594185457555,106.53220789464615,223.3736562429754,0.35778464139680677,0.024644274425702457
tugur,2008,1.9269027085556127,139.76588414886396,63.46,71.94,0.02,0.9649610477456481,9.508509851520543,34.08450206826937,0.026066032513538385,0.048620400137043523
tugur,2017,1.9269027085556127,139.76588414886396,91.07,119.26,0.26,0.8264000401194249,101.07824739369335,193.06811915536946,0.1635579940140599,0.039260662724419464
tugur,2008,2.2889605131189956,137.66413158651642,65.47,75.57,0,0.9999999625194255,6.806880047296833,26.903639196468532,4.089065460395742e-9,7.619037457488453e-9
tugur,2017,2.2889605131189956,137.66413158651642,91.63,118.78,0.05,0.9644855166850096,99.16526042211518,179.8684335999635,0.10680153500345073,0.04784781282285086
tugur,2008,1.7373994461755906,133.27148203081086,63.11,71.31,0,0.9999997509417942,6.534070484391515,26.52251844795142,2.3522942784184536e-7,4.917703487839982e-7
tugur,2017,1.7373994461755906,133.27148203081086,89.99,118.14,0.16,0.8823451199042338,105.28181235332296,203.69089311220733,0.1323684858746811,0.047074607346144416
tugur,2008,1.2870681168533777,131.03633442724853,62.56,70.39,0.22,0.7503733677292691,11.191595440523088,44.17508810663231,0.04069694617454947,0.031478689006573676
tugur,2017,1.2870681168533777,131.03633442724853,87.41,116.16,0.32,0.7686022757628702,123.94521502970828,254.86013704503745,0.20724122350602772,0.05249913146577549
tugur,2008,1.7626700127509911,136.29487514627633,63.13,71.35,0.03,0.9547990893554276,9.980942147402079,36.46536586701851,0.02726460407056695,0.049102944628038755
tugur,2017,1.7626700127509911,136.29487514627633,90.69,119.15,0.25,0.8260628502027629,104.42415271526824,202.05232076756124,0.161702356429857,0.040436359098076226
tugur,2008,1.525207161235679,143.53445967169503,63.52,72.22,0.35,0.645782155096168,9.08047360263005,34.03215386068251,0.04564052048978153,0.021355619338252602
tugur,2017,1.525207161235679,143.53445967169503,91.19,120.98,0.69,0.6219394950054029,98.48313133757088,201.81389501467794,0.2987777450049119,0.02370917533886378
tugur,2008,1.9301457254175536,133.8024586539372,64.17,73.27,0,0.9999990508476397,6.275074226916195,25.018398127382298,1.6836403735899936e-7,3.3470348499275886e-7
tugur,2017,1.9301457254175536,133.8024586539372,90.56,118.27,0.09,0.9342707162073912,102.76698886540673,193.63055434842556,0.11325690861087091,0.04910038752669951
tugur,2008,1.5922938065103216,142.175373023024,63.48,72.1,0.27,0.7075480748129428,9.195537650784313,34.184765774459926,0.04031118328342708,0.025793247780919598
tugur,2017,1.5922938065103216,142.175373023024,90.99,120.4,0.57,0.6684190248460196,99.55982153044013,201.21192723347696,0.257760571865004,0.02726125345158173
tugur,2008,1.658122438822309,131.0662733717996,62.99,71.11,0,0.999999561874297,6.6809811535904515,27.35715156046046,3.5600267316881173e-7,7.38848691616343e-7
tugur,2017,1.658122438822309,131.0662733717996,88.34,115.98,0.08,0.9315770002509229,120.94900345110942,233.18146439434076,0.13291864923475788,0.07016533114117368
tugur,2008,1.6953912129205624,145.4497189478313,63.68,72.47,0.27,0.706338919737385,9.030263793143122,33.31694249684334,0.039819161930253866,0.025294537820997946
tugur,2017,1.6953912129205624,145.4497189478313,91.7,121.15,0.62,0.6554623931293468,96.02118603182988,192.91437002328806,0.2693871220229812,0.024510426013950586
tugur,2008,1.4868824870534971,132.8472283069657,62.77,70.72,0.11,0.8538090351809676,10.75867642561684,40.95868885649966,0.033642016344247856,0.0409526068716061
tugur,2017,1.4868824870534971,132.8472283069657,89.33,118.15,0.29,0.7947547578018352,108.50624157444383,218.127643155689,0.1714801355999009,0.041900444259580415
tugur,2008,1.2732313169251124,130.87784603928,62.54,70.35,0.23,0.7443246825897297,11.264860673610434,44.61341085382386,0.04130055327426885,0.03104838207108106
tugur,2017,1.2732313169251124,130.87784603928,87.22,115.94,0.32,0.7682245605831666,126.07645146276765,259.498885328587,0.21096483129624835,0.05419880587051304
tugur,2008,2.111737136049179,127.65791325330405,66.64,77.84,0,0.999999896063873,8.474978802019159,33.2990149400687,2.3088460650478004e-9,3.7380712015794746e-9
tugur,2017,2.111737136049179,127.65791325330405,94.56,122.75,0,0.9999999829740438,35.19619126815862,81.4098925057987,1.2804162312256689e-15,5.126773844501437e-16
tugur,2008,1.8430456140684917,127.54130395927494,64.86,74.6,0,0.9999997750607302,6.740347365802834,27.178798696355557,1.9659672739734655e-8,3.6064834582902484e-8
tugur,2017,1.8430456140684917,127.54130395927494,91.17,119.13,0,0.9999996191368417,34.62288853343096,87.12357016542208,4.544890651383517e-11,2.5577999155568755e-11
tugur,2008,1.82720238217262,130.0105140913696,64.26,73.47,0,0.9999999649800868,6.399439018658601,25.68185100971623,4.53133109993362e-9,8.771918447500338e-9
tugur,2017,1.82720238217262,130.0105140913696,89.23,116.58,0,0.9999994601753744,32.697716761018114,85.03479718888357,3.89457816968816e-11,2.636213528608857e-11
tugur,2008,1.485000045389617,144.40625817600346,63.55,72.31,0.4,0.6094639161395428,9.005859268070587,33.9257695661462,0.049253015011161576,0.01889228903829573
tugur,2017,1.485000045389617,144.40625817600346,91.29,121.29,0.77,0.5946536148973206,98.4926373229686,203.3015383487653,0.3301093982710922,0.022041998112617325
tugur,2008,1.6526953072722517,145.10817946637965,63.65,72.43,0.29,0.6890291444989276,9.031288715638238,33.453632962699785,0.04129712256014216,0.024102371347712082
tugur,2017,1.6526953072722517,145.10817946637965,91.61,121.16,0.64,0.6453312881046492,96.56802595913523,195.0011658878626,0.27826335714615,0.024159148590743428
tugur,2008,1.9190035439855224,145.60763269841385,63.76,72.54,0.14,0.8271504040830332,9.10463168299158,32.863330178867024,0.03183595966685631,0.03477889520047148
tugur,2017,1.9190035439855224,145.60763269841385,92.01,120.85,0.46,0.7267596247941669,93.83532885118395,183.30795178943865,0.2132571766917084,0.027524090713843347
tugur,2008,1.4732434572154305,144.510672433161,63.55,72.31,0.41,0.6015041038070693,8.99423837890492,33.927627517154974,0.05013691891030338,0.018385175259040182
tugur,2017,1.4732434572154305,144.510672433161,91.3,121.35,0.79,0.5888544177291013,98.67701593557429,204.05818840114247,0.33771594538756045,0.02174777953803378
tugur,2008,2.483669114606021,142.141182367408,65.67,75.88,0,0.9999999107630676,6.84123138259733,26.827600623262523,9.201396332414586e-9,1.7192128763818618e-8
tugur,2017,2.483669114606021,142.141182367408,92.35,119.45,0.09,0.9386998014690121,91.92392455460867,166.28828910989995,0.11054777910781918,0.03980838677343727
tugur,2008,2.500255850744726,146.04942584912564,65.11,74.83,0,0.9999999259302524,6.350743849280995,24.900393227551138,1.3132411110594347e-8,2.579213543658277e-8
tugur,2017,2.500255850744726,146.04942584912564,92.82,120.27,0.18,0.8818794603694313,88.85700397060421,162.66303147896278,0.13056283672777982,0.0332209088508361
tugur,2008,2.06696576346992,144.57135836875997,63.76,72.46,0.05,0.9344531706406318,9.221729445551924,32.76189822567462,0.026919101885006,0.0448646796906945
tugur,2017,2.06696576346992,144.57135836875997,92.1,120.46,0.34,0.787308980511725,92.9576304743347,177.92646839258384,0.17534438395222066,0.03060231030986044
tugur,2008,2.360404479477314,148.0952410620567,64.16,73.13,0,0.9999997843716989,5.9919596359492715,23.469429901913603,3.04280311784431e-7,6.345401296764952e-7
tugur,2017,2.360404479477314,148.0952410620567,92.77,120.69,0.29,0.819371109581267,89.46258931443295,167.096209296007,0.1607414926235788,0.030152605063006894
tugur,2008,1.401896691543225,137.08987687784824,63.07,71.38,0.29,0.6927869001002558,9.667235082750482,36.79232432532592,0.042599066887732635,0.025323071991320396
tugur,2017,1.401896691543225,137.08987687784824,90.02,119.6,0.54,0.6739393567043328,109.6921037092908,223.82862576943393,0.2660807857507439,0.03186599195198594
tugur,2008,1.4685107660500358,138.3778315440642,63.21,71.62,0.27,0.7065456806905251,9.47169479676249,35.70923899459481,0.04077933041693258,0.025923470869629192
tugur,2017,1.4685107660500358,138.3778315440642,90.09,119.47,0.52,0.6836821122658155,109.18372027118612,220.8203986851511,0.26206397637221535,0.03294866390569402
tugur,2008,1.4049977565110878,135.31182973905743,62.92,71.07,0.23,0.7357769495061789,10.07453680158649,38.46956046563136,0.04028586627140163,0.029425974143723978
tugur,2017,1.4049977565110878,135.31182973905743,90.03,119.57,0.48,0.7019730365078208,107.86916282492902,220.1480356852801,0.23303604082222668,0.03251768000040643
tugur,2008,1.3859689309087755,135.11460992682208,62.89,71.03,0.24,0.7273154552330414,10.1138634103293,38.73372201270759,0.04104943630289562,0.028807728908290246
tugur,2017,1.3859689309087755,135.11460992682208,89.99,119.59,0.49,0.696957453513461,107.85474616266616,220.83964762759672,0.2354696104635532,0.032081544939490336
tugur,2008,1.8166212063992346,141.09209840648737,63.5,72.05,0.11,0.8640144819735954,9.362809913921343,33.968384581057116,0.030478398409758165,0.03877626741468866
tugur,2017,1.8166212063992346,141.09209840648737,91.1,119.73,0.37,0.7666185039718133,99.45400054026257,193.95237144843014,0.19190574386167047,0.033897488234458234
tugur,2008,1.981056302863471,139.95189488500802,63.49,71.97,0,0.994753338511878,9.572090237586767,34.07987524651114,0.02538313084613264,0.05263612998741925
tugur,2017,1.981056302863471,139.95189488500802,91.2,119.26,0.24,0.840322192486733,100.2203734600458,190.26736382563863,0.15630506696618926,0.039685777414830925
tugur,2008,1.4807744283533717,131.3278281794071,62.67,70.52,0.08,0.888841331161479,11.148089603732904,42.74684762929131,0.0318351080570897,0.044350919978931244
tugur,2017,1.4807744283533717,131.3278281794071,88.12,116.38,0.2,0.8475119508785829,119.44005597635882,237.79338296342667,0.16253866807864678,0.05796742351746421
tugur,2008,1.3862999491834136,137.52219468810569,63.1,71.46,0.31,0.6732485336861983,9.572366307904831,36.47686730786248,0.044066242632857015,0.02373479112174377
tugur,2017,1.3862999491834136,137.52219468810569,89.97,119.6,0.57,0.6615780022138912,110.26380756851214,225.56161445791003,0.27959545970500277,0.03137497488408609
tugur,2008,1.5496719896362208,136.92453400229277,63.11,71.4,0.17,0.793364821707124,9.768706700724263,36.53607689947951,0.035267604391799635,0.03343711068145833
tugur,2017,1.5496719896362208,136.92453400229277,90.3,119.41,0.41,0.7363206380807847,107.46802956248276,214.46578729963127,0.21644827025668814,0.03545542523307735
tugur,2008,1.552043264647915,131.5405654914273,62.71,70.58,0.05,0.9372030121858238,11.109003689279172,42.15372686979403,0.029458264337255378,0.049391980505974216
tugur,2017,1.552043264647915,131.5405654914273,88.46,116.59,0.17,0.8697971599281031,116.93415552047342,230.41574550152734,0.15030386414905436,0.05811136384833578
tugur,2008,1.9897683795825047,133.50736626657493,64.57,73.99,0,0.9999985510661503,6.394146279310684,25.505509319378078,1.9274214476055878e-7,3.737753301774516e-7
tugur,2017,1.9897683795825047,133.50736626657493,90.53,118,0.05,0.9618545196333916,103.07549933031707,192.3673070757874,0.10510202670976279,0.052370533806601186
tugur,2008,1.9266375995601452,148.55805389965178,63.92,72.83,0.19,0.7738061294381033,8.986154659732518,32.55785625866361,0.03469313004229198,0.03003276845565548
tugur,2017,1.9266375995601452,148.55805389965178,92.21,121.21,0.55,0.6909250168703343,93.16552280522907,182.86943567502408,0.2440889276471441,0.025355046184760536
tugur,2008,2.155159167682303,141.3453484106321,64.15,73.15,0,0.9999998520977043,6.104801569770332,24.088784649981513,5.8812877455350264e-8,1.2074555195795366e-7
tugur,2017,2.155159167682303,141.3453484106321,91.71,119.5,0.2,0.8673866819262157,96.0408317015454,179.66193448905022,0.14043668299864875,0.03841454474842969
tugur,2008,2.197652911288623,138.9817212768385,64.75,74.25,0,0.9999999873747468,6.324630768871568,25.02531538796396,2.0518533524384043e-9,4.041582745808079e-9
tugur,2017,2.197652911288623,138.9817212768385,91.5,118.95,0.11,0.9200056552679194,99.4191974275455,183.04604800583095,0.12333530655278163,0.044939840366608266
tugur,2008,1.8536271985869033,137.6614129064657,63.29,71.61,0.02,0.9757458294513918,9.75952142892987,35.24564990567456,0.02605738727126112,0.05055861330623802
tugur,2017,1.8536271985869033,137.6614129064657,90.84,119.1,0.24,0.8359793452789112,103.77596278624183,198.7143443326921,0.15980597125181173,0.04128047403828643
tugur,2008,1.2880430519699035,140.6590539833472,63.29,71.86,0.49,0.5575814016210782,9.17541858536536,35.28769333273199,0.056639324093622906,0.01600454634548094
tugur,2017,1.2880430519699035,140.6590539833472,90.11,120.28,0.8,0.5743331943977604,106.1229404138493,222.9770260974979,0.36453219970797895,0.024048258558398258
tugur,2008,1.5260790057503728,140.02453586649204,63.34,71.86,0.27,0.7086606665106809,9.327125015076767,34.90772882429295,0.040412258389979624,0.025974059715225213
tugur,2017,1.5260790057503728,140.02453586649204,90.38,119.71,0.53,0.6801682110685098,104.85917268604668,211.8571078362565,0.25743336144956763,0.030886967970283386
tugur,2008,1.9879132934054193,144.10103756816005,63.71,72.39,0.08,0.8994224182514293,9.22819223757273,33.00793859786974,0.028543107106231362,0.041695132543783334
tugur,2017,1.9879132934054193,144.10103756816005,91.93,120.45,0.37,0.7705774062841858,93.77707294130033,181.016935996051,0.18433041686249635,0.030181582447280596
tugur,2008,2.6292410211725805,145.0011054151179,65.9,76.26,0,0.9999999671494804,6.958497631251875,27.119349594772096,3.681227059443493e-9,6.829161146150741e-9
tugur,2017,2.6292410211725805,145.0011054151179,92.91,119.98,0.11,0.9265775972842331,88.12769117303894,158.72920223254368,0.11248166904336501,0.03535790686427631
tugur,2008,1.6132481071188296,139.92739368106152,63.36,71.87,0.2,0.764047303795306,9.374448807337835,34.74526994826155,0.03636265669865075,0.030268817202388342
tugur,2017,1.6132481071188296,139.92739368106152,90.53,119.59,0.46,0.7148594234026574,104.11481518001271,207.62448677300273,0.23076958707874856,0.03299034769503697
tugur,2008,1.5114386731251388,138.9417433596132,63.26,71.72,0.25,0.72146385120848,9.423737461836975,35.33906745633836,0.03949198598810676,0.026978653225701123
tugur,2017,1.5114386731251388,138.9417433596132,90.2,119.46,0.5,0.6922882247004408,107.62970722611578,216.778036849273,0.2530058862245502,0.03304457860703375
karibetsu,2015,2.440406471409064,106.3490369870916,77.11,98.87,2.46,0.5608159430651436,13.222971833165174,19.857553806663198,0.7413661944073178,0.005763591357832652
karibetsu,2016,2.440406471409064,106.3490369870916,81.34,101.26,1.28,0.7346751549352537,22.65811511708096,36.1471728919679,0.5608246037531556,0.007805342724063646
karibetsu,2017,2.440406471409064,106.3490369870916,79.41,96.92,2.61,0.6207458697212813,6.993903287300322,11.14706562746716,0.6042949523207013,0.003143119618412218
karibetsu,2018,2.440406471409064,106.3490369870916,84.37,104.95,2.02,0.7038155312736138,31.47563988738492,47.00657534380768,1.6484670382537687,0.012171925462400852
karibetsu,2015,2.409085686660352,120.5191193279122,77.75,100.46,4,0.3897222181995943,13.738405748938833,21.094628796015137,1.619850056739084,0.004660732646988286
karibetsu,2016,2.409085686660352,120.5191193279122,82.85,104.04,2.66,0.5315169090752795,23.976450409933804,39.7137627958392,1.4641378798987925,0.008250148220470198
karibetsu,2017,2.409085686660352,120.5191193279122,80.05,98.4,4.26,0.4457188263497581,7.429596043563485,12.036220853071905,1.377979092130462,0.0028670717686618222
karibetsu,2018,2.409085686660352,120.5191193279122,85.55,107.31,3.73,0.5129443113086019,34.45470224998268,53.05052873135039,4.2476819095768565,0.013427956890893836
karibetsu,2015,1.1876421718902195,105.71398513507476,78.23,103.38,6.14,0.3033995900943112,20.68122891133686,32.39316858379678,4.492832494118055,0.0060571727611622135
karibetsu,2016,1.1876421718902195,105.71398513507476,81.77,104.77,3.4,0.46559887061256855,33.18238571992813,56.5364855643625,2.85674659071409,0.012310634338210011
karibetsu,2017,1.1876421718902195,105.71398513507476,81.08,101.19,6.74,0.36641688405387773,11.39748406716394,18.346618987845197,4.4110088159442995,0.004647447238460519
karibetsu,2018,1.1876421718902195,105.71398513507476,85.04,108.77,4.89,0.44339765657120184,45.97090117142288,72.36050745081602,8.23457300911198,0.01934066470315334
karibetsu,2015,1.8470432972200166,111.50604028648895,77.85,101.37,4.34,0.3819093008678444,16.006012801430693,24.728724338194542,2.0627965842334475,0.005665902955778705
karibetsu,2016,1.8470432972200166,111.50604028648895,82.41,104.15,2.66,0.5391894439670676,27.279156282678606,45.41695858955892,1.647861485644478,0.01025653167523149
karibetsu,2017,1.8470432972200166,111.50604028648895,80.31,99.21,4.66,0.44296250134495335,8.61907338935442,13.937743001655106,1.8147822221973875,0.0036696758785531407
karibetsu,2018,1.8470432972200166,111.50604028648895,85.37,107.76,3.81,0.517690352760713,38.54468332402152,59.60317436642589,4.779868402442033,0.016497835299873004
karibetsu,2015,1.5282450849330456,113.87945953477454,78.31,102.77,5.93,0.288175196010811,17.914699041085445,27.992495555833003,3.803905141928217,0.004622269588398269
karibetsu,2016,1.5282450849330456,113.87945953477454,83.05,105.8,3.84,0.4240495706331067,30.19210465213295,51.254974970290405,3.0728890232754145,0.009702352950889084
karibetsu,2017,1.5282450849330456,113.87945953477454,80.85,100.49,6.42,0.343502598373941,9.7470212365747,15.810622473111199,3.4919719413583623,0.003295198762553958
karibetsu,2018,1.5282450849330456,113.87945953477454,85.92,109.28,5.31,0.4076854605516404,43.090275498467896,67.679079804595915,8.821982753406623,0.015616183776719979
karibetsu,2015,1.3895595260877407,112.74541108863588,78.44,103.25,6.45,0.26797173628826304,18.841961597389602,29.520026508711076,4.56197413496946,0.004457924751111303
karibetsu,2016,1.3895595260877407,112.74541108863588,83.13,106.21,4.16,0.4004777953728885,31.52979084154808,53.7656946374299,3.608777923372901,0.009694442781203154
karibetsu,2017,1.3895595260877407,112.74541108863588,81.05,100.96,7.01,0.3222677169112739,10.319532633653106,16.716440219305174,4.293256123597391,0.003300633837206366
karibetsu,2018,1.3895595260877407,112.74541108863588,86.01,109.69,5.72,0.3847914013439272,44.763657614248466,70.56904394095638,10.2807481961702,0.015498015018371935
karibetsu,2015,2.053280731459406,109.6440741899845,77.63,100.54,3.56,0.4384326534770321,14.854377048998945,22.74702751262624,1.4165051226748655,0.0057905169842633565
karibetsu,2016,2.053280731459406,109.6440741899845,82.24,103.38,2.14,0.601341063245838,25.320563312418464,41.61829726499565,1.1292422620907736,0.00945445082273302
karibetsu,2017,2.053280731459406,109.6440741899845,80.03,98.45,3.81,0.4999335323103533,7.951809958825203,12.808237806020436,1.2125322702766772,0.0035284510755009056
karibetsu,2018,2.053280731459406,109.6440741899845,85.13,106.9,3.1,0.5778021967582625,35.36358335640177,54.170142591766556,3.243940926265211,0.015065514921107167
karibetsu,2015,2.174331330793544,118.80108119129956,77.87,100.98,4.36,0.3623578546725727,14.599071374978456,22.524217580564454,1.9514276056546358,0.004646008341895879
karibetsu,2016,2.174331330793544,118.80108119129956,82.92,104.47,2.9,0.5025844544092904,25.238725767581798,42.08417881153063,1.7217020278378286,0.008545711850871466
karibetsu,2017,2.174331330793544,118.80108119129956,80.2,98.84,4.66,0.41821803424460285,7.877975767931164,12.784876367679196,1.6777365650284513,0.0029399228860333246
karibetsu,2018,2.174331330793544,118.80108119129956,85.64,107.77,4.04,0.484685454642061,36.27735400331197,56.15867811353291,4.981060164371168,0.013891115788941793
karibetsu,2015,2.9092593508957663,103.74274204255391,76.84,97.43,1.7,0.6723634892887546,11.478499221752573,16.83772103185549,0.39985180981844026,0.004573487069029701
karibetsu,2016,2.9092593508957663,103.74274204255391,81.25,100.08,0.8,0.8330755038584879,19.82973073272786,30.65265112255926,0.3071460407908748,0.005239291204392603
karibetsu,2017,2.9092593508957663,103.74274204255391,79.01,95.62,1.79,0.723765219564279,6.03464511113873,9.467317278515948,0.3109456767685938,0.0022415379414340514
karibetsu,2018,2.9092593508957663,103.74274204255391,84.12,103.55,1.36,0.8005966202833114,26.822850913521886,39.089755879876655,0.8803885407768317,0.0076420967656442695
karibetsu,2015,1.3147100380661276,102.73538558164988,77.9,102.49,4.85,0.35689784301589605,19.246589834112125,29.984408976105904,2.823423638924016,0.006563074752229772
karibetsu,2016,1.3147100380661276,102.73538558164988,81.5,103.92,2.6,0.532205396997597,30.59285991972498,51.569339055593915,1.7630443526183424,0.011898071398937596
karibetsu,2017,1.3147100380661276,102.73538558164988,80.72,100.37,5.31,0.4227009595146696,10.519204484258784,16.91303125984589,2.705109181715284,0.004709091529136601
karibetsu,2018,1.3147100380661276,102.73538558164988,84.6,107.7,3.76,0.5070075255241191,40.875775207030394,64.00512993502302,4.853441856412792,0.01800175630244064
karibetsu,2015,3.4052261091511977,101.41969602175644,76.67,96.13,1.16,0.7740413048227204,10.055100791851272,14.373625284058136,0.22920137146976113,0.0031648468359326415
karibetsu,2016,3.4052261091511977,101.41969602175644,81.24,99.01,0.46,0.911023483625378,17.451557966939784,26.108645217278372,0.17708508772050366,0.0032301842876087026
karibetsu,2017,3.4052261091511977,101.41969602175644,78.7,94.45,1.22,0.8140819728028412,5.2724475493385325,8.111069074717697,0.17049537299380094,0.0014093912183113816
karibetsu,2018,3.4052261091511977,101.41969602175644,83.96,102.27,0.89,0.8790675197845315,23.004092812321588,32.66086934594878,0.49568715585695333,0.00416034243479412
karibetsu,2015,3.600079339412122,107.2220331448145,76.77,96.43,1.41,0.7333252533731993,10.039748022183181,14.462905274375798,0.29107084862815236,0.003558910239656229
karibetsu,2016,3.600079339412122,107.2220331448145,81.4,99.43,0.65,0.875213176506431,17.937358114717078,27.127772102403632,0.24234145078502187,0.0038413867876177
karibetsu,2017,3.600079339412122,107.2220331448145,78.82,94.76,1.47,0.7775155212766496,5.328261204655696,8.256819889699393,0.2199839323118509,0.0016544912146155724
karibetsu,2018,3.600079339412122,107.2220331448145,84.25,102.88,1.17,0.8441399292871822,24.526043509883706,35.066411813293335,0.7113905987362709,0.0055230002529771186
karibetsu,2015,1.5708276016314051,107.03036845755784,77.8,101.8,4.54,0.3794768591310063,17.722604114047954,27.468276052163954,2.404499085178705,0.006472937489780657
karibetsu,2016,1.5708276016314051,107.03036845755784,81.61,103.56,2.52,0.5516013543350659,29.239383650116324,48.89504678145794,1.6538632963202538,0.01162166442162553
karibetsu,2017,1.5708276016314051,107.03036845755784,80.39,99.61,4.9,0.4444208395417723,9.541339089520065,15.404057554585513,2.1697856775012214,0.004355061850404464
karibetsu,2018,1.5708276016314051,107.03036845755784,84.83,107.52,3.7,0.5263193165054766,41.1528919682707,63.77338365551741,4.8728659348941585,0.01859018853334603
karibetsu,2015,0.9549674096634385,104.54473616936605,78.6,104.57,7.67,0.25507883751788313,23.066656589988543,36.309562793174024,7.207374097446127,0.00549769682897519
karibetsu,2016,0.9549674096634385,104.54473616936605,81.94,105.69,4.22,0.4069647748389987,36.16834638435798,62.30820719779476,4.3086665967570825,0.012150228875535006
karibetsu,2017,0.9549674096634385,104.54473616936605,81.66,102.41,8.55,0.3152382995682952,13.009334987280539,20.815945233254027,7.6165459281588435,0.004688277742930597
karibetsu,2018,0.9549674096634385,104.54473616936605,85.18,109.64,5.97,0.38725611974136365,48.90057590528784,77.78097577613188,12.007299104434294,0.018573798226136203
karibetsu,2015,4.485796122992224,104.45787653055552,76.67,94.75,0.81,0.8585155021257146,8.342314769633338,11.556490627398665,0.14145020170615943,0.0017830356500577909
karibetsu,2016,4.485796122992224,104.45787653055552,81.51,98.11,0.26,0.9594492716121951,15.1382395550742,21.82909594566166,0.12008229453468926,0.0017628368564122068
karibetsu,2017,4.485796122992224,104.45787653055552,78.51,93.27,0.84,0.8859024804440923,4.459126724010587,6.688021444205993,0.10139419969220546,7.413448232093169e-4
karibetsu,2018,4.485796122992224,104.45787653055552,84.21,101.31,0.64,0.9316665849873565,20.071029222874206,27.597528401294234,0.34569538919102666,0.001990963212331447
karibetsu,2015,1.5265945290066052,106.27597247626215,77.82,101.91,4.58,0.3760097841065338,17.963538370484972,27.864510869221963,2.463307092499481,0.006494910637464305
karibetsu,2016,1.5265945290066052,106.27597247626215,81.58,103.61,2.52,0.548863842863475,29.45751093684483,49.32864583870674,1.6639995426902272,0.0116699180717058
karibetsu,2017,1.5265945290066052,106.27597247626215,80.44,99.72,4.96,0.4411073526447763,9.684484233703303,15.628312056400459,2.2398176126718985,0.0044079494649718765
karibetsu,2018,1.5265945290066052,106.27597247626215,84.79,107.55,3.71,0.5234119094646292,41.203094894165474,63.940478950391565,4.872212567855985,0.01854230310028229
karibetsu,2015,1.5729083238088468,108.88542635841908,78.05,102.17,4.9,0.346822931174578,17.524456414525957,27.22809946935116,2.6907858258349786,0.005666543189518133
karibetsu,2016,1.5729083238088468,108.88542635841908,82.47,104.74,2.97,0.5026735793406961,29.205254217791737,49.06819474510338,2.0282690421272696,0.010720517668286562
karibetsu,2017,1.5729083238088468,108.88542635841908,80.61,99.95,5.29,0.4078833245005396,9.48072580591998,15.322818302125837,2.44401734042112,0.003873866091907464
karibetsu,2018,1.5729083238088468,108.88542635841908,85.43,108.34,4.21,0.48206224332552006,40.74664495173685,63.52484474398227,5.774217523043176,0.016992642161328574
karibetsu,2015,1.2944142478410672,108.24983144121096,78.37,103.31,6.11,0.2914505878523516,19.581050292819977,30.64170479421875,4.265205453964722,0.0052756112059847045
karibetsu,2016,1.2944142478410672,108.24983144121096,82.66,105.7,3.71,0.43854682235970216,32.13636782186693,54.66374719954382,3.086174318634554,0.010985686395438335
karibetsu,2017,1.2944142478410672,108.24983144121096,81.07,101.04,6.66,0.35038074073100645,10.712261663984396,17.291753966187386,4.062305295740324,0.003927954097805499
karibetsu,2018,1.2944142478410672,108.24983144121096,85.66,109.33,5.18,0.42011769089594886,44.545294700006444,70.15420505862156,8.67762821413325,0.017233981996717163
karibetsu,2015,0.8146463099780366,104.35555918954093,78.91,105.45,9.2,0.22107147970585633,24.87415064061284,39.24591212746417,10.595875441298839,0.004930283470697017
karibetsu,2016,0.8146463099780366,104.35555918954093,82.13,106.41,5.05,0.36265285122635993,38.52338545308065,66.82073741329114,6.11894044180716,0.011664123230963027
karibetsu,2017,0.8146463099780366,104.35555918954093,82.1,103.32,10.37,0.2780688654192187,14.258471345449319,22.697466033674676,11.780117409438429,0.004544071867340123
karibetsu,2018,0.8146463099780366,104.35555918954093,85.35,110.32,7.08,0.3449561261970395,51.39147386641122,82.25618656929677,16.726817546321627,0.01754723331058132
karibetsu,2015,1.5018562035502432,114.9651388384624,78.36,102.93,6.25,0.27644942732299316,18.121866880717484,28.354926307534477,4.1982309246517024,0.004462862014085179
karibetsu,2016,1.5018562035502432,114.9651388384624,83.11,105.98,4.07,0.4091822615878609,30.63768147999138,52.135555690079514,3.416672258402283,0.009611931255814145
karibetsu,2017,1.5018562035502432,114.9651388384624,80.88,100.6,6.74,0.33086761594868835,9.825265671889806,15.960690666777442,3.833795937097349,0.003202934755919856
karibetsu,2018,1.5018562035502432,114.9651388384624,86,109.48,5.61,0.3933154708628083,43.9128270219886,69.0668444938054,9.85391365146495,0.015515938366512395
karibetsu,2015,1.660073555259086,109.3921651115169,77.97,101.88,4.65,0.3610494794519649,16.985292577542452,26.331119130801405,2.4131830433781607,0.005706461450675539
karibetsu,2016,1.660073555259086,109.3921651115169,82.44,104.51,2.82,0.518209118786718,28.49534938783931,47.70810554945865,1.8488071442046867,0.010574344842335635
karibetsu,2017,1.660073555259086,109.3921651115169,80.49,99.67,5.01,0.4223161964284682,9.164950125561445,14.81313138790058,2.16439954189913,0.0038181345974715557
karibetsu,2018,1.660073555259086,109.3921651115169,85.39,108.1,4.02,0.49713710939436573,39.847726578400426,61.93860704598884,5.282220670418069,0.016812165170963286
karibetsu,2015,2.1983452392734217,109.52637960480357,77.52,100.08,3.24,0.4678203435654897,14.173973480158706,21.599044812790872,1.1768645655913805,0.005720467260362278
karibetsu,2016,2.1983452392734217,109.52637960480357,82.18,103,1.93,0.6314317784865658,24.308432434695877,39.666085573659075,0.9519862136997819,0.008921475422490931
karibetsu,2017,2.1983452392734217,109.52637960480357,79.88,98.03,3.46,0.5287747933781224,7.58160508686504,12.184268697545331,0.9955594697579658,0.0033832775076306975
karibetsu,2018,2.1983452392734217,109.52637960480357,85.05,106.49,2.83,0.6071111057554147,33.86131428512592,51.57204204093172,2.73227412859289,0.014189157406236259
karibetsu,2015,2.786441726601835,106.98750653555754,76.98,98.07,2.08,0.6146195318356957,12.090026111903802,17.94141655185402,0.5498647212852723,0.005159816182128695
karibetsu,2016,2.786441726601835,106.98750653555754,81.35,100.67,1.06,0.7813190316531585,21.027877494265695,33.02039202267108,0.431432220299298,0.006493622237395443
karibetsu,2017,2.786441726601835,106.98750653555754,79.2,96.21,2.2,0.6705982936216222,6.395499594081008,10.12206583119469,0.4368443245942791,0.002669550870330888
karibetsu,2018,2.786441726601835,106.98750653555754,84.33,104.3,1.73,0.7499103428356801,29.169372272384884,43.001749098957134,1.2730410886883785,0.010009840997842703
karibetsu,2015,2.1153717947668915,109.55493309166576,77.57,100.33,3.41,0.4514938516336012,14.538990436174826,22.220679188646333,1.3003251925184456,0.005761067510895052
karibetsu,2016,2.1153717947668915,109.55493309166576,82.22,103.22,2.04,0.6148165665017937,24.874051024911576,40.75384813660882,1.0457910014901628,0.009227874896210866
karibetsu,2017,2.1153717947668915,109.55493309166576,79.97,98.28,3.65,0.5128228202418913,7.799897244024152,12.551446660268898,1.1119515589835225,0.0034742551951472966
karibetsu,2018,2.1153717947668915,109.55493309166576,85.1,106.72,2.98,0.590911608387112,34.69146164658156,53.006622509062375,3.00222588176907,0.014689638601226448
karibetsu,2015,2.2789839728696095,110.83173224774868,77.51,99.96,3.22,0.4705773213891619,13.918855398087116,21.189373424556013,1.1556907979518456,0.0056438990257596695
karibetsu,2016,2.2789839728696095,110.83173224774868,82.21,102.95,1.94,0.632861840615415,24.041072848031693,39.1794205043169,0.9521716545122123,0.008826913249574977
karibetsu,2017,2.2789839728696095,110.83173224774868,79.85,97.93,3.44,0.5311513927986923,7.447593580736015,11.970333188175358,0.9724545451509204,0.0033184422616047496
karibetsu,2018,2.2789839728696095,110.83173224774868,85.08,106.44,2.84,0.6086850930259036,33.66190171318768,51.20060644643782,2.7517965910157987,0.014113782175491706
karibetsu,2015,1.9903896236877754,111.00296020206284,77.71,100.85,3.88,0.41403106738673573,15.229354706539787,23.412923348916443,1.6534246312876923,0.005728142895802892
karibetsu,2016,1.9903896236877754,111.00296020206284,82.32,103.7,2.36,0.574275193552526,26.049719857028432,43.046088482390225,1.3325261087669666,0.009814428942366235
karibetsu,2017,1.9903896236877754,111.00296020206284,80.13,98.73,4.15,0.4753292082542578,8.18009462842582,13.204060810483629,1.4318832670704105,0.0035795341450517047
karibetsu,2018,1.9903896236877754,111.00296020206284,85.25,107.26,3.41,0.5516758111218867,36.65084138760502,56.35488571976843,3.8540659322120754,0.015741112203055494
karibetsu,2015,1.7304499141243987,111.7375827375118,77.97,101.79,4.75,0.35719556694073307,16.653451464464563,25.82317656164942,2.464564085010971,0.0055637892538223524
karibetsu,2016,1.7304499141243987,111.7375827375118,82.49,104.52,2.93,0.5116043361776668,28.313294782716323,47.40600149087783,1.9544163650641064,0.010523990303205381
karibetsu,2017,1.7304499141243987,111.7375827375118,80.46,99.59,5.11,0.41779453316669574,9.00056409015669,14.570718405857365,2.2018800185535716,0.003716958818443898
karibetsu,2018,1.7304499141243987,111.7375827375118,85.47,108.15,4.17,0.49099500150382525,40.10589566950924,62.29002734773117,5.6746983867555665,0.016945182639146447
karibetsu,2015,1.4454780855807061,108.40206112615397,78.17,102.65,5.36,0.32324723288430557,18.38397577128159,28.65616477659065,3.2440077358970885,0.005538595249412112
karibetsu,2016,1.4454780855807061,108.40206112615397,82.55,105.14,3.25,0.4760696208334629,30.44233583766071,51.423286367436674,2.4019706442149458,0.010909244038357514
karibetsu,2017,1.4454780855807061,108.40206112615397,80.79,100.4,5.81,0.3836682596459065,9.97933283927449,16.124209263587012,3.0018323882521925,0.003919608046479915
karibetsu,2018,1.4454780855807061,108.40206112615397,85.51,108.74,4.57,0.45633970432644183,42.285698430793104,66.22817592614783,6.784291476527637,0.017188020578299535
karibetsu,2015,2.371614475513038,109.73088367998923,77.41,99.59,2.94,0.49862004748450833,13.470650189977844,20.411920656228205,0.9783165690738149,0.00557889913953332
karibetsu,2016,2.371614475513038,109.73088367998923,82.14,102.61,1.74,0.6617990667502137,23.281913256916543,37.69190745464453,0.805144217144708,0.00830823326588804
karibetsu,2017,2.371614475513038,109.73088367998923,79.74,97.61,3.13,0.5586234933740966,7.198232137251206,11.536523268123902,0.8156840429436382,0.003197357843907195
karibetsu,2018,2.371614475513038,109.73088367998923,84.97,106.06,2.58,0.6367873450572934,32.36484104204214,48.98373345718233,2.310801007637963,0.013189554026682362
karibetsu,2015,3.5930223857624575,114.34267317950652,77.09,97.34,1.9,0.6425492501253861,10.16708997993297,14.91254424483467,0.4293768110511814,0.004003575001617962
karibetsu,2016,3.5930223857624575,114.34267317950652,82.33,101.14,1.14,0.7839215919344936,18.27981673951991,28.428065787815566,0.3988287099506964,0.00480107704264679
karibetsu,2017,3.5930223857624575,114.34267317950652,79.2,95.68,2.01,0.6920495180085983,5.491645582951292,8.628781590667248,0.3379042628216863,0.002010470510693004
karibetsu,2018,3.5930223857624575,114.34267317950652,84.91,104.24,1.75,0.7596314375021402,25.182610793522784,36.895903777838825,1.1389202408160968,0.007542324080421688
karibetsu,2015,2.9688008425477914,107.41040494400664,76.93,97.7,1.92,0.639766144406419,11.584510900620081,17.08898974279087,0.4801617305934832,0.0048362903523087785
karibetsu,2016,2.9688008425477914,107.41040494400664,81.36,100.4,0.97,0.801973207759176,20.298472560269747,31.631694450346973,0.38367326977770333,0.005889937239645659
karibetsu,2017,2.9688008425477914,107.41040494400664,79.11,95.88,2.03,0.6935082452984257,6.1260133785790805,9.658561589608869,0.37674982155810227,0.0024417371600402877
karibetsu,2018,2.9688008425477914,107.41040494400664,84.32,103.99,1.61,0.7704997461931112,28.124013769351745,41.19917787409967,1.1334961937255996,0.009010006445554301
karibetsu,2015,1.3489252183576623,108.63516741410172,78.3,103.08,5.88,0.30070005077146744,19.13482894834939,29.912299350121447,3.92068881703419,0.005340708351123355
karibetsu,2016,1.3489252183576623,108.63516741410172,82.64,105.53,3.58,0.4492051764304501,31.594589673733203,53.62270634279669,2.8805165873242338,0.010977454986014915
karibetsu,2017,1.3489252183576623,108.63516741410172,80.98,100.83,6.4,0.3600123585336005,10.465581805023714,16.90288232056838,3.7104208585199077,0.003920355172607888
karibetsu,2018,1.3489252183576623,108.63516741410172,85.62,109.14,5.01,0.4304896108836495,43.91969275290169,69.04936886320505,8.121972287629205,0.017278438055486553
karibetsu,2015,2.5098402967272166,109.68701003450606,77.34,99.23,2.72,0.524472110279627,12.962161237630893,19.543343170322167,0.8448679755777556,0.0054391753131209485
karibetsu,2016,2.5098402967272166,109.68701003450606,82.1,102.3,1.6,0.6867828639142846,22.492396519417188,36.170410603029644,0.7013584424645487,0.007772792804002121
karibetsu,2017,2.5098402967272166,109.68701003450606,79.63,97.27,2.89,0.5834749752011728,6.918802117553036,11.059128998255984,0.6954628037778129,0.003038068194184691
karibetsu,2018,2.5098402967272166,109.68701003450606,84.92,105.72,2.38,0.6612162229756449,31.19319423190429,46.95557601670779,2.0134514374834667,0.012310125976068929
karibetsu,2015,2.9673935819277104,121.66887104256556,77.48,99.23,3.12,0.47151720174144146,12.010191164400725,18.176923442893347,0.9954953941540857,0.0046255112626404525
karibetsu,2016,2.9673935819277104,121.66887104256556,82.7,102.98,2.06,0.6164131621519641,21.30475346427213,34.596045574914534,0.9329984870002269,0.007260797216278497
karibetsu,2017,2.9673935819277104,121.66887104256556,79.7,97.33,3.32,0.5270117282142606,6.503369423221759,10.454979336164161,0.8219048794074233,0.0026415871491225194
karibetsu,2018,2.9673935819277104,121.66887104256556,85.32,106.16,2.94,0.5960113743744947,30.316008782855377,45.96457354434951,2.6943374462957177,0.011757261529193888
karibetsu,2015,1.9647448557826592,117.65449467301995,78,101.53,4.82,0.3334014366672464,15.495467748252029,24.01869203753339,2.3983141548053633,0.004547483142558728
karibetsu,2016,1.9647448557826592,117.65449467301995,82.99,104.92,3.19,0.4706934835257489,26.55317192171823,44.57866186074678,2.0703747079815633,0.008734057587051572
karibetsu,2017,1.9647448557826592,117.65449467301995,80.4,99.34,5.17,0.38856471812128146,8.391545883449114,13.626919323600509,2.107535525975278,0.0029865810806575005
karibetsu,2018,1.9647448557826592,117.65449467301995,85.75,108.26,4.43,0.4536118300536483,38.245792843625495,59.51642243129919,5.994218800306631,0.014203696887259936
karibetsu,2015,1.2666098203024019,113.07971112801104,78.55,103.72,7.25,0.24168971376616072,19.659939106967713,30.92830643847334,5.772975524087809,0.004087589921432544
karibetsu,2016,1.2666098203024019,113.07971112801104,83.27,106.72,4.71,0.3674656164817126,33.07709700917041,56.69918474511945,4.607286196439952,0.00946217653056387
karibetsu,2017,1.2666098203024019,113.07971112801104,81.26,101.46,7.94,0.2938091618527527,10.886933575350112,17.629577743652625,5.614240113587307,0.003174292124722642
karibetsu,2018,1.2666098203024019,113.07971112801104,86.17,110.23,6.45,0.3529231499974071,47.03082914410462,74.42110867213839,13.12069527282274,0.015111607013417681
karibetsu,2015,2.5680803802963856,109.6574264383943,77.3,99.06,2.63,0.535327762281635,12.744724439909934,19.17843075581032,0.7931959868788037,0.005362961110071803
karibetsu,2016,2.5680803802963856,109.6574264383943,82.09,102.17,1.54,0.6970497670720869,22.167787312451967,35.54668729168914,0.6623731651576561,0.0075420227750407865
karibetsu,2017,2.5680803802963856,109.6574264383943,79.58,97.14,2.79,0.5937908173833772,6.803125107538019,10.861186994743655,0.650991069298623,0.0029666362850988568
karibetsu,2018,2.5680803802963856,109.6574264383943,84.89,105.57,2.31,0.6712763771401633,30.70659947577256,46.12007693490136,1.9005111576460432,0.011926461833568089
karibetsu,2015,3.652692318965842,109.8480764014749,76.95,96.76,1.56,0.7040699103091004,9.893431308589587,14.333333785974824,0.32554463735772765,0.003632819978479114
karibetsu,2016,3.652692318965842,109.8480764014749,82,100.31,0.84,0.842174170417162,17.777384514875834,27.150457893960283,0.290272420658603,0.003957163296653798
karibetsu,2017,3.652692318965842,109.8480764014749,79.01,95.12,1.64,0.7497633616432127,5.3080083042652255,8.25870915110591,0.2504307090872113,0.0017364641225402308
karibetsu,2018,3.652692318965842,109.8480764014749,84.66,103.5,1.38,0.8154157060847803,24.15195071540844,34.86662740658859,0.829189777599823,0.005989372221750443
karibetsu,2015,4.725666024258771,110.79386118353771,76.83,95.18,1.03,0.8166850903204002,8.186155757144085,11.471501714501422,0.17852701565092563,0.002109528703275867
karibetsu,2016,4.725666024258771,110.79386118353771,82.06,99.05,0.49,0.9222863791404617,15.114056105186979,22.17434002316009,0.16737700707563322,0.0019767919274546308
karibetsu,2017,4.725666024258771,110.79386118353771,78.74,93.77,1.08,0.8488030386754543,4.4541838423968665,6.74718772612201,0.1320701310309162,9.21828421857648e-4
karibetsu,2018,4.725666024258771,110.79386118353771,84.63,102.11,0.92,0.8977870647593647,20.219846156598937,28.22749905767287,0.47872189577592295,0.0027319271897904792
karibetsu,2015,1.1945072015450728,111.1762905166591,78.61,103.96,7.37,0.25234297828555075,20.579603577032827,32.340073449207985,6.174028428749836,0.004704109441730008
karibetsu,2016,1.1945072015450728,111.1762905166591,82.91,106.4,4.58,0.38757155050747305,34.148973065191356,58.474564904574834,4.591418098369415,0.010733989949941234
karibetsu,2017,1.1945072015450728,111.1762905166591,81.33,101.65,8.06,0.30779739492175745,11.360092398180562,18.349542438191982,6.015925157314795,0.0036893561251024076
karibetsu,2018,1.1945072015450728,111.1762905166591,85.99,110.13,6.37,0.37128364338009523,48.31553061189555,76.3603506735228,13.223018186233105,0.017142205192443236
karibetsu,2015,2.2196633269630155,112.60956195314124,77.59,100.28,3.53,0.4434842844212436,14.270188337076677,21.81804521641785,1.3627697610548088,0.005625444198286548
karibetsu,2016,2.2196633269630155,112.60956195314124,82.29,103.27,2.16,0.6035854009382773,24.734630116957483,40.556749990543146,1.1357016683422296,0.009268593780168395
karibetsu,2017,2.2196633269630155,112.60956195314124,79.95,98.23,3.77,0.5041865378117367,7.660099989807014,12.345993691940503,1.1585874692464238,0.003393933171754616
karibetsu,2018,2.2196633269630155,112.60956195314124,85.19,106.81,3.14,0.5803913602939795,34.922053706590624,53.35227740595441,3.3076365490361472,0.014934507356264738
karibetsu,2015,2.379351041380016,106.4623751619786,77.15,99.06,2.56,0.5482767598624055,13.485167758185293,20.30032252692945,0.7990063183368818,0.005882366712591975
karibetsu,2016,2.379351041380016,106.4623751619786,81.35,101.4,1.35,0.7230482991804459,23.02620387024458,36.86158293127852,0.5998757698916145,0.008104276221223542
karibetsu,2017,2.379351041380016,106.4623751619786,79.47,97.09,2.72,0.608944574301306,7.126994059775566,11.375269571488825,0.6532739974328262,0.0032433350921316577
karibetsu,2018,2.379351041380016,106.4623751619786,84.39,105.11,2.11,0.692438639891327,32.040759735278094,47.978871673719155,1.7655047062037952,0.012687060434780377
karibetsu,2015,2.049709041262854,117.47583917353272,77.92,101.25,4.54,0.3500539324954822,15.083798478287347,23.324463554598672,2.1313529305250376,0.004643071145295039
karibetsu,2016,2.049709041262854,117.47583917353272,82.94,104.68,3,0.48977732149890196,25.92394248972406,43.36541262056914,1.850082980178096,0.008683341639765002
karibetsu,2017,2.049709041262854,117.47583917353272,80.3,99.09,4.86,0.4058011377624285,8.148170195065168,13.221625273992128,1.8543807424010135,0.002989995158926838
karibetsu,2018,2.049709041262854,117.47583917353272,85.68,108,4.18,0.4720881287868438,37.23656650767354,57.7860654893057,5.348500543771693,0.014099888347548512
karibetsu,2015,1.6520231610009835,106.91781983788827,77.71,101.46,4.24,0.39784356871812454,17.16695104306238,26.537539115790317,2.0957972603057327,0.0065063775513868
karibetsu,2016,1.6520231610009835,106.91781983788827,81.55,103.28,2.34,0.5720170879617504,28.402511020417112,47.294815843004656,1.4507119068124812,0.011318099469787657
karibetsu,2017,1.6520231610009835,106.91781983788827,80.27,99.3,4.57,0.46291006217669217,9.215907045319772,14.872640542635521,1.8683836401451976,0.004272009296371541
karibetsu,2018,1.6520231610009835,106.91781983788827,84.76,107.22,3.46,0.5458243665758932,39.98199500811884,61.750416860235084,4.2902871251873815,0.018106793795518127
karibetsu,2015,2.17700221752894,103.81864084583594,77.16,99.35,2.61,0.5382200436894702,14.096181766337706,21.29432571619468,0.8420331691357671,0.006102273719325799
karibetsu,2016,2.17700221752894,103.81864084583594,81.27,101.53,1.34,0.7173753186596045,23.635360340565605,37.997174486530255,0.6030156425924467,0.008402195530731666
karibetsu,2017,2.17700221752894,103.81864084583594,79.54,97.35,2.78,0.6001254734279888,7.439623975806953,11.881718007388207,0.6979488080140016,0.0034177360254198427
karibetsu,2018,2.17700221752894,103.81864084583594,84.26,105.18,2.09,0.6863403837066994,32.23582559035828,48.507615967772054,1.7250543457852239,0.012857220352508211
karibetsu,2015,1.18608470698219,105.60928879979984,78.25,103.4,6.13,0.3037375101908898,20.724839950384737,32.45261870915347,4.4946605750589885,0.006078455238736065
karibetsu,2016,1.18608470698219,105.60928879979984,81.77,104.77,3.39,0.46610963881212963,33.18238596392238,56.53193435539031,2.845457646504962,0.01231501657703283
karibetsu,2017,1.18608470698219,105.60928879979984,81.07,101.18,6.72,0.3668174277096717,11.40452594348332,18.35755503406043,4.397943675693713,0.004654322951461441
karibetsu,2018,1.18608470698219,105.60928879979984,85.03,108.76,4.87,0.4438960717491081,45.90865929086835,72.26372171626554,8.187300498721504,0.0193219352711428
karibetsu,2015,3.0352106836627972,106.6872176440804,76.89,97.48,1.81,0.6582793182877859,11.345564543563254,16.669341966331803,0.4339845583036259,0.004629025155579352
karibetsu,2016,3.0352106836627972,106.6872176440804,81.34,100.21,0.89,0.8179798481640372,19.894366393268193,30.836060454034335,0.34666935332889387,0.005480625396470134
karibetsu,2017,3.0352106836627972,106.6872176440804,79.05,95.68,1.9,0.7104554241965021,5.997987693141396,9.428162270719856,0.3386194601891068,0.002299758217318163
karibetsu,2018,3.0352106836627972,106.6872176440804,84.27,103.76,1.5,0.7863104819842328,27.40575803805503,39.984314591034085,1.017407776357167,0.008266628402037424
karibetsu,2015,3.342097456784505,107.89178268777688,76.84,96.97,1.63,0.6908114405175629,10.653556575583194,15.51696647629051,0.36543300490119157,0.004138790982484532
karibetsu,2016,3.342097456784505,107.89178268777688,81.39,99.87,0.8,0.842434739581695,18.92427228754194,29.01746554396326,0.3013030292813465,0.004721668954625306
karibetsu,2017,3.342097456784505,107.89178268777688,78.94,95.25,1.72,0.7395474880532337,5.651786713878465,8.83171671421091,0.28124375209841534,0.0019987624051496533
karibetsu,2018,3.342097456784505,107.89178268777688,84.29,103.39,1.37,0.8110963568604899,26.093785043210662,37.724660539488404,0.8898517587405591,0.007046529561251944
karibetsu,2015,4.243795676382152,113.23550681386182,76.94,96.15,1.4,0.7387140983123811,8.92561585066621,12.78811308398396,0.26511211127553924,0.0029674842575168944
karibetsu,2016,4.243795676382152,113.23550681386182,82.28,100.12,0.78,0.8621784346907587,16.260479796559434,24.56018415761268,0.25057137368124005,0.0030474833960446256
karibetsu,2017,4.243795676382152,113.23550681386182,78.95,94.64,1.47,0.7795125931977707,4.846939997736487,7.479096627225662,0.20213465605958023,0.0013825711722703516
karibetsu,2018,4.243795676382152,113.23550681386182,84.8,103.13,1.28,0.8380733072884167,22.066168968053315,31.563969259827534,0.7135363718961959,0.004621576708816059
karibetsu,2015,1.907204659291858,108.53973675156423,77.76,100.99,3.8,0.4192387387939688,15.615169757122915,23.975473221712377,1.6300292870111162,0.005913383082564285
karibetsu,2016,1.907204659291858,108.53973675156423,82.26,103.67,2.26,0.5825491756209565,26.188238780945966,43.26223689399173,1.2498424825270678,0.009814177496963589
karibetsu,2017,1.907204659291858,108.53973675156423,80.15,98.79,4.05,0.4813608542160261,8.31105167139626,13.39772644520153,1.3926204779636495,0.00366099771755424
karibetsu,2018,1.907204659291858,108.53973675156423,85.16,107.19,3.26,0.5594461391084243,36.39636698517431,56.0016460150278,3.559732336080741,0.015549757264887436
karibetsu,2015,3.486800385763661,109.19925510521782,76.97,97,1.64,0.6882435376321787,10.19908245600871,14.840311306588204,0.35299793497828563,0.003856067447066229
karibetsu,2016,3.486800385763661,109.19925510521782,81.99,100.48,0.89,0.8303485175005211,18.2200089298695,27.974499804150035,0.31064521730193456,0.00428645139018758
karibetsu,2017,3.486800385763661,109.19925510521782,79.06,95.32,1.73,0.7356349605531421,5.459783180514108,8.521485995754105,0.27315068334621173,0.001866599545294677
karibetsu,2018,3.486800385763661,109.19925510521782,84.66,103.7,1.44,0.8033621915925149,24.775425484857035,35.92480933686223,0.8868491919592962,0.006521065252415526
karibetsu,2015,1.8567912670040825,101.8113682614226,77.28,100.16,2.98,0.49354581185966745,15.457289200644226,23.58055455999869,1.0940597324307717,0.006523329830188845
karibetsu,2016,1.8567912670040825,101.8113682614226,81.21,102.04,1.52,0.6780311234863707,25.225269990387382,41.115699475579376,0.7327764874525157,0.009451337258334903
karibetsu,2017,1.8567912670040825,101.8113682614226,79.8,98.11,3.2,0.5581517972258451,8.19361345005616,13.129085829965115,0.9404730385532738,0.0038706436564108896
karibetsu,2018,1.8567912670040825,101.8113682614226,84.17,105.66,2.31,0.6475915341757008,33.63707396817139,51.280241052031045,2.0249170224039292,0.014163520137500676
karibetsu,2015,1.1604277394074174,99.45742408893736,77.93,102.91,4.95,0.34755527114612883,20.12563856378537,31.46302958180792,2.9913672458770875,0.006612552169181386
karibetsu,2016,1.1604277394074174,99.45742408893736,81.3,103.98,2.54,0.527585024179648,30.76252059568339,52.1815450256567,1.6928479201649382,0.011805342463220484
karibetsu,2017,1.1604277394074174,99.45742408893736,80.89,100.81,5.46,0.41439498827265536,11.069730484604275,17.755303785763573,2.963784629618418,0.004924748404433794
karibetsu,2018,1.1604277394074174,99.45742408893736,84.18,107.48,3.61,0.5020250237841719,38.48909344804373,60.9468129042183,4.256298254279682,0.016627499554778085
karibetsu,2015,0.8910395397926232,101.16638947968424,78.56,104.7,7.34,0.2603045708244282,23.406259543999408,36.886036617358,6.678900439541163,0.005644289475601345
karibetsu,2016,0.8910395397926232,101.16638947968424,81.77,105.6,3.9,0.41828887783060636,35.53436545831078,61.32010892549585,3.6995015636923507,0.012023500625726621
karibetsu,2017,0.8910395397926232,101.16638947968424,81.77,102.64,8.26,0.32209374592115636,13.345017284300596,21.260313255809756,7.316532498925818,0.004939544016331957
karibetsu,2018,0.8910395397926232,101.16638947968424,84.79,109.24,5.44,0.3978391653888276,44.919383645549026,72.0040686822272,9.433842694686728,0.017128620100326397
karibetsu,2015,2.943504933559859,109.84204135838644,77.15,98.18,2.18,0.5978983612707341,11.588566657121065,17.21296169039057,0.5652288271371986,0.004836321310976818
karibetsu,2016,2.943504933559859,109.84204135838644,82.04,101.46,1.25,0.7539149267493551,20.415790583465995,32.18078626422438,0.4850157739895244,0.006185171083458413
karibetsu,2017,2.943504933559859,109.84204135838644,79.34,96.36,2.3,0.6526761036203507,6.187092042344273,9.798873965548145,0.4518558154595645,0.002526617030730544
karibetsu,2018,2.943504933559859,109.84204135838644,84.79,104.78,1.92,0.7273459894291177,28.094257160062668,41.61685201222414,1.3889553739209388,0.009685092585271953
karibetsu,2015,4.006499486460134,102.60048615978027,76.65,95.25,0.92,0.8314165554268438,8.979436469837957,12.583422825055834,0.16602185949729184,0.0022374797303803097
karibetsu,2016,4.006499486460134,102.60048615978027,81.38,98.41,0.31,0.9458342027691717,15.96451056090437,23.326695483071404,0.13482193176981083,0.0022204848853746096
karibetsu,2017,4.006499486460134,102.60048615978027,78.56,93.68,0.95,0.8631825609049033,4.7505391795960366,7.19357053906429,0.12027374782553188,9.483444866590916e-4
karibetsu,2018,4.006499486460134,102.60048615978027,84.08,101.62,0.71,0.9161976602329069,21.076319787203044,29.31858351282442,0.38253917429031126,0.0026243364017476054
karibetsu,2015,1.173300941647435,101.9706687199238,78.09,103.14,5.43,0.32819495696934664,20.44665586761167,31.975324843762962,3.5702333223219367,0.006415846542302783
karibetsu,2016,1.173300941647435,101.9706687199238,81.56,104.39,2.89,0.5002468624320452,31.98710368028356,54.321904102625254,2.1397039346438644,0.012135554333496506
karibetsu,2017,1.173300941647435,101.9706687199238,81,101.01,5.98,0.39351317079194564,11.277562088889605,18.09956267650079,3.5356645077255933,0.004852607081817056
karibetsu,2018,1.173300941647435,101.9706687199238,84.61,108.11,4.13,0.47630052537969486,41.907591288954656,66.11464002873132,5.723166703073765,0.01797629380489522
karibetsu,2015,2.1039509532592118,109.32036234684286,77.57,100.33,3.41,0.45149516279750795,14.569230818013907,22.270273527600025,1.299366412314348,0.005770153568253077
karibetsu,2016,2.1039509532592118,109.32036234684286,82.21,103.22,2.04,0.6150519268785433,24.914213469390813,40.82359171730374,1.0435234551246353,0.00923872353226104
karibetsu,2017,2.1039509532592118,109.32036234684286,79.97,98.28,3.65,0.5128731662584523,7.806007825063287,12.561315798311163,1.110347924403261,0.0034774745448720693
karibetsu,2018,2.1039509532592118,109.32036234684286,85.08,106.72,2.97,0.591118682171045,34.69073173869294,53.01495863502724,2.9881820215787593,0.014681859452994352
karibetsu,2015,1.0375090582311344,102.2745141175014,78.33,103.91,6.39,0.2909491825678835,21.888686830534063,34.369518935693335,4.983552584953244,0.006042549901462938
karibetsu,2016,1.0375090582311344,102.2745141175014,81.69,105.02,3.43,0.45495601242273526,33.922248519629704,58.07487100024642,2.913818912691085,0.01223752230629309
karibetsu,2017,1.0375090582311344,102.2745141175014,81.37,101.8,7.09,0.3544182759622378,12.23226484980556,19.583963333263,5.144217589290399,0.004887771634895639
karibetsu,2018,1.0375090582311344,102.2745141175014,84.79,108.79,4.85,0.4330048113979614,44.37955254459959,70.46917423305935,7.778725351621405,0.018092841889165427
karibetsu,2015,2.0871346903934094,114.0283657614235,77.79,100.87,4.02,0.39407574063403294,14.812853010472828,22.792346694700946,1.7191071396322344,0.005198057365745175
karibetsu,2016,2.0871346903934094,114.0283657614235,82.69,104.12,2.57,0.5444972626920762,25.45803110707196,42.20990267640816,1.4562764528714816,0.009127024797619003
karibetsu,2017,2.0871346903934094,114.0283657614235,80.17,98.75,4.3,0.4527955729094332,7.974497185741141,12.895531985558708,1.482150462685995,0.0032518941139029777
karibetsu,2018,2.0871346903934094,114.0283657614235,85.48,107.5,3.64,0.5244363120054439,36.07918545155543,55.63547843401117,4.186886934593476,0.014701447986357934
karibetsu,2015,1.702823597431844,110.226394666785,77.95,101.77,4.62,0.3632206965288409,16.75037391511218,25.95853364474217,2.3650163148461907,0.005664788386930701
karibetsu,2016,1.702823597431844,110.226394666785,82.45,104.46,2.82,0.5197688161906158,28.279689241622066,47.307954769853,1.8415399702433632,0.010522418980063054
karibetsu,2017,1.702823597431844,110.226394666785,80.45,99.58,4.98,0.4243168688981364,9.039838909720359,14.619707925759524,2.113529835553749,0.003770868470042134
karibetsu,2018,1.702823597431844,110.226394666785,85.41,108.06,4.02,0.49873652803081464,39.73695654002008,61.705278960180785,5.295187664454974,0.016813119191651144
karibetsu,2015,2.271857672395332,114.32444068403574,77.66,100.34,3.63,0.42575007859293584,14.017671112462562,21.456094502317278,1.3997628225816265,0.005206813101122781
karibetsu,2016,2.271857672395332,114.32444068403574,82.62,103.68,2.31,0.578023007683179,24.278548211469335,39.9520933815633,1.2067144293808685,0.008714735855956201
karibetsu,2017,2.271857672395332,114.32444068403574,80,98.28,3.87,0.48445741017158794,7.535203162169322,12.160373008775462,1.1884545701900153,0.003149271157957142
karibetsu,2018,2.271857672395332,114.32444068403574,85.38,107.03,3.3,0.5570887080574951,34.32488541697386,52.61520319120414,3.4701028965203315,0.0140301096940122
karibetsu,2015,3.0526606923020103,112.11540927215373,77.16,98.16,2.23,0.5916524981135031,11.418079678810045,16.96720229851216,0.5828704846536753,0.004788273574025029
karibetsu,2016,3.0526606923020103,112.11540927215373,82.08,101.5,1.31,0.746108835154018,20.29643004847362,32.01926005291924,0.5131321054086657,0.0062590594441623475
karibetsu,2017,3.0526606923020103,112.11540927215373,79.35,96.35,2.37,0.6463482958943908,6.119912917275263,9.701408915321869,0.46702643979544356,0.0025157324088014247
karibetsu,2018,3.0526606923020103,112.11540927215373,84.85,104.84,2,0.7200768758547313,28.145855255865342,41.706862232025046,1.482452975044432,0.009891547268637705
karibetsu,2015,1.1106971838311925,115.1140852481318,78.87,104.58,8.98,0.20190777681449443,21.193690968898732,33.45496350003094,9.011110105117119,0.003488945309451247
karibetsu,2016,1.1106971838311925,115.1140852481318,83.52,107.51,5.89,0.3148377751222134,35.4903782142038,61.263534114776924,7.1378268050921,0.008749330895991132
karibetsu,2017,1.1106971838311925,115.1140852481318,81.6,102.23,9.86,0.2496596763976744,11.785320479747313,19.06112185824579,8.941041969198345,0.0028633284057945426
karibetsu,2018,1.1106971838311925,115.1140852481318,86.49,111.1,8.03,0.3023030151267402,51.0526388853564,81.15542107291871,20.560331807490876,0.014081462313893059
karibetsu,2015,1.7839617809871338,103.34247856906214,77.42,100.6,3.35,0.46043729570857644,16.04034964674166,24.588039055616044,1.3554995500509273,0.006600240094710743
karibetsu,2016,1.7839617809871338,103.34247856906214,81.32,102.47,1.76,0.6425370888033652,26.317086074591078,43.2141957257391,0.9183737895056499,0.010175425109630803
karibetsu,2017,1.7839617809871338,103.34247856906214,79.96,98.52,3.6,0.5256635360136074,8.542276222408855,13.721216271204488,1.181668783517475,0.004056541107128878
karibetsu,2018,1.7839617809871338,103.34247856906214,84.37,106.19,2.65,0.6134093750779055,35.715888284733644,54.69820890351396,2.595483632126205,0.015604677026700459
karibetsu,2015,1.7061046543730847,104.94621802820214,77.57,101.07,3.79,0.4272071064956117,16.652074131989696,25.645010158354548,1.6955840795971047,0.006593175591312901
karibetsu,2016,1.7061046543730847,104.94621802820214,81.44,102.9,2.04,0.6057810605940087,27.43604149296518,45.38889987372486,1.1611557313517475,0.010829203240840208
karibetsu,2017,1.7061046543730847,104.94621802820214,80.13,98.95,4.08,0.4925779401006435,8.914566799004197,14.352003437041446,1.5010015371776282,0.0042038442173322425
karibetsu,2018,1.7061046543730847,104.94621802820214,84.56,106.73,3.04,0.5781914511334669,37.88723084836208,58.293283602445555,3.3495200296079455,0.016957047730050922
karibetsu,2015,1.7830073563889421,107.09131330072464,77.58,100.98,3.86,0.42401392698525786,16.360354522458277,25.189645598138377,1.7372515876200278,0.006487651795411425
karibetsu,2016,1.7830073563889421,107.09131330072464,81.5,102.91,2.12,0.5997460408673773,27.294284104341152,45.15155741878923,1.2288912173567068,0.010849093389223853
karibetsu,2017,1.7830073563889421,107.09131330072464,80.11,98.87,4.15,0.4888500189470238,8.773690062668193,14.142846713098422,1.5298086940506452,0.00412889856112745
karibetsu,2018,1.7830073563889421,107.09131330072464,84.69,106.83,3.17,0.572584970475532,38.442429340135156,59.05827651439301,3.644064843682228,0.017361157066740296
karibetsu,2015,1.8036506984183138,107.1354380264758,77.57,100.93,3.81,0.4278897381718582,16.260803368307275,25.015836506719715,1.6954692199749606,0.006489175150427812
karibetsu,2016,1.8036506984183138,107.1354380264758,81.5,102.86,2.09,0.6037805850357281,27.13987636601497,44.849774533870345,1.2008484894240639,0.010776654366475822
karibetsu,2017,1.8036506984183138,107.1354380264758,80.07,98.79,4.09,0.4927056392500519,8.688338503409991,14.006325671539846,1.4796748887417148,0.00409340168100419
karibetsu,2018,1.8036506984183138,107.1354380264758,84.67,106.76,3.13,0.5765181969512789,38.20786896495772,58.65231858715135,3.5563920724354765,0.017233583171938956
karibetsu,2015,2.999618795119977,108.77563109126604,77.1,97.96,2.03,0.6188434660792154,11.36982193247124,16.81908052045447,0.5067616420606149,0.0046791295746086824
karibetsu,2016,2.999618795119977,108.77563109126604,82,101.24,1.14,0.7733056961408901,19.984490012881096,31.330999384890376,0.43161187185879213,0.005755274452468322
karibetsu,2017,2.999618795119977,108.77563109126604,79.28,96.15,2.15,0.6723406272568713,6.058727986586885,9.56695579511766,0.4017607432148188,0.0023991569756434228
karibetsu,2018,2.999618795119977,108.77563109126604,84.73,104.54,1.78,0.7463437939155827,27.3593700601518,40.35818290962668,1.231433334875723,0.008937918158268334
karibetsu,2015,3.194284519880798,108.30501868162062,77.02,97.48,1.81,0.655050994215704,10.827075924863072,15.889536946553376,0.4191117507813054,0.004296906180637624
karibetsu,2016,3.194284519880798,108.30501868162062,81.97,100.85,1,0.8043590990463904,19.12366440895935,29.67334538831877,0.3600644066156848,0.004992824377704805
karibetsu,2017,3.194284519880798,108.30501868162062,79.16,95.74,1.91,0.7056659671069824,5.77200238849925,9.062790881788167,0.32816598135000674,0.002136432097386555
karibetsu,2018,3.194284519880798,108.30501868162062,84.67,104.1,1.58,0.7771324830329321,26.034828731435276,38.08597026159378,1.0247519814896233,0.0076598860802772626
karibetsu,2015,1.8308971341029947,101.42584300599816,77.29,100.21,2.99,0.4922054356551517,15.566060932475413,23.758660414193763,1.1030993359324017,0.006556006579456686
karibetsu,2016,1.8308971341029947,101.42584300599816,81.18,102.05,1.52,0.6774539166911859,25.278300330702457,41.23178143729815,0.7302040406168265,0.009477862141891388
karibetsu,2017,1.8308971341029947,101.42584300599816,79.81,98.16,3.21,0.556991029760431,8.246492172904942,13.212983199277122,0.9498764874220543,0.0038988324154166916
karibetsu,2018,1.8308971341029947,101.42584300599816,84.13,105.64,2.31,0.6469276399273001,33.53138924033566,51.17321036577459,2.0032562905259486,0.014117558068880496
karibetsu,2015,2.5213121951987922,102.08289715826172,76.91,98.17,1.96,0.6256381799031312,12.572689600604216,18.668667136783917,0.5125954363667692,0.005272573665398304
karibetsu,2016,2.5213121951987922,102.08289715826172,81.17,100.55,0.94,0.7975767461848247,21.209344015569382,33.29897060321051,0.37205423213336924,0.006351721458201336
karibetsu,2017,2.5213121951987922,102.08289715826172,79.19,96.27,2.07,0.6818075349516609,6.589131683400669,10.414683421276695,0.40796564248986833,0.002702503747744944
karibetsu,2018,2.5213121951987922,102.08289715826172,84.04,104.03,1.53,0.764772791165831,28.374921799569854,41.92707158800835,1.0442072247524272,0.009289812487366659
karibetsu,2015,0.7879027278523394,102.79092412960291,78.88,105.51,9.03,0.22232874773555572,25.0430341518509,39.54230538761013,10.262580855023002,0.004965776576761782
karibetsu,2016,0.7879027278523394,102.79092412960291,82.05,106.38,4.89,0.3661381633594183,38.23883096471039,66.37297004751392,5.7378673790426875,0.011592065344629107
karibetsu,2017,0.7879027278523394,102.79092412960291,82.19,103.47,10.25,0.27997264210449435,14.458575143890181,22.951089960522076,11.6847738848343,0.004655909847525541
karibetsu,2018,0.7879027278523394,102.79092412960291,85.18,110.16,6.81,0.34827047388677046,49.468624022162984,79.45046781293267,15.068164286770047,0.016891527783210545
karibetsu,2015,1.8705615760582548,114.80068156503084,77.98,101.61,4.73,0.34733967711295993,15.899181536727049,24.640097596464926,2.3680424946403344,0.0049965365421268835
karibetsu,2016,1.8705615760582548,114.80068156503084,82.84,104.79,3.06,0.49216643871324944,27.21588739167337,45.601540860606164,1.9892459167354322,0.009509856223400802
karibetsu,2017,1.8705615760582548,114.80068156503084,80.41,99.41,5.08,0.405015174802754,8.576102923428987,13.908562008609579,2.082848543729492,0.0032831767421664868
karibetsu,2018,1.8705615760582548,114.80068156503084,85.66,108.22,4.28,0.47368844935152843,38.80098950405613,60.31577343219578,5.733298548510319,0.015355726991935048
karibetsu,2015,1.8897146110614784,112.76008319954563,77.9,101.38,4.4,0.36678653876982625,15.694658472909786,24.26372232658696,2.0728861361168405,0.005175679356277212
karibetsu,2016,1.8897146110614784,112.76008319954563,82.75,104.55,2.81,0.5156986882399476,26.738895978364912,44.63439468274388,1.715775441366848,0.009468394646913694
karibetsu,2017,1.8897146110614784,112.76008319954563,80.34,99.22,4.72,0.42541399851620504,8.459279165729521,13.693800523669534,1.8189535603182374,0.0033487557229739976
karibetsu,2018,1.8897146110614784,112.76008319954563,85.55,107.95,3.94,0.49631553013619295,37.79436135840646,58.602505803060936,4.903731736905227,0.015187021713600805
karibetsu,2015,1.998049461292383,112.5217407323302,77.76,100.95,4.05,0.40279584837273247,15.284330556309355,23.525321497868912,1.782082300724193,0.005652613530263646
karibetsu,2016,1.998049461292383,112.5217407323302,82.37,103.82,2.49,0.5609692863364619,26.256759644434432,43.48347112963653,1.4528952843377185,0.009925669761443639
karibetsu,2017,1.998049461292383,112.5217407323302,80.17,98.83,4.33,0.46382504273144814,8.219271351119511,13.283728687461288,1.5437548139447428,0.0035630747517227507
karibetsu,2018,1.998049461292383,112.5217407323302,85.32,107.42,3.58,0.5389351491088484,37.211569366981294,57.29354917221138,4.23752889582853,0.016027748947893876
karibetsu,2015,1.3564514936859533,120.12140876851718,78.66,103.77,8.06,0.2118528832102319,19.188313232113035,30.22553908066058,6.895198417739582,0.0032732909965307363
karibetsu,2016,1.3564514936859533,120.12140876851718,83.54,107.03,5.45,0.32174816952804264,32.50254132527258,55.948707770438595,5.800067737218413,0.007865769151018276
karibetsu,2017,1.3564514936859533,120.12140876851718,81.21,101.39,8.74,0.25834350745860546,10.520585759132672,17.128746374079796,6.478672731036447,0.0025069052708327224
karibetsu,2018,1.3564514936859533,120.12140876851718,86.4,110.48,7.4,0.30951558746807184,47.521519812540134,75.34139613474859,16.880436065583485,0.012834497584708069
karibetsu,2015,1.4691874533532672,104.00191203313663,77.78,101.94,4.43,0.3823833733306584,18.184910217432343,28.20763290687557,2.3354276239929965,0.00661472574294766
karibetsu,2016,1.4691874533532672,104.00191203313663,81.48,103.51,2.39,0.5588491980971951,29.364063263821862,49.15663929562768,1.519224277419061,0.011574525940200558
karibetsu,2017,1.4691874533532672,104.00191203313663,80.46,99.77,4.8,0.4481698233802142,9.813023720449152,15.805449524332218,2.1456490222479387,0.004501215253141437
karibetsu,2018,1.4691874533532672,104.00191203313663,84.62,107.37,3.5,0.5327906419435218,40.0842140205359,62.30894526576525,4.3070613791014205,0.01791471067884496
karibetsu,2015,2.185307420516712,107.71779712671828,77.3,99.73,3.01,0.49863872530331993,14.368775048539916,21.829178160939517,1.071515676647434,0.006181908556099662
karibetsu,2016,2.185307420516712,107.71779712671828,81.43,101.97,1.63,0.6745310004922327,24.475973746488776,39.69444896241477,0.8000813580769915,0.00924975259765786
karibetsu,2017,2.185307420516712,107.71779712671828,79.68,97.7,3.21,0.5614663220823632,7.632264018585312,12.246677948798219,0.8972297729242339,0.0035890446994790294
karibetsu,2018,2.185307420516712,107.71779712671828,84.54,105.78,2.51,0.6452565314628952,34.44534779647371,52.08632326080398,2.382117755189913,0.014746338569974395
karibetsu,2015,1.5628769035441634,109.93628442984496,78.08,102.28,5.1,0.3366779643165643,17.628861418696157,27.42434975681932,2.9002475298193984,0.005549263166068296
karibetsu,2016,1.5628769035441634,109.93628442984496,82.53,104.89,3.12,0.49000324267338624,29.54646348232121,49.72804010778429,2.2173183864075607,0.010768069881214171
karibetsu,2017,1.5628769035441634,109.93628442984496,80.65,100.06,5.52,0.39716728858266953,9.553640026267821,15.453456938551662,2.6436885156936896,0.003832947509929291
karibetsu,2018,1.5628769035441634,109.93628442984496,85.51,108.52,4.42,0.4699309442344486,41.49513137485651,64.74810577189301,6.359663815946452,0.017170834039348975
karibetsu,2015,1.135348078515391,107.520897510312,78.4,103.78,6.89,0.2800211049136957,21.34486120719002,33.504861802310224,5.65981297145823,0.005751716027244834
karibetsu,2016,1.135348078515391,107.520897510312,81.92,105.17,3.87,0.4350446124091221,34.40569440989257,58.88421773942149,3.6380950381463792,0.012311501330770587
karibetsu,2017,1.135348078515391,107.520897510312,81.22,101.53,7.57,0.341192656727728,11.794147731231954,19.001045850287372,5.59034978353283,0.004536810567268088
karibetsu,2018,1.135348078515391,107.520897510312,85.26,109.27,5.57,0.4142451975808215,48.52070246944571,76.52362713474345,10.734724160825747,0.019694694950154024
karibetsu,2015,2.2533029041415102,108.89711289618188,77.46,99.86,3.07,0.4846685322826542,13.900661835988503,21.124646763520524,1.0642845001823842,0.005692103488478164
karibetsu,2016,2.2533029041415102,108.89711289618188,82.14,102.8,1.81,0.6489388399174697,23.830117587737764,38.73226622955201,0.8594238831348044,0.008612137367985813
karibetsu,2017,2.2533029041415102,108.89711289618188,79.81,97.84,3.27,0.5453206363572932,7.424538164954037,11.912549936435902,0.89435478094014,0.0033119878729648807
karibetsu,2018,2.2533029041415102,108.89711289618188,84.99,106.25,2.67,0.6241027561954616,33.06318589984197,50.20969262913478,2.457899255091198,0.01364325207889664
karibetsu,2015,2.9429095650570583,109.64016152020852,77.14,98.16,2.16,0.6000134186641664,11.577820696817028,17.191304838023,0.5589081785528736,0.004825553770081269
karibetsu,2016,2.9429095650570583,109.64016152020852,82.03,101.44,1.23,0.7559685782685931,20.37291259075781,32.097783725100484,0.47845369321725595,0.006141832420931884
karibetsu,2017,2.9429095650570583,109.64016152020852,79.34,96.35,2.29,0.6546707912340755,6.181850822298633,9.787060120890366,0.44695895259584956,0.002517708729627819
karibetsu,2018,2.9429095650570583,109.64016152020852,84.78,104.76,1.9,0.729348079582579,28.027004335444484,41.50044290313193,1.370114865079551,0.009610736300740504
karibetsu,2015,1.9869192966921985,111.3277796538264,77.73,100.89,3.93,0.4106158200188812,15.264426598185194,23.476866248418226,1.6911811735748141,0.005712021853686883
karibetsu,2016,1.9869192966921985,111.3277796538264,82.34,103.74,2.4,0.5703440708863476,26.140043958456186,43.22508435188706,1.3665759733357963,0.009858036372639193
karibetsu,2017,1.9869192966921985,111.3277796538264,80.15,98.77,4.21,0.4718479753088361,8.204073960730959,13.246714849440803,1.4664630511850245,0.0035814623348636083
karibetsu,2018,1.9869192966921985,111.3277796538264,85.27,107.31,3.46,0.5478908706020476,36.83904578389756,56.66964456867305,3.9611486589313416,0.01583711324981009
karibetsu,2015,4.093836133037752,108.72290542049367,76.86,95.9,1.23,0.7713617484059293,9.01832103580154,12.833507192588542,0.22850988915958154,0.0027808504211602183
karibetsu,2016,4.093836133037752,108.72290542049367,81.99,99.59,0.61,0.89318591736218,16.34602770588956,24.417072280004856,0.20598962750896319,0.0027383380581076635
karibetsu,2017,4.093836133037752,108.72290542049367,78.84,94.37,1.29,0.8096408575454546,4.854178667375801,7.445261396973718,0.17163145820006495,0.0012568926835092881
karibetsu,2018,4.093836133037752,108.72290542049367,84.6,102.7,1.08,0.8670367560780462,21.934908839132937,31.093559823487627,0.5862365958603364,0.003941711002016373
karibetsu,2015,2.356939725430211,107.75164269202804,77.19,99.24,2.72,0.5306652883737526,13.643100056621764,20.59995181405193,0.8830547161180293,0.005950672829091266
karibetsu,2016,2.356939725430211,107.75164269202804,81.4,101.58,1.46,0.7051044287916045,23.41654326361085,37.6483184850143,0.671788524677106,0.008494781257343119
karibetsu,2017,2.356939725430211,107.75164269202804,79.53,97.26,2.89,0.591992352540602,7.239946527118601,11.580844367827183,0.7287553314778108,0.0033426134070389745
karibetsu,2018,2.356939725430211,107.75164269202804,84.47,105.35,2.27,0.6751182268968838,32.87464725504622,49.3736577946929,1.997710261284275,0.01346648154157805
karibetsu,2015,2.3302848662074824,107.40085637862168,77.2,99.28,2.73,0.5293023559219532,13.734317297101576,20.746576906445288,0.8910489786461989,0.005984162642921174
karibetsu,2016,2.3302848662074824,107.40085637862168,81.39,101.6,1.46,0.70423631813794,23.499186289863644,37.80065236525096,0.6728138055580536,0.008534594526064147
karibetsu,2017,2.3302848662074824,107.40085637862168,79.54,97.3,2.9,0.5907651581898151,7.281239958425938,11.647033837483672,0.7357828945279093,0.0033655622139193223
karibetsu,2018,2.3302848662074824,107.40085637862168,84.46,105.37,2.27,0.6741934861611358,32.93959301515194,49.49730313478386,1.99686901479267,0.013505453114628231
karibetsu,2015,1.9546515601328323,107.01320228101054,77.45,100.4,3.42,0.4599334089291685,15.444254263271777,23.62932805228164,1.3718611701899892,0.006421892181578229
karibetsu,2016,1.9546515601328323,107.01320228101054,81.45,102.45,1.86,0.636994371419822,25.92804097022164,42.496052685510435,0.9868322464191978,0.010126385593870147
karibetsu,2017,1.9546515601328323,107.01320228101054,79.89,98.31,3.65,0.5242272546925782,8.221100322440755,13.22690060015853,1.1735753317157505,0.0038971882650964303
karibetsu,2018,1.9546515601328323,107.01320228101054,84.59,106.31,2.81,0.6086514456858052,36.424604357621696,55.55565456797187,2.922666714412786,0.01614273099462928
karibetsu,2015,1.9158869318707339,109.6054062046566,77.74,100.98,3.9,0.4115355246632318,15.531939582495355,23.89536836087023,1.6874246599799552,0.0058044242932978
karibetsu,2016,1.9158869318707339,109.6054062046566,82.3,103.76,2.35,0.5730278998859041,26.3455926455372,43.58360333232739,1.330730946342991,0.009903183281278698
karibetsu,2017,1.9158869318707339,109.6054062046566,80.17,98.84,4.18,0.47319669879052695,8.324338473363628,13.432109793424177,1.4644709400544136,0.0036429443099810005
karibetsu,2018,1.9158869318707339,109.6054062046566,85.21,107.3,3.39,0.550314481352857,36.835606706414694,56.717460668636534,3.8171377095282515,0.015781683084330707
karibetsu,2015,1.761160509877073,116.4179742839898,78.13,102.08,5.34,0.3158537975830448,16.57647792740032,25.800923949976692,3.0007183214231543,0.004744597008152997
karibetsu,2016,1.761160509877073,116.4179742839898,82.95,105.24,3.49,0.45489856614833896,28.349093157624278,47.822551386081535,2.5221763437919984,0.009560015948838234
karibetsu,2017,1.761160509877073,116.4179742839898,80.58,99.85,5.74,0.3720368775558912,8.982546935280231,14.59246612768387,2.68090382080563,0.0032302659873591267
karibetsu,2018,1.761160509877073,116.4179742839898,85.82,108.73,4.85,0.4376445261550029,40.74582051490587,63.64213569884055,7.325752156642149,0.015520501876520616
karibetsu,2015,3.026987539658984,109.50618461353127,77.11,97.97,2.06,0.6151567385551496,11.337203400384782,16.77853894896491,0.5162340239159503,0.004680724222140348
karibetsu,2016,3.026987539658984,109.50618461353127,82.02,101.27,1.17,0.7693790221529708,19.996892709418805,31.372806926700054,0.44348088893884174,0.005817342450715488
karibetsu,2017,3.026987539658984,109.50618461353127,79.29,96.16,2.18,0.6687817938776137,6.05153722551286,9.56074380910017,0.40989993203477665,0.0024086863588713044
karibetsu,2018,3.026987539658984,109.50618461353127,84.75,104.58,1.82,0.7425788241202121,27.45496439629602,40.51645388887488,1.269794914727705,0.009069377197476875
karibetsu,2015,1.8783224857262037,107.33853310214586,77.51,100.67,3.64,0.4414763707031008,15.841786618046532,24.319799422865785,1.5427327800788408,0.006444629173916367
karibetsu,2016,1.8783224857262037,107.33853310214586,81.48,102.68,2,0.6176613964695423,26.574124108659383,43.75960393595679,1.1074415434086475,0.01050121068800368
karibetsu,2017,1.8783224857262037,107.33853310214586,79.99,98.57,3.9,0.5060326566395521,8.457136256525573,13.62609071629739,1.3365206433485597,0.003999603191332282
karibetsu,2018,1.8783224857262037,107.33853310214586,84.65,106.58,3,0.589940984254805,37.46890319744063,57.34973279441411,3.2931289858329533,0.01681781036928771
karibetsu,2015,3.324403288955871,108.83413208264302,77,97.28,1.74,0.6687583688091769,10.545715474900813,15.421108998122111,0.3905046019053222,0.004110830675885542
karibetsu,2016,3.324403288955871,108.83413208264302,81.98,100.69,0.95,0.8150626927147541,18.72514563893168,28.92814636838652,0.33933096824379516,0.004693106738775691
karibetsu,2017,3.324403288955871,108.83413208264302,79.12,95.56,1.84,0.7180573543741766,5.6344340885921564,8.825187326702615,0.30429679777231916,0.0020217743991712213
karibetsu,2018,3.324403288955871,108.83413208264302,84.67,103.93,1.53,0.7879403898191063,25.50191099070245,37.16796639424756,0.9682261794749537,0.007184539311338334
karibetsu,2015,1.7447112656863841,112.11472644061382,77.98,101.78,4.76,0.3571724249202161,16.62987654040822,25.779335731365293,2.47514053373079,0.005562592490645366
karibetsu,2016,1.7447112656863841,112.11472644061382,82.49,104.51,2.94,0.5112468533742367,28.25796216029424,47.30597780186614,1.9641901020621095,0.010511376168783873
karibetsu,2017,1.7447112656863841,112.11472644061382,80.45,99.57,5.11,0.41772460782296844,8.969722984012114,14.5236076508318,2.198947413289101,0.0037027400243188164
karibetsu,2018,1.7447112656863841,112.11472644061382,85.51,108.2,4.19,0.49072509873005776,40.225344948094516,62.448944956775485,5.753251003790599,0.017023746391202094
karibetsu,2015,1.6813842888158568,110.06464374897756,77.97,101.85,4.68,0.3600830998094695,16.904728678388242,26.20427671425275,2.4311395988467894,0.005673815022153461
karibetsu,2016,1.6813842888158568,110.06464374897756,82.45,104.5,2.85,0.516465035599942,28.423712673063267,47.587224242167586,1.875553959921089,0.010553163520951732
karibetsu,2017,1.6813842888158568,110.06464374897756,80.48,99.65,5.04,0.4211674195799734,9.11133669367686,14.732615031713149,2.171526726081246,0.00378670115519693
karibetsu,2018,1.6813842888158568,110.06464374897756,85.41,108.11,4.06,0.4955287165924869,39.924100444983026,62.03964700894351,5.388623915498311,0.01685227018254026
karibetsu,2015,1.1750321143989118,118.51382092230028,78.86,104.44,9.18,0.18740578235738842,20.58285518143016,32.504799871396735,9.183824240157163,0.0029574358444417717
karibetsu,2016,1.1750321143989118,118.51382092230028,83.69,107.63,6.18,0.2906247476723963,34.615643192390515,59.869165066777384,7.548311637458724,0.007476640305343003
karibetsu,2017,1.1750321143989118,118.51382092230028,81.51,102.06,10.03,0.23143301178337242,11.383911654600542,18.47796438260461,8.919890759711631,0.0023867699984837314
karibetsu,2018,1.1750321143989118,118.51382092230028,86.58,111.11,8.36,0.2793987702925839,50.46273099740618,80.29114402544867,21.860047568351135,0.012141496540129767
karibetsu,2015,1.7852774006996235,116.08260019502946,78.1,101.99,5.2,0.3224642278018224,16.419043000618593,25.52943089632148,2.8492282088865184,0.00480036125679478
karibetsu,2016,1.7852774006996235,116.08260019502946,82.93,105.15,3.39,0.4628039042655457,28.11836174494489,47.361341574790146,2.399027818819754,0.009568083427808613
karibetsu,2017,1.7852774006996235,116.08260019502946,80.55,99.76,5.59,0.3790020823177496,8.896968334036643,14.447377200065425,2.5403815688064153,0.0032465966444676403
karibetsu,2018,1.7852774006996235,116.08260019502946,85.77,108.6,4.72,0.4453408307629638,40.261874055506844,62.8363744914063,6.9220136728805866,0.015475359953773077
karibetsu,2015,1.762166628755589,119.932726703635,78.22,102.31,5.85,0.28260266030917625,16.620323471684934,25.945656647934438,3.520289928906259,0.004078107882937442
karibetsu,2016,1.762166628755589,119.932726703635,83.19,105.68,3.93,0.4097215153393232,28.46919796793078,48.30313480264788,3.0471847864344914,0.008588337294764489
karibetsu,2017,1.762166628755589,119.932726703635,80.65,100.04,6.29,0.33487222632602487,9.01496214541337,14.686229614578199,3.1453755216355654,0.002819683009423268
karibetsu,2018,1.762166628755589,119.932726703635,85.99,109.07,5.4,0.3946353745082926,41.35601080104164,64.86796525478346,8.855259960373637,0.01401349012835593
karibetsu,2015,2.130654588244919,114.94437321221086,77.78,100.81,4.02,0.39460097406328853,14.66343807762259,22.555033775476527,1.7084687583435063,0.005155370545613865
karibetsu,2016,2.130654588244919,114.94437321221086,82.7,104.09,2.58,0.544359279763171,25.308023937581922,41.94933275072638,1.462219542019662,0.009080328629809092
karibetsu,2017,2.130654588244919,114.94437321221086,80.15,98.7,4.3,0.45311914102977496,7.895624692468009,12.771958502164198,1.468875336416089,0.003215952383118381
karibetsu,2018,2.130654588244919,114.94437321221086,85.49,107.48,3.65,0.5243338331762262,35.9471623140705,55.40411506155282,4.218712842433668,0.014658502761472873
karibetsu,2015,3.0485575881936957,118.36038284185985,77.37,98.79,2.74,0.5141651745421257,11.622395801176493,17.468557432348643,0.797280385421302,0.004627861538461928
karibetsu,2016,3.0485575881936957,118.36038284185985,82.6,102.55,1.77,0.6610447900012598,20.577391905492227,33.09484191475306,0.7378938583539483,0.006751337972176628
karibetsu,2017,3.0485575881936957,118.36038284185985,79.58,96.94,2.91,0.5692276667058657,6.280149216497841,10.044366965643547,0.6510830257285557,0.0025588884130965483
karibetsu,2018,3.0485575881936957,118.36038284185985,85.21,105.7,2.56,0.6394316013067705,29.039776026755344,43.69555946736992,2.12425454546812,0.01087927997386343
koppi,2000,2.440406471409064,106.3490369870916,38.02,52.2,0,0.9999999088827408,5.590934268070989,19.725675925215498,2.808787384811527e-14,1.0341854479292844e-13
koppi,2000,2.409085686660352,120.5191193279122,36.62,50.09,0.12,0.7993283228601148,6.954432303671807,21.371871741355214,0.022610380079110544,0.04329914803668884
koppi,2000,1.1876421718902195,105.71398513507476,35.1,48.64,0.65,0.3979725517056339,6.255497742748237,21.056413502321586,0.04754522951728886,0.00987565475638905
koppi,2000,1.8470432972200166,111.50604028648895,35.9,49.34,0.23,0.676180793067713,6.63560410705591,21.131717817340956,0.02642195196587104,0.029781989610960784
koppi,2000,1.5282450849330456,113.87945953477454,35.84,49.5,0.54,0.44702020783875146,6.478667637949369,21.434913084888706,0.04177249306605899,0.012847397812172374
koppi,2000,1.3895595260877407,112.74541108863588,35.69,49.38,0.65,0.39623234398325047,6.399800695774628,21.430268271584925,0.04789537551279143,0.010024104468390372
koppi,2000,2.053280731459406,109.6440741899845,35.94,49.22,0.07,0.8763465759994808,6.738580631790645,20.924233026715953,0.01994924980292568,0.05032434294516188
koppi,2000,2.174331330793544,118.80108119129956,36.43,49.95,0.2,0.7023130073478228,6.834729089195385,21.39683540343013,0.025815521943066664,0.03300278350585237
koppi,2000,2.9092593508957663,103.74274204255391,41.87,58.01,0,0.9999999083536424,8.300873349578039,25.76490421572216,2.3542738934562438e-14,7.439367489357561e-14
koppi,2000,1.3147100380661276,102.73538558164988,34.98,48.37,0.4,0.5351211082640346,6.325762342692494,20.84196325295639,0.03382042314992196,0.017687480602001066
koppi,2000,3.4052261091511977,101.41969602175644,46.78,65.17,0,0.9999999838610771,12.602593866653917,32.46983332508272,2.3871772718770165e-17,5.786696162723025e-17
koppi,2000,3.600079339412122,107.2220331448145,45.34,62.86,0,0.9999999879490329,10.71090572428899,29.071876238707173,2.5979242156807622e-17,7.01536240780819e-17
koppi,2000,1.5708276016314051,107.03036845755784,35.46,48.87,0.3,0.6057156322489914,6.463313895410692,20.95663851761806,0.029497871368973246,0.02327740489862708
koppi,2000,0.9549674096634385,104.54473616936605,34.85,48.47,0.98,0.29225052942932267,6.128677011239575,21.115083590105836,0.06858718488680667,0.00525308842620371
koppi,2000,4.485796122992224,104.45787653055552,53.52,73.8,0,0.9999999500561633,18.433482295392807,38.24556912840859,3.4683187988418218e-15,4.4381405618769256e-15
koppi,2000,1.5265945290066052,106.27597247626215,35.37,48.78,0.32,0.5953879185260501,6.441259114804473,20.933750349843347,0.03013896212461339,0.022465686804537012
koppi,2000,1.5729083238088468,108.88542635841908,35.59,49.07,0.35,0.5631410358453537,6.475711246514654,21.101594740331493,0.03198996293055435,0.020184655078091363
koppi,2000,1.2944142478410672,108.24983144121096,35.36,48.95,0.61,0.4142100833157388,6.321505531372818,21.19100091283281,0.045172419856368315,0.010768668001035882
koppi,2000,0.8146463099780366,104.35555918954093,34.73,48.41,1.3,0.22954203822965677,6.05021001374245,21.170742342328296,0.09242484749388181,0.0032189647090366176
koppi,2000,1.5018562035502432,114.9651388384624,35.88,49.58,0.6,0.4186321106604148,6.473056629934196,21.517037374874953,0.04513583497154329,0.011285733179219166
koppi,2000,1.660073555259086,109.3921651115169,35.68,49.14,0.3,0.606550221009824,6.527383989582231,21.1013402644904,0.029527550994511747,0.023556443538173034
koppi,2000,2.1983452392734217,109.52637960480357,36.02,49.24,0,0.9960529658567978,6.689913333896926,20.60939393977912,0.016466359982618733,0.06189319039340852
koppi,2000,2.786441726601835,106.98750653555754,39.97,55.08,0,0.9999990622325219,6.750416882963067,22.364751907953806,2.4352828537011065e-11,8.492509296095821e-11
koppi,2000,2.1153717947668915,109.55493309166576,35.97,49.22,0.04,0.9281637481601868,6.771711166709891,20.886042821675076,0.01879869338597644,0.05671217021283472
koppi,2000,2.2789839728696095,110.83173224774868,36.2,49.46,0,0.9999968639066225,4.631036379130662,16.748736286601453,5.272563997532214e-10,2.0114392790308077e-9
koppi,2000,1.9903896236877754,111.00296020206284,35.96,49.32,0.13,0.7870483628985118,6.708335573227595,21.027110228654443,0.02243597241245298,0.04059496168351441
koppi,2000,1.7304499141243987,111.7375827375118,35.85,49.35,0.31,0.5975660715355637,6.574359199545481,21.20342840327648,0.030192744931504433,0.023113230951404155
koppi,2000,1.4454780855807061,108.40206112615397,35.47,49,0.45,0.49622659025350985,6.404859861727232,21.13103560050212,0.03680202710016538,0.015563936017745559
koppi,2000,2.371614475513038,109.73088367998923,36.9,50.48,0,0.9999962212294241,4.933254728097266,17.738025616262757,3.897778413215171e-9,1.4774124014285727e-8
koppi,2000,3.5930223857624575,114.34267317950652,42.62,58.72,0,0.999999990659475,7.948233794418168,23.17224063526478,1.5366395583680078e-17,4.9583643297039026e-17
koppi,2000,2.9688008425477914,107.41040494400664,41.01,56.6,0,0.9999998424799352,7.419679127071616,23.630888652719566,5.387317464272356e-14,1.8069631219172254e-13
koppi,2000,1.3489252183576623,108.63516741410172,35.43,49,0.56,0.43736488454561645,6.355240788098656,21.201830786749113,0.04246433539864182,0.01204395096115587
koppi,2000,2.5098402967272166,109.68701003450606,37.67,51.6,0,0.999999901586666,5.293297381329767,18.74229422910108,2.0397679434586832e-14,7.654206025380247e-14
koppi,2000,2.9673935819277104,121.66887104256556,37.69,51.39,0,0.9999965217497104,5.009965513730599,17.47325156790934,1.845734466113812e-9,7.0649364355460415e-9
koppi,2000,1.9647448557826592,117.65449467301995,36.27,49.85,0.3,0.6087052657507425,6.726775329512075,21.44697245468881,0.029989822825868855,0.02448809323392446
koppi,2000,1.2666098203024019,113.07971112801104,35.63,49.38,0.81,0.33628127402587904,6.336595286497602,21.510498145364913,0.05804559189704636,0.0071914348801428996
koppi,2000,2.5680803802963856,109.6574264383943,38,52.09,0,0.9999998510195314,5.464272986731206,19.18305431100645,1.4294149729511117e-13,5.329487184121254e-13
koppi,2000,3.652692318965842,109.8480764014749,44.58,61.67,0,0.999999993656956,9.502638771412283,25.699857321064457,2.4592749224113934e-18,7.267474396271512e-18
koppi,2000,4.725666024258771,110.79386118353771,51.26,70.56,0,0.9999999389990595,14.989710677805888,33.04176936568213,1.8044815534679426e-14,2.902974366936392e-14
koppi,2000,1.1945072015450728,111.1762905166591,35.48,49.21,0.85,0.32595739142214114,6.290919777194056,21.444960390171858,0.06007750671032356,0.006708487569876881
koppi,2000,2.2196633269630155,112.60956195314124,36.18,49.49,0.05,0.9022491976296014,6.8263542660358185,21.000021422658055,0.019467101249988183,0.054078935660755514
koppi,2000,2.379351041380016,106.4623751619786,37.62,51.62,0,0.9999984741015693,5.378178359850743,19.163965765819356,5.875290947776434e-11,2.180789949415647e-10
koppi,2000,2.049709041262854,117.47583917353272,36.31,49.85,0.24,0.6597627459315946,6.768647902194167,21.396789092025607,0.027479578414713775,0.028869938974714678
koppi,2000,1.6520231610009835,106.91781983788827,35.51,48.88,0.24,0.6646998762997824,6.5111041393539875,20.92730542318418,0.02668292140628751,0.02816892692019709
koppi,2000,2.17700221752894,103.81864084583594,36.99,50.77,0,0.9999964870470045,5.159396978844617,18.699417634912695,8.922865948179412e-10,3.3065024721732406e-9
koppi,2000,1.18608470698219,105.60928879979984,35.09,48.62,0.65,0.3989032219677533,6.25403365390383,21.04930799212764,0.04745395303052204,0.009924469525008296
koppi,2000,3.0352106836627972,106.6872176440804,41.68,57.62,0,0.9999999051357479,7.959130237170662,24.805770869417866,1.0667068556426464e-14,3.455111165168138e-14
koppi,2000,3.342097456784505,107.89178268777688,43.29,59.92,0,0.9999999727008329,8.996026216123164,26.19462850922183,1.5447125674012218e-16,4.683772106319958e-16
koppi,2000,4.243795676382152,113.23550681386182,46.96,64.83,0,0.9999995846343337,11.265235418405307,28.50928453271695,1.5493963845893794e-12,3.705664135042281e-12
koppi,2000,1.907204659291858,108.53973675156423,35.78,49.1,0.12,0.8021464282694079,6.657415095125165,20.923388117004848,0.021866604010613255,0.04175522883216679
koppi,2000,3.486800385763661,109.19925510521782,43.75,60.52,0,0.9999983505625244,9.261699562201255,26.54159502498998,9.297832372867768e-11,2.7265638968823e-10
koppi,2000,1.8567912670040825,101.8113682614226,35.43,48.59,0,0.9999971861741221,4.619143965207985,16.975994471730758,4.256308226886634e-9,1.5774277361954958e-8
koppi,2000,1.1604277394074174,99.45742408893736,34.54,47.84,0.44,0.5095412926921477,6.240983824004459,20.613198093544042,0.03625108794670574,0.015877247269774183
koppi,2000,0.8910395397926232,101.16638947968424,34.53,48.05,0.95,0.3036564429149646,6.076162020402511,20.89806418873466,0.06562588155179298,0.00552299577990302
koppi,2000,2.943504933559859,109.84204135838644,40.12,55.2,0,0.9999999992284107,5.716983340597889,14.712278613327488,4.18370210377376e-21,1.6237226840894604e-20
koppi,2000,4.006499486460134,102.60048615978027,51,70.76,0,0.9999999988037866,15.331179554862135,32.97991280940639,5.004346430441331e-20,1.0810973381412231e-19
koppi,2000,1.173300941647435,101.9706687199238,34.82,48.24,0.53,0.4571812264336543,6.239434061735274,20.837087512092488,0.040379293068423854,0.012748147104071687
koppi,2000,2.1039509532592118,109.32036234684286,35.95,49.2,0.04,0.9275807721803824,6.762121499426166,20.871647813322532,0.018770850502851905,0.056490277438668475
koppi,2000,1.0375090582311344,102.2745141175014,34.74,48.24,0.73,0.36802333332003506,6.165619730788356,20.929107077919284,0.051970325460232544,0.00822359857208055
koppi,2000,2.0871346903934094,114.0283657614235,36.18,49.59,0.15,0.7664835770826273,6.766878718945209,21.164967142262604,0.023178453352134257,0.038798508950179625
koppi,2000,1.702823597431844,110.226394666785,35.75,49.21,0.29,0.6142970954525556,6.551627770274378,21.12261269816066,0.029180555044726327,0.02427543690230777
koppi,2000,2.271857672395332,114.32444068403574,36.29,49.63,0.07,0.8838901583236358,6.857848929152771,21.077902456798146,0.019948141919791974,0.05208999956226148
koppi,2000,3.0526606923020103,112.11540927215373,40.22,55.39,0,0.999999999999427,6.790743586786502,22.561324717429848,2.1002797409935063e-16,0
koppi,2000,1.1106971838311925,115.1140852481318,35.65,49.54,1.14,0.2553829908761877,6.273908855677193,21.722214867726343,0.08132150801416979,0.0041455241976725106
koppi,2000,1.7839617809871338,103.34247856906214,35.36,48.55,0.06,0.8877186839653572,6.589382287300917,20.65404874603979,0.019540206856732415,0.050276169735951864
koppi,2000,1.7061046543730847,104.94621802820214,35.4,48.67,0.15,0.7656967721304908,6.542226253785242,20.762849881688027,0.022991064668620977,0.03753337833735545
koppi,2000,1.7830073563889421,107.09131330072464,35.61,48.93,0.16,0.7552593937267467,6.586730644637205,20.88722863783155,0.023285410899053397,0.03668486715573514
koppi,2000,1.8036506984183138,107.1354380264758,35.62,48.93,0.15,0.7693105879455772,6.59443520232903,20.8690334282468,0.022802269938746518,0.0380629550692475
koppi,2000,2.999618795119977,108.77563109126604,40.78,56.21,0,0.9999999649911064,7.158920674352587,22.863669392082926,5.130186711998112e-16,1.7473509107555157e-15
koppi,2000,3.194284519880798,108.30501868162062,42.16,58.26,0,0.9999987226501371,8.171658657509305,24.903589595563243,9.293683508708433e-11,2.9633401405857483e-10
koppi,2000,1.8308971341029947,101.42584300599816,35.34,48.48,0,0.9999949034247465,4.604056939139504,16.916370764300144,5.199667227074089e-9,1.9232644300121316e-8
koppi,2000,2.5213121951987922,102.08289715826172,39.71,54.86,0,0.9999999803338051,6.835982732400496,22.96936694526245,1.034086363714133e-16,3.5507612348907627e-16
koppi,2000,0.7879027278523394,102.79092412960291,34.6,48.24,1.29,0.232344341219711,6.028691895043484,21.091581648129157,0.09100435920040106,0.0032557588487439654
koppi,2000,1.8705615760582548,114.80068156503084,36.09,49.62,0.29,0.614116731977273,6.658967957385925,21.31322859287506,0.029440373000368784,0.024664606919481157
koppi,2000,1.8897146110614784,112.76008319954563,36,49.46,0.23,0.6723538759836469,6.66156792968612,21.186884595831586,0.026619331273036305,0.029538510540666228
koppi,2000,1.998049461292383,112.5217407323302,36.05,49.45,0.16,0.7488439277980953,6.71564752445519,21.116239559507463,0.023707001546325913,0.036826648753277076
koppi,2000,1.3564514936859533,120.12140876851718,36.04,49.94,0.93,0.3036255033895075,6.44071475723259,21.881902547410174,0.06703305050543835,0.005985493294363428
koppi,2000,1.4691874533532672,104.00191203313663,35.19,48.54,0.3,0.6127480562490546,6.411530957021116,20.834922959972765,0.02916029442133663,0.023557402240704392
koppi,2000,2.185307420516712,107.71779712671828,36.25,49.59,0,0.9999873403006719,4.7239547741601955,17.157968556517897,6.768438821656771e-8,2.563154177539428e-7
koppi,2000,1.5628769035441634,109.93628442984496,35.64,49.16,0.39,0.5350309478387105,6.477042886207266,21.177864533602364,0.03393269418493027,0.018269567218935124
koppi,2000,1.135348078515391,107.520897510312,35.21,48.84,0.79,0.3431500398622971,6.232798007426514,21.226102063215663,0.05626775833325346,0.0073316336774923545
koppi,2000,2.2533029041415102,108.89711289618188,36.41,49.81,0,0.9999949812496657,4.756827693223909,17.22920325534383,5.369231954331617e-9,2.037923031219419e-8
koppi,2000,2.9429095650570583,109.64016152020852,40.18,55.31,0,0.9999998795819701,6.744741067836777,22.051672626200702,3.134856297934528e-14,1.0973291338942033e-13
koppi,2000,1.9869192966921985,111.3277796538264,35.98,49.35,0.14,0.7750874639130871,6.708037068188396,21.05070419191731,0.022824953743022597,0.03940393438364395
koppi,2000,4.093836133037752,108.72290542049367,48.07,66.52,0,0.9999989867027117,12.698253824886926,31.12304406540651,4.679242045290438e-10,1.0034224852160394e-9
koppi,2000,2.356939725430211,107.75164269202804,37.21,50.99,0,0.9999999592535255,5.172310768896464,18.89301493437481,4.519110214316912e-15,1.6958615980341893e-14
koppi,2000,2.3302848662074824,107.40085637862168,37.13,50.88,0,0.9999998514956949,5.104523279060002,18.33118366388355,1.6639985864892258e-13,6.246307826969444e-13
koppi,2000,1.9546515601328323,107.01320228101054,35.71,48.95,0.06,0.8930661321670749,6.6762937198641,20.787426768843815,0.01948211452150407,0.05178905292442731
koppi,2000,1.9158869318707339,109.6054062046566,35.85,49.2,0.14,0.7749098148058448,6.6642046541434965,20.988232686312074,0.022699277004266334,0.03900664895072937
koppi,2000,1.761160509877073,116.4179742839898,36.11,49.74,0.41,0.5234787956605327,6.615718027061035,21.47679530243141,0.03521513390708505,0.017882472916642134
koppi,2000,3.026987539658984,109.50618461353127,40.73,56.13,0,0.9999999186586827,7.109138357308049,22.789824149194587,2.1770060470156445e-14,7.453686208655748e-14
koppi,2000,1.8783224857262037,107.33853310214586,35.69,48.97,0.11,0.8201037176798753,6.636954716497623,20.85110627679069,0.021322206592720362,0.043486298368237156
koppi,2000,3.324403288955871,108.83413208264302,42.83,59.21,0,0.999999876738275,8.617105672301435,25.58562127437883,3.929225547372897e-14,1.2127683640836214e-13
koppi,2000,1.7447112656863841,112.11472644061382,35.87,49.38,0.31,0.5977259652140416,6.5798789396064485,21.20690733380558,0.03015800456066764,0.023125430600387836
koppi,2000,1.6813842888158568,110.06464374897756,35.73,49.2,0.3,0.6044386943536015,6.542915036386834,21.137017570285927,0.029688372305474053,0.023464155045983613
koppi,2000,1.1750321143989118,118.51382092230028,35.86,49.81,1.15,0.2531018223773696,6.341330618880543,21.898560608286097,0.08344765172029721,0.00412622610721867
koppi,2000,1.7852774006996235,116.08260019502946,36.11,49.72,0.38,0.5418101696791027,6.626551635166327,21.4493461681112,0.0338641852514583,0.01916122069391913
koppi,2000,1.762166628755589,119.932726703635,36.25,49.97,0.5,0.47010347558173676,6.635218912032617,21.653394901725598,0.040193399477532143,0.01454589098272991
koppi,2000,2.130654588244919,114.94437321221086,36.24,49.66,0.14,0.7701366769403682,6.790781954645266,21.188640076462846,0.023106148269027807,0.03929841288614392
koppi,2000,3.0485575881936957,118.36038284185985,38.68,52.89,0,0.9999998963667422,5.565976173631867,18.933249708127377,5.925428357820096e-14,2.2235049990389106e-13
