linf,k
130.62801712459103,0.07975978681106484
125.63039822803725,0.08832992176587434
124.11946460852006,0.08769742675036803
146.3214753932568,0.07967230485122266
149.0483904089475,0.0798383638945233
145.78898644644866,0.08671551799895658
138.56963924760845,0.09124854841588206
135.93273374800003,0.08977821557182526
141.7126234288349,0.08684828102256924
145.71054258997415,0.08452488330860355
143.35931533428598,0.08704239697143436
140.9064800396991,0.08735693641856497
135.84119842749513,0.08616607677588613
139.30643008582263,0.09180234936785678
130.08349379352197,0.10762409725532929
146.2633724009755,0.07516692333464044
145.88307555240686,0.07624462926576656
129.02502294060784,0.10253394498488298
135.86191128866955,0.08880298371933182
128.28274036926558,0.08884331858956501
147.86903417315588,0.08712560513192419
149.38328836794693,0.08790281374880315
143.05421581433424,0.08712478704950173
134.77767208915523,0.08793926860804266
132.00556843142883,0.09258362380199203
140.52219404026982,0.09039760669913202
142.03610024554573,0.0802561722992544
143.9556639436624,0.07969001062966008
139.13982321852194,0.08560377220332026
143.75913600705894,0.07854020809545394
140.5486889976485,0.08346222378201634
141.42383794171786,0.08116515644431506
137.9840914630462,0.08948222247449188
143.18402435530408,0.08096529355275608
142.30569328984893,0.07970223323442867
145.92963357091762,0.07744849950295
141.93265120151278,0.08987697213910666
142.0252284915721,0.09214269005836084
137.10921428235315,0.08700069034779423
139.2985179302833,0.09426261166158442
141.10689459429375,0.0851415349468741
145.28473160812266,0.08596010699150917
134.2172830469594,0.09107699021424191
144.9767953678964,0.08412281337467524
133.43947817989044,0.08776207864560233
144.9602149696167,0.08249451916246177
144.82809359782829,0.08038498543177487
138.51752731928806,0.08408903735674374
142.83426206181892,0.08361105060334971
129.28076039650114,0.09129201628684444
125.27969114222766,0.08696907960812424
150.09900245079032,0.08251155230054442
131.33004847666678,0.08845967709042668
133.24543405064156,0.08944359044978724
129.5980318828015,0.08663096747777665
131.2371900204179,0.08664430412781195
130.16300430310628,0.08747075226608655
125.94870906973789,0.08641679566654754
128.9247288061792,0.0915282613871018
147.75992405090284,0.07614109095035215
140.9368741143075,0.08251117895471538
134.04461771519266,0.09151770163259874
136.12971284031778,0.09751201163583768
150.14825658984452,0.0853833531948606
142.6315396914415,0.0775264406893065
140.00427687898505,0.07642823204833162
136.90831403981758,0.07969961090350267
139.90907323679156,0.0812590788489449
141.11465074292653,0.08221741250818985
142.57037192505481,0.092375964271402
135.657392237412,0.08666075648343127
142.125388494989,0.09280094400604243
129.74775150940062,0.0954057082771941
132.74103273920088,0.09475046481614847
136.6210374792054,0.08888897103729779
137.4069591463219,0.09102661081483399
145.53497170221905,0.08722282558933803
133.53508657555645,0.0861037494574097
135.09912639510475,0.0829373498210175
142.2364219084574,0.0862583378492537
133.2004954258067,0.09621589073658679
132.13938636888125,0.09262491061498662
141.15562241117996,0.08236159907118826
141.64775951951827,0.08540105929026885
136.95638186502052,0.08703347579849038
144.5108596023036,0.08376304982933866
130.45121746116146,0.09723234790473953
146.0356833373899,0.07907959478430539
144.09044599668437,0.07914911919423732
147.50048799111474,0.08105336798012105
147.50112994911493,0.07995474889963412
149.86180249639446,0.07590977544562975
149.84236331115372,0.07843064268854853
147.78252981679114,0.07911889883859402
133.349036968331,0.10394956698815078
143.21251587503016,0.08220747349330701
136.2255332534696,0.0849824159233299
134.63485896632616,0.08474193791857311
139.0787423254399,0.09173751901133091
140.10890881838617,0.08527035589234384
138.28718974138337,0.08117184911885977
140.21965689878255,0.09257980479917424
138.15461583519217,0.09207691194031262
142.12086882480224,0.08336955666206494
133.96886617336477,0.08680866280265963
134.15275404276815,0.08659460536651803
141.49259939039698,0.08058875026927213
139.81246573868984,0.08972442300080757
137.36106106658863,0.09007938424969467
146.3368502746328,0.0745291774078681
130.84456112511103,0.08518842428080717
138.50783267800665,0.0922672843481549
137.62448125445846,0.09449333164647332
138.0339261172768,0.0872971515570402
136.0018119467078,0.09143523346628164
138.4381978745188,0.09346893307466554
135.52147550254088,0.09583018093339525
134.73459085169145,0.09508360921458775
146.9003307732077,0.08121238217356659
140.23879592965284,0.09173516506979712
133.1153541297017,0.08711713595014545
138.6459382754343,0.08951915825967802
136.49653117683798,0.08290091865488608
140.00723845873586,0.08555214052745892
135.1870162715241,0.09355606822208304
137.29200638002516,0.09220685788259059
137.422916041975,0.09356165513913242
134.05829902820884,0.09644911812941279
138.58341421256694,0.0846383412514918
131.97474738034833,0.08673899534481518
131.31294270313072,0.092249767015025
141.53795463049036,0.08338504721351739
140.4337532374064,0.08739950793615038
139.55283384215275,0.0887258785386493
137.8219862435024,0.08432891958564985
144.39166738491159,0.09029130494533986
147.1885510389695,0.08716241707621437
145.76989915351766,0.08495220932009463
131.62474046644826,0.09448208011181358
143.5139876406934,0.08170000399768783
144.83571584478634,0.07665968015044523
143.65982715121245,0.0779878244861934
139.45919938866012,0.08341687809931841
148.26536687192254,0.08207058957175668
151.13784731918196,0.08353428869272832
136.26439700848945,0.08929850172967445
140.92379210431648,0.09052536195347417
138.3022444149771,0.08581204703545961
139.68530185593485,0.09791537686531299
126.77720448430583,0.10192069194800056
131.70639224315886,0.09517908980584375
135.33363439151995,0.09214551277411415
133.82204641162025,0.08710616758089415
134.00439478122487,0.08705442818584065
141.28058380512263,0.07884789868551036
130.98605267815844,0.08991331796942523
139.2375243181889,0.09389124242133297
139.66861653036312,0.10229291085573175
134.0595910249845,0.07644635986500241
131.18542379395222,0.07738740917953822
132.53229583680582,0.07893377988316823
130.66487397870137,0.07966454355687581
128.79198697189395,0.0867147608452838
129.93993414533787,0.08481077065540174
150.10885229699198,0.0802335096294496
152.42437107123558,0.0746195536950488
128.88089121917832,0.10019033816280445
138.87417102023173,0.08958912180160682
132.66869786751184,0.09018780929867946
133.1025164569639,0.09165063687865926
131.15600250841848,0.08508565235913648
127.0873880015592,0.09858761401896621
136.23207423842496,0.08528328159865817
136.31502443939746,0.08565287584910632
139.2862942582793,0.07942689066217175
133.18198319512075,0.09183388230514979
143.11330427857783,0.07934269913543443
141.4015136565522,0.07892411315987298
142.94707326612587,0.08696551617973798
136.91430589139688,0.09607435502887085
137.41578319220645,0.09823484737243762
132.30706532911162,0.09465355819333979
144.6185653008397,0.08348911765170024
127.37693483738919,0.09717642639222179
134.80826113007575,0.08458708457791671
138.6020552456062,0.09154572624236988
133.36952009538336,0.09332922971676223
143.81570880276126,0.07878154317545379
146.56213787835154,0.08021643269860272
145.42238994304256,0.08567776526574249
132.6939711239465,0.08230984947849966
146.3200611434814,0.08574127515062482
130.05232396343283,0.09979411310175512
144.30175749066115,0.08344132056282749
145.9809722674812,0.08267251927805616
136.2469281145128,0.08818771286310617
138.499774384592,0.08918107759780293
137.31693857403633,0.08966250710980586
139.18852027840043,0.08964618442529186
136.93571996897802,0.09363673199386678
134.53236803445657,0.09154424494419557
143.47251367218882,0.0862168362577617
140.84907756643472,0.0873229525617018
139.66400990887766,0.08573312435393848
140.1956205386553,0.08909888605636519
143.2934347514619,0.08375689048461141
140.84892174178896,0.08986475799789943
143.63744552136814,0.08858642026780567
125.84399132689892,0.09432753330422883
140.86957070222564,0.09197570710072617
139.09317329496884,0.0851830371522268
132.58389312066345,0.08954152761607886
140.08283962135164,0.09032913922080488
138.35456822201934,0.09182282514808225
134.11395194174207,0.09615125496974204
146.5418876573254,0.08156104311621358
133.5950096921316,0.07956041109045987
136.42741140098707,0.086109492643894
136.64112869847062,0.0902581585739885
130.20501056990332,0.09387239324216061
130.4849999899617,0.08982090340530993
131.34573263700943,0.09080301694346767
146.531593441913,0.07788685351239194
131.3874348170713,0.10441356613352822
130.36208838141027,0.10570379897444848
135.18095880835665,0.10101908563917693
139.48994678527075,0.08534363194694877
136.57260176062297,0.07833779519519384
130.5506129326484,0.08617613608041652
143.72381033147974,0.08803835134068094
142.399062312997,0.08049483760863456
142.72934391236703,0.08022429094532406
133.94919174896873,0.09816404366273812
135.74365003447323,0.0980644387675564
145.41306447868368,0.08969599395872678
145.80833474105356,0.08996395177391973
137.879100140295,0.09079870376714556
140.93519049506955,0.08412505506857133
133.65093177417575,0.08962583775461655
136.77950054596621,0.10193751792278931
139.76690832636575,0.08975775825067032
138.5902790787015,0.08469368333959731
139.5539199963397,0.08279309450319715
140.656963472229,0.09334420817492654
134.28290297443755,0.08887868419255456
137.8413308740013,0.09391301531421137
138.89151342370755,0.08867486988138643
139.50164102622549,0.09120381717136367
145.5822297714948,0.07850639700461909
141.50847955900244,0.08296601726934733
146.32407410938066,0.07728504438012976
128.7597562999618,0.09137362406258784
136.41673763434898,0.09002470394990444
132.23435541567494,0.09617222418642382
131.26538388244694,0.09465079366424899
141.0472041874112,0.07209140485792678
145.52205852848581,0.07576121149157673
141.46464905726705,0.08748996537494366
140.96465268264345,0.0894722022630056
140.18377877268313,0.0931299943589388
146.9442597374765,0.08977291993331368
139.07174932733605,0.09887431155466504
139.3087073238533,0.08456512243854605
137.09281608540599,0.08603947626522832
130.2487233107072,0.09909463007242285
145.00760723884747,0.08334965231454672
130.7566201028476,0.09343502238214733
132.1345907808395,0.09565208811664876
140.73406896220186,0.09018840658411313
135.90415468483934,0.0921664719104409
137.68712812620828,0.08810540975436369
139.23466870685476,0.08856099570390033
138.18671650539417,0.08719615688409635
138.21061451833646,0.08796047416693605
140.91990645446026,0.0865809391342707
133.75960918164174,0.08744647881404691
134.07086783750933,0.08664173656213003
139.98794105689157,0.08804925383213548
137.6771749297713,0.0873973309880084
135.57050285967094,0.0862407466884497
129.401482171147,0.09052193077237516
131.30361885104202,0.09304432457721398
138.2944557123658,0.08752168177888761
136.37073925579597,0.08728926062552413
136.62765087885478,0.08960488384724546
139.31739771087732,0.0949653555546205
137.0806793090469,0.0834555128920597
139.60334179370216,0.09228053057703857
136.71962877136608,0.0929605856820633
138.2152220970623,0.0882866817769502
130.19871677921947,0.09671810574858768
144.4310649772066,0.08427875659096414
142.17859925457304,0.08695043929902982
141.58094678786603,0.08537915851070137
139.01393706118273,0.08275145651855946
151.86989783810833,0.08054304134944726
147.60683870544656,0.08062818664434324
149.37728146097876,0.08539265524609758
131.76362355271135,0.08854709613769506
133.61342142854434,0.09339306049840566
143.66124572007018,0.0868799585492628
132.5145140072232,0.09243630996257261
133.9777297255962,0.09110227866345978
135.6105571820072,0.09531122026644744
131.85805553265865,0.0919659919142034
134.3406509979887,0.09378263582720021
135.69724969377054,0.09184312159683043
134.97111997931137,0.09530776101296486
148.71693101768452,0.08416283245211853
139.57802682242425,0.09063254034241339
135.95050226945557,0.08749762482383515
133.2540789782856,0.0886017853229748
131.70586149381495,0.0990224890938504
134.60683550633317,0.09282871203552401
136.5484668103134,0.08653480065294414
138.08488260638651,0.08633005000782204
131.92348691022454,0.09005396733629509
148.58952267868162,0.08356703343827201
140.84811211401882,0.07945043343775152
139.27122371525073,0.08037285682837732
140.2729981831713,0.07987695419334138
133.9473711938542,0.082942117140172
133.7333669062388,0.0895438608391808
140.6483505020533,0.09163133729747912
130.0269820851334,0.08610361193553548
144.5101459820869,0.09040365069867562
140.37088467156914,0.08191635689975986
140.77106067436026,0.08205164194961416
141.18135314433158,0.09091932374495798
141.39492373255146,0.0868950146313842
141.45360853466613,0.08673286510057909
134.51235884130742,0.08567754144957815
139.87405249725398,0.09061907282335649
133.28253333012609,0.08660282612562818
132.5143096868065,0.08580333544335145
135.01067379744947,0.08804109357998603
139.80700192842423,0.08305679501437455
145.12131697706758,0.07894655239315833
134.9863367846952,0.08584717345559179
136.63845580330087,0.09126251491915652
139.9705060293704,0.08938379304161942
137.7234322800218,0.08566618034588956
143.06282031209028,0.08628039327216454
141.99582625016046,0.08475998099132788
148.42058876084488,0.08351683228951001
147.1658649561132,0.08523066140347002
132.25107846069105,0.08398083727434891
131.81922578291181,0.07771057885456445
139.41418548524533,0.07542916008269723
139.19579981240273,0.07266180242972324
141.96265348265896,0.09738434380581125
141.80023643924093,0.09321149466442906
144.66044266548622,0.0850678580593463
130.74126049567676,0.09438387047161194
128.20162242735563,0.08911279965512114
124.44291456334263,0.08492521691207046
126.39942860753779,0.088837971264129
144.2132150161036,0.09343386317349904
143.644582423504,0.09246955110643834
128.77771017746122,0.08805341490478819
125.80524087476874,0.09779424754268569
127.62750151797192,0.09896622118136124
127.55092782219242,0.10259982367192788
134.33169010843423,0.0979328505392272
141.92670489833856,0.08151483399260741
146.23835404633343,0.07488965003156915
138.43740966938478,0.08069778200477701
136.7968356475124,0.08660334030331526
135.1800846860607,0.08623448077320663
141.04580410898296,0.09140710639169641
139.19621499245093,0.09075903865810275
139.45504015667257,0.0864442560959678
142.9701502954845,0.08522177706715083
135.09688094870288,0.08518566029086416
136.80167653431835,0.08787806889913272
138.65259085293164,0.08670234721617769
128.86284891748798,0.09499459792331048
134.60533987673927,0.091385061289565
135.954044100204,0.08510411319971704
132.14469465690317,0.08300302428999115
138.5716113291346,0.08967086734273115
145.42594106769758,0.07968003271470742
135.55262072671036,0.09368528437952998
133.51385127657713,0.09139321257049692
142.21713922433895,0.09159278319095299
144.92607131150555,0.08029929909179422
131.52110119052602,0.09819758288651587
145.17813902334746,0.08029466751164667
142.75395808388708,0.0785170386665103
140.37680863954756,0.08157250183000049
134.23823374341862,0.08708456710835352
136.26684536067478,0.08854958985791019
133.25708500420163,0.08543655995658206
135.49106465110665,0.08901444590909659
132.55938073544772,0.08553483187385927
147.65872843092544,0.08354685673346497
129.50385394474134,0.0922298023137138
133.55805655271553,0.0913850860088421
133.357827194898,0.08967802896103326
133.52308881317313,0.0963367517529639
138.20995636380098,0.09343371960776202
137.34365172341376,0.08208612065090412
138.9603762449143,0.09309666912928416
134.4068426162845,0.08464308806557103
132.82784681350202,0.08208999016245197
133.09902442827973,0.08360210582210431
134.38661484432578,0.08303887577617489
133.65183535097182,0.08854554595417176
136.91932203428382,0.08843627853387627
139.86199989460658,0.08897373742240912
142.98173187529358,0.084595191231783
138.57171023491813,0.08793153366908141
135.15442133342236,0.0934151944605768
138.34679704670629,0.08693519882187775
141.8241291985891,0.08628740805263185
129.29407870690733,0.09419667891150925
136.59930683534117,0.08509652470661697
141.0043053238474,0.08723837214070021
139.86231945610967,0.08968817190456617
138.27427194278857,0.08762032245646632
142.84401407204282,0.08621729948696144
138.03374469634937,0.09075424872760011
140.06970043764153,0.08667537709894253
139.51072092943437,0.08602101783897556
141.4182567661994,0.0889744962487025
144.48528654984185,0.08784552548893002
134.69169507709645,0.08978664685204184
132.83988604414535,0.09345876812133307
137.48661691470673,0.08206963420431675
138.1564840891711,0.08409825659372501
132.84090754067367,0.08139993359933995
151.29141038967003,0.07952359825471035
148.54349163784423,0.07967926147325781
127.39554618769293,0.09700625282237922
133.90368510815483,0.09277327673823793
139.34147612961243,0.08705417839253356
134.53553021679207,0.0957611671573733
150.1690169651146,0.08474396397830958
146.36762659665794,0.08548420488144966
137.20871786384947,0.08883535108762255
136.21747053005316,0.0865319809612899
135.9106718826638,0.09075865293215782
141.2190724262492,0.0863603702191461
153.43111133737506,0.07521100660141142
122.64565308463872,0.09648268072427264
125.10154606220733,0.0982355399535543
129.68603082014354,0.09215843494676806
143.22409063887866,0.0828944143977971
144.78816833508884,0.08531307348822471
143.88782039204574,0.08377615977494629
147.88243840143596,0.0758682224975782
140.7715873571461,0.0841159189631499
136.47746941128136,0.08238915039972765
137.0308495375095,0.08436761891144909
139.28479971397087,0.09311956395225246
136.9252217460112,0.10123677795407511
130.89609546262656,0.10106064258049474
133.72367504737775,0.09399234240625681
141.55565887098243,0.08622644148348227
140.151772232145,0.08753602431790435
134.91810406061313,0.08707387528652667
141.92607478770617,0.0853934340422611
146.68333846863902,0.08011914607037161
141.47201617017154,0.08847419253468086
131.32127764732243,0.09980060840323346
125.72853621726848,0.09908085499138004
148.35631855801262,0.07665620756822426
153.12859638996903,0.0809637686584661
153.03942515207405,0.06747442803928469
148.48014019002252,0.07175324559065299
142.0971743748173,0.0744633842579065
135.87932841756194,0.08080849237460422
143.32362913844287,0.07466308219388523
130.44874899066667,0.10309647835081284
130.92840734970832,0.09436297156969752
139.10094808200907,0.09647230437594133
134.64036762871132,0.09304032568762545
141.4791205083541,0.08449334340332984
143.27675063797577,0.0825998444749717
144.3452885193359,0.08668181824404837
139.3123922854729,0.0847700745306445
138.76286429011392,0.08557354222002389
138.46377066061245,0.08358663875032309
136.83992511624456,0.08506248170778748
133.7045612194762,0.0822004803077865
138.76109346457116,0.08209668292582564
137.01461040864723,0.08161283005461528
137.76269315824183,0.09066618085411784
130.41935767269857,0.09333476852981121
132.85380054375747,0.09395925024041282
134.09724675484742,0.0795692241513949
133.03861536638547,0.07885388608588008
129.2806218925922,0.09452785934504253
140.1304568088623,0.0897777560804165
142.23408760247364,0.08948557117338647
137.4664718051813,0.09237122692865818
141.30114065606634,0.08080529232932454
133.7399937613545,0.09535727712291504
139.37742864171742,0.0846979590836757
137.64962600801962,0.08575868177574003
139.54593392430527,0.08959753819777432
137.67188984244845,0.08650597547721346
138.59800686052577,0.08737888591905069
132.07154933301055,0.0945809620339914
131.3955991106169,0.09546793117264385
141.41240308791544,0.0873404388053472
133.65826940672616,0.08195298139242478
134.32024064796116,0.07614793291482204
136.35029582107538,0.07527283375785694
137.15029782385997,0.08559659623068794
137.57658793198553,0.07852954208150947
137.05149754130457,0.07843167073625722
142.85903434317737,0.08211429528443696
141.858451440573,0.07938288102777492
127.57533631815843,0.09869660449687509
128.3123864250917,0.10555449830646695
142.61176081127024,0.08325708831233633
134.57722219550212,0.09573678374523711
135.35400896079136,0.0954724525891606
141.05742810756567,0.08354041211646904
133.64529432873204,0.09671652783102223
136.93932272128563,0.08583774727928672
140.82199561156847,0.08606998172713344
138.1435715296326,0.0900855363084727
138.3649820410733,0.089471230331411
134.5295895608389,0.09213981444467807
136.93149354693455,0.0906351175345775
139.85184022760194,0.07741807110683578
139.98270245524904,0.07455965210190958
137.90471739148865,0.09336453914852774
134.81224517169534,0.09356806160954205
145.2838106454625,0.09398084548356121
139.9438272516661,0.08316248846761862
135.47606306168245,0.08605259921368869
138.26115751279096,0.08301046808862783
136.97724976798693,0.08436828731797077
135.45021045662043,0.09013239649311551
135.1598340435198,0.09385856355314741
134.15280968730454,0.09450536387734412
132.4781139558291,0.09296211351253367
137.2488605673025,0.0999627368673907
132.73829773232512,0.09941212866765715
142.63652795866338,0.07662209199024891
141.46240809695107,0.07665486876880433
142.0792550887689,0.0769368175149379
143.36935068472255,0.07605355469182548
151.66919713753677,0.08001558201774027
126.06074042629865,0.10106444130065417
125.88293550137269,0.11001440332443618
131.48766015476332,0.097347763901344
142.72765237148735,0.08081506127240125
140.46359647577026,0.08148209542423862
138.72054758880057,0.07631847333969466
137.77953287650874,0.07680705973031594
145.6320051215918,0.08112734959087402
142.81654860541556,0.0829511212504548
133.28071032069556,0.094719345218439
128.65323229495408,0.10256011282141664
125.7726338078867,0.10089177541463747
149.7728028402546,0.08013942491816084
140.84007910243923,0.07994409015734796
136.43105940757252,0.09541862851123574
134.3131712495943,0.09804792563149708
133.41812586243393,0.07969172087809966
140.02564900200144,0.0969590332034215
142.30654083926433,0.0970450998143987
135.48240189169502,0.08654428993379118
133.56111640016923,0.10442901554710149
142.61596838848754,0.08514656256672724
137.49716789022148,0.09055933534864317
140.21736220204932,0.08631356360130524
134.98414642736236,0.0879889065525936
136.3648921146186,0.09222393170479987
129.81480125834634,0.09971550549494236
137.72705980369912,0.09711562208863891
129.27531179764787,0.08547113332390097
139.2486912112276,0.08832903314632107
138.36894996484932,0.09027848050509019
138.21340109835992,0.08922191139771196
143.55306296045836,0.08620072764722736
144.74705659030033,0.08847444238130678
129.81958277232403,0.08766771834415939
134.02905821237874,0.08279478235518645
126.90296805753256,0.09205022433477579
125.75954257916185,0.09172125008871283
138.2183188459031,0.07928769920987316
138.18481437896924,0.09380115325454735
141.92552447375778,0.0822240120311123
143.32759245622955,0.08239561167938983
145.01035182347317,0.07838358898812617
147.11347062128115,0.07918265662660486
146.72778733027326,0.07811858137276292
141.17394934014723,0.08170851062141678
140.95366231872634,0.08221965854029153
130.5741530945317,0.0930469322477747
144.37985294760273,0.08264348740903812
130.76861967743906,0.09255475442987407
140.76774276850145,0.08309564674922776
142.68449134538193,0.08455419383616485
140.52566354266878,0.0853446994168305
143.10196741774465,0.08847670236315644
140.13347675700916,0.08508488691675645
141.61898765489286,0.08224941909007569
142.83430229532752,0.07783709635414429
121.5311721127118,0.09924264168598673
137.45796532230517,0.09041505131987429
141.8250739195939,0.08406365302195003
140.37927102948152,0.0828075840180204
138.59758785264006,0.08960723820207958
140.9831296520334,0.09063752315385726
133.93250822541742,0.09757198569839283
140.51859393155917,0.08301090586468617
135.04542715923358,0.09475465141001731
143.4138247054555,0.0791181699760022
144.76529996742514,0.07925994095487572
132.3589113160717,0.09495562753788123
130.14967691342568,0.093701772241236
141.61305800466388,0.08829500428886256
138.55895970019697,0.08491171042292468
133.40354901354766,0.09564894335436083
134.64623389423133,0.08469284751963316
143.9880470536039,0.08656693918773052
143.5760290191088,0.08577803808264053
142.40089315129447,0.0856322647772709
140.5508738348357,0.08527140760149846
141.91584542117195,0.08657129736913673
139.49585139005663,0.08848500048354732
139.17947990978374,0.0900998801608504
140.87547061381247,0.09057528406766012
134.51307316142896,0.09489181853849979
144.94542015820863,0.08364742716927187
136.34652948930326,0.08165425811144048
135.6510540405336,0.08286453953553038
143.64580415548386,0.0850355652056301
144.892991024339,0.08838191949214054
144.83608808883537,0.08897113158799828
141.45919501931655,0.09007449208800661
141.66072245693235,0.08932342405281177
139.6876860594518,0.08041978278734693
142.03805103850732,0.08172904490924161
142.55433330407604,0.08213807537171097
136.5703920507552,0.08649593321343792
135.5824686070511,0.08992889611688389
132.33732231224474,0.0939135313159058
134.73431016373036,0.08773801742865055
138.00944848179415,0.08885935954770938
135.21827555942028,0.09436508311884402
141.6779225110027,0.08068768856915942
142.23279534790592,0.08216564537595955
139.03454479565494,0.08614615174581575
135.46873755821304,0.0858052767633824
145.07775391617224,0.08322351868883479
141.33580634230105,0.06687858033279247
149.11413857470075,0.08632438041957052
150.43285887927794,0.08718542077098729
149.90714867530377,0.08826412385486908
126.06938055646607,0.09221530801933386
122.09248604909428,0.09166074569495042
137.31515801187962,0.07583132733563391
141.57358662527628,0.07992111666543714
136.22605934029704,0.08964469916854073
142.27720067088705,0.08821587504114374
147.70678552606373,0.08295708209245588
143.8671599781353,0.08344209404312876
145.57810123749442,0.07946592196679814
139.80932863312327,0.07252813659678038
141.70522468969946,0.07113885485512292
134.24631372722826,0.08380657536694434
133.46898952332384,0.0826019266546926
135.37984921044878,0.08349160399249785
133.60000846694297,0.09479733660643706
138.28300010926282,0.08529507499463619
132.18791550771678,0.09283363497992586
144.98391290975522,0.08796515083878967
130.5954696293207,0.09114922916269895
135.47380198901837,0.08892946814653832
138.28150303194127,0.08097887585217588
137.0970985502209,0.07807914256977033
139.42672878220893,0.0793789561480388
141.69084206599757,0.08440201336111272
139.20928910239948,0.08789016969617995
141.1889286026566,0.08542686131981575
134.72791347987976,0.08896698673522908
141.2355400290354,0.09491098858212783
133.02081826274105,0.08259637101753284
139.31090266734665,0.08608627871634383
139.6587003431598,0.08180191452015471
139.38721043826908,0.08102526723486282
139.80513072431157,0.09340540637306828
132.51443215777815,0.09305106222866352
133.20759581797876,0.08825263753964586
137.42091080718112,0.09225512658965623
135.05933164241964,0.09637566085199205
129.1193141638505,0.10113417613042741
140.42831534680275,0.07949689568352632
130.22988837656297,0.08980211035186934
136.99226274503258,0.08322732977044789
138.24791986022916,0.0860360204055845
140.0793995574736,0.08452135310814811
134.7525284467014,0.08497627697133467
130.9605050010654,0.09415196221933679
129.85480617495475,0.09288618593714301
137.5238689898696,0.07634782109373586
138.59298873703094,0.07634061628823816
139.5891247935278,0.09288856740021827
139.1376717920114,0.08728380876221552
144.9632115564677,0.08460484253341574
135.28541676170153,0.08669332661807526
138.2564084729279,0.09097521769753678
135.6619325936841,0.088391223282262385
140.159118997014,0.08353314321572894
134.83886956924863,0.09325161384626612
135.17254197817687,0.09163543609862711
134.94973159012625,0.09433521304655457
134.50584168016758,0.09102212831850365
151.27700099295186,0.07650247526113492
145.7248762668851,0.07995837891658401
145.0236269309535,0.08057113452879769
145.13067682977115,0.08018042090603332
137.65423195725504,0.08295993682719786
136.6011683640699,0.08043300539805162
135.12193453578132,0.0933616171375303
132.58321939812421,0.09020642074779833
132.403928872661,0.0942912238929377
128.14385072978178,0.0928533638017191
136.35075137557163,0.09005541708529387
137.1112027890559,0.09045185032424517
138.02758111506338,0.0877350277507423
137.35251437290682,0.08786606770568145
134.1270347787619,0.08817537059503096
129.00870951970273,0.09484597606388698
130.18526175637146,0.09713655906666026
145.70551674466077,0.08310655885353849
137.35687753910602,0.08791811826923997
137.0945538854145,0.08745388900465632
136.1637881102522,0.0904694567107312
133.21290230321782,0.09615543222346827
139.24974275525472,0.0846568960916228
143.2708447240965,0.08254347898304437
132.40789673801513,0.09599628684472815
131.15055276541477,0.09345706917094719
132.45312179285682,0.09210062127173557
139.06603861814838,0.09479037238407184
140.4966498688843,0.08385373147178603
136.22241075359082,0.09391123252907728
128.79419633483215,0.09970722111583094
134.2361869773254,0.09180500599425262
142.811339639399,0.09755687146902715
140.6155616672264,0.0995921302655523
140.84300389395062,0.10108439776191358
143.26700049451833,0.09439522871651038
137.69032812654183,0.09277438815527143
142.8726699446949,0.09399334555308071
131.35964143395648,0.08598361794929116
133.5253457420915,0.08259464229415855
126.87690970693535,0.09382560144953271
138.0404861546899,0.09020432359575754
139.9227955068892,0.09158999912917903
136.31944726650477,0.09582840023281784
140.8732433959008,0.09018556582834834
138.62783564024147,0.08134521363247772
134.27199574839005,0.08380774299194624
143.61455108946134,0.08241848440973262
144.06036204703878,0.08824254858585005
140.80940770287657,0.08731527468901187
143.76582758172432,0.09249905370885
141.61706006265777,0.07707791714090832
131.04556250028227,0.09039026282291297
144.68428226833927,0.08785842687697809
135.0805465634061,0.08638158223197502
131.49939898484647,0.10332381607295357
142.09807740084852,0.08658961072306713
140.84219395903696,0.08585134043048682
134.93561104811963,0.09838916654865106
140.88341282234944,0.08692447107098582
141.19956953222072,0.08177516685026197
147.7663255813775,0.08086518568362182
130.72386643713241,0.09693161826837042
130.88421894713872,0.09375753408705394
129.409220497132,0.0964196789068761
138.7880614064369,0.07974118124257427
139.713679832326,0.09218703683132193
142.79042048006795,0.07802066165512989
143.26762750481805,0.08017233552712093
143.07733984075622,0.0807318119463418
140.78901168987173,0.0853560983042461
139.17466925919447,0.08519501279130687
135.03818468639687,0.0889371194236905
140.8734406303459,0.08214164409085221
143.34470237979068,0.0810416867335644
142.97207023624213,0.07846441231716378
137.51768146873638,0.09280230768823255
141.495413585891,0.09665979324926982
142.6717426830621,0.09317502776119055
142.581364127123,0.08525858780394645
139.40439806561682,0.08142835591346617
141.51196630441206,0.0832183566007152
134.21470917567194,0.08881509788394715
141.65923569842224,0.08463476332349236
140.26785992352853,0.09158050436377414
137.7736223860681,0.08895256653459073
131.64898328731368,0.09381861482454258
147.5152336990659,0.08168091383284919
148.1848383308733,0.08987576060406585
132.63034213210113,0.08914542290623532
132.66362497132152,0.09051155683362029
132.6209452666126,0.08823049681886291
144.713310813331,0.07984827934103893
140.17021996623657,0.08583960328611026
138.39738199318003,0.08458907397895343
138.5471596214903,0.08552561396952096
142.85064738022126,0.09009798694665375
135.17561294340905,0.08326407104857218
138.2497337405937,0.08667185827010013
129.01414823115053,0.08842390223635409
133.54520908598911,0.09469364989483316
136.76855835992427,0.08739736120889384
142.18673988142044,0.08663531859734765
129.99060863855453,0.10324598181078445
133.5648033878205,0.10426150093097919
141.66689339193746,0.08938092402161237
138.8534835482253,0.08544259851794692
136.0309161367794,0.09066862931117443
143.25475396462647,0.08518085623346416
137.9260559972059,0.08761012858513792
135.0150437489487,0.09224114387456475
142.59673884117188,0.08446858581912786
138.63925867406098,0.08886325801289288
139.65528594619363,0.0890746548995462
139.30427111125945,0.08293358503349711
137.7168689466824,0.09197331760179173
140.55588035964945,0.09109458830122416
147.07476157509737,0.09265420740524456
146.90995308497642,0.09289943878559634
128.2148150356876,0.1043160727873666
134.09041330683925,0.10230203261261293
128.83553096322373,0.10266112321495106
136.4485902576138,0.1026866233693505
137.32747602002198,0.09668753800559507
136.1741735022727,0.09787765227819274
143.23297033425334,0.07654363305938763
142.33490521460266,0.07842038118051294
135.45406993010633,0.09480418300384826
144.87162165283337,0.0916360630920004
136.06096169647216,0.078918062494477
139.0702720518767,0.0974928012420539
138.09842633215618,0.09777843849793721
137.12738209960273,0.08618781649447328
137.41085206465405,0.08419053101101844
137.4620678695407,0.08331413300088027
138.77693364669832,0.08444261973075033
138.42626940482995,0.0834040476814545
133.3329759805557,0.0886581953131231
136.47907526293116,0.08563013565709773
140.21572289664832,0.08488449723208118
141.5360812829901,0.08953401400417578
137.1501527161626,0.09385859271982182
133.19451942062094,0.09466064414028437
139.8656243842458,0.08237256585632102
138.5971443368893,0.08638674779087746
131.41153387958718,0.09515309537956324
153.05948077635318,0.07590755829820739
134.9055263304702,0.08446892674766182
138.60518162189177,0.09606921056932564
136.7800023988701,0.10041640344734379
133.84162943883877,0.07867450171320929
141.94635044427042,0.09801304494260367
137.281608516494,0.08198625473346537
140.54669137011453,0.08111470978071034
131.97004423806015,0.08154168866594712
130.22898648234312,0.0807158080570929
133.47229639717676,0.08552913797932062
133.36601780966,0.08728821809083341
129.7926430571765,0.09989749444818116
132.73346406476435,0.09674073223331782
133.73889447485786,0.09120774315648378
139.60338388046858,0.08634540555315973
141.05177983638643,0.08138928708171765
138.0069801697408,0.08821245534894538
131.35305828053092,0.08747749659654212
135.52748806083505,0.08790203225847912
140.25388439709224,0.09221789224563988
138.71715028660165,0.0901589510718669
138.53900546195572,0.09506175327928912
136.38660498807354,0.08427096645658064
132.15692360298436,0.08636531028715394
135.72094695700926,0.08454783881857769
139.49377221742708,0.08635558984378672
137.19459932226346,0.08862033797299292
141.12758714580255,0.08804054089249747
140.70399361819176,0.08723895319111186
137.42369036694828,0.0878273516988702
134.34955005035005,0.08866054409127085
129.45670573237604,0.09681420290606751
136.14767562644946,0.08955459681773341
142.18764313420857,0.08676475675110358
141.8737160533842,0.0897374395945829
137.00834720577618,0.09014203027158202
144.20342357599685,0.08262064961124321
142.66652498103363,0.08212754358024417
140.4200353156506,0.08061374066911893
140.44128293833091,0.07619753577810448
143.84229352599593,0.07490240167188258
134.30819631914162,0.09272305619986522
136.9886417668181,0.09118555111194021
131.4123318505315,0.09601287383469731
132.4895523067953,0.09922051550600319
131.04366850179846,0.09906283239132344
140.56509351417745,0.09274791936032348
142.3098864573018,0.09436815413141547
130.75579429292713,0.0851879801259593
134.96287196026972,0.08826186651865311
134.50194958139514,0.08718175748101213
134.57861033199038,0.08900563399520345
140.41012905228374,0.08879464260491843
143.51885275206735,0.08785425200122432
130.49387445740854,0.09609360797788753
132.0654211674818,0.09795383417181741
144.75930657392004,0.0779946516853601
143.76096761741883,0.07616469923377182
143.1495450106857,0.08042659925365736
149.29472824027954,0.0808695844541505
139.413813790788,0.08945204405162659
139.3932924165455,0.08793569915357595
140.9389697420516,0.08967206518892248
136.377025345203,0.08678108164909236
132.41519497186414,0.09297431743412894
142.48408736781724,0.0850293903118777
142.78562555651737,0.08541135564791213
139.9025277152373,0.09842886087601606
135.68042716481116,0.09058572681586345
135.1853233660405,0.08922334534636399
136.02047070004272,0.0845857444862385
136.33935344070758,0.0879599615984906
138.13136123526874,0.09338169677292296
138.78331900387386,0.09602078276140452
141.4368305535461,0.08868528275870062
140.89698499683087,0.08882830473284539
134.4847752678841,0.08858401515565481
139.9663354892244,0.08285347455261928
139.40226509545283,0.08473671378503969
138.92641941519582,0.08364309913024486
142.33324592921338,0.08287583331223906
137.36706453690357,0.08678066292149308
137.11603132672712,0.08794528382684229
136.820902654475,0.09076181112601095
142.4433847028691,0.08231296607950854
144.21635809632662,0.08521597738823344
130.335347762044,0.10490876752994527
146.0090246835759,0.07084448063819683
144.31569713240458,0.07362796870480086
138.2913809539207,0.08476999994283343
140.17171106142644,0.08781234931746495
139.70559063036634,0.09081035995598591
131.59849661009105,0.08745671524595999
135.98821985115063,0.08538722880914434
139.34558576148123,0.08210450143231485
138.94402637481653,0.08193335108265794
144.8948833961007,0.09225881361258238
142.90011718504647,0.08644265229916329
143.67055590433972,0.09184236434619389
139.29926971084328,0.09146600607164039
138.4790376702155,0.09040969773221474
138.39458171321058,0.09429454972738201
136.0416092400269,0.08153398846478545
142.45468662714285,0.07885740433564736
133.7527725903384,0.0968475226573289
142.42031145219707,0.08329055333187145
133.8112881103489,0.09456027303500446
134.4367576178899,0.09013031731563516
135.3925117429285,0.09131358483174463
128.7273004237483,0.09712687576273946
143.74000045490993,0.08296300432145644
130.85925578528227,0.09568395427461142
134.41899041519187,0.0908539816230864
140.01887156626606,0.08290245837245375
135.7045548492828,0.08680141959208058
143.87155921399798,0.09015457753427683
138.51131802256654,0.08705898972277347
144.5890172246563,0.08211044154981786
139.68113526644518,0.07893645462711861
129.612545167394,0.08279936874620138
132.764162008262,0.09052080573635997
137.69871960471949,0.09366612639430069
132.91447390516566,0.0844341736804532
133.3750050394105,0.09524784015533036
140.05155350405633,0.08409412012378266
138.87653012036293,0.08503402477234161
137.34044407041515,0.08178030890452956
132.10996539220227,0.08804994932819978
143.46900781229547,0.08683132540087828
143.69211510499468,0.08631022499556275
139.38599337896142,0.08894765783491665
146.01023080768192,0.08203019616723997
148.10937266123105,0.07966290603396814
147.44573052184077,0.07970000662071137
139.13091273505682,0.08496988993105802
141.51390568832392,0.09345464739829486
142.99389573340403,0.07820302105272926
147.3195154298353,0.08316042200460223
151.98284346900664,0.07635404309756964
153.203925515197,0.07856830596594186
143.4423511639585,0.07800152465088903
143.33685521808997,0.07897461081649446
133.23874982201983,0.09754746563092209
133.06854328965252,0.09599062564023267
131.7684968726153,0.09246299856763475
131.8673465084327,0.09131365492590159
132.46984707304793,0.09318921651292782
142.37483857970128,0.08542388956002414
143.21678133783544,0.08679960950200863
149.961699829643,0.0750896902943342
144.6470375336349,0.07511834940012256
139.5749271120559,0.08368469875110411
136.97428096372107,0.08517169654260068
131.29118412030974,0.09345448124530317
146.93049572123195,0.08282394878971988
133.76671584971007,0.08383656659794951
135.82658175009453,0.08371998753867219
141.9689406089585,0.09374746764265143
133.12916999307788,0.10185439214580266
133.17957255819476,0.10336029293847258
139.62082274867905,0.0823908502903441
139.49980847611022,0.09514426842987628
134.71789132058692,0.10368482764418527
132.04397967730608,0.09787385796306536
135.7246481635456,0.08052535999959602
137.59954990380015,0.09246528065544589
142.14710053049703,0.08233736609922174
146.1435276825125,0.0816666467147672
133.84548150370676,0.09444933287367836
139.86371302373465,0.08845807165150428
138.5296719626495,0.08427855372863077
138.19267929465968,0.08936246666085278
136.69750486933356,0.08825597181800608
137.55079365732058,0.08795875540715575
135.57040848265765,0.09118670711946392
139.30618784399852,0.0825015867763398
137.63836229722406,0.08186012279193185
134.24383908087484,0.10019238066413899
139.87349744361848,0.07836934651577945
131.0029124446181,0.08832591404913724
133.11345084207414,0.08590916922361062
139.56901640637165,0.08394607588736558
142.33108075286225,0.0777304834789581
133.71575163878862,0.08227451454831104
136.06900651211777,0.09705729223976117
138.87002252595371,0.09155671452109539
136.38836344622683,0.08827909199049588
145.9308168379242,0.07581128883990569
138.17674830131122,0.0967254030059764
132.80889996554862,0.09065869322646403
140.18261190898414,0.08174930919900303
131.0301040342147,0.09240931682878585
137.83199859235063,0.08819136891429362
136.53061640075975,0.08618401540120212
140.97870293694805,0.08952066078275445
140.23217525546582,0.08506562038797505
138.5976018623525,0.08609989951093025
138.30821648753877,0.08395706440731777
139.4938351848545,0.090924794164986
138.43833996700198,0.08696931289141303
138.69427237429392,0.09365136326212346
136.56330015586764,0.09154177595368267
135.60607876003326,0.09477920301068657
129.8867903132647,0.09811850012534298
143.63226487419234,0.07909532773857134
144.05315726020402,0.08187303726403661
142.18432254928578,0.08107463831674303
142.76030551169845,0.08098526053999598
145.0666051132197,0.07850262552446188
143.69222115676732,0.07743875195583418
143.35263420096027,0.0783021369166681
142.34547643354438,0.08863812261151055
136.83001133857624,0.08914747908908328
144.50001437205546,0.08648353011050702
140.34323094761208,0.08497873990510475
142.71195720961566,0.07866040741775455
141.64710985269048,0.07740623594282782
135.07960579144168,0.08366084899238914
137.06870640397415,0.08434634246288758
139.7163674712883,0.0910637664209487
134.69255595582158,0.09268407588698709
144.26883226965754,0.08151775760273722
144.8328700310001,0.08039497562861016
144.31555166950352,0.08084667153101756
139.55634231431418,0.08555529076009281
135.14702738844952,0.08290606103023743
153.3097709857713,0.07837734741952022
127.03460224598632,0.10029125215628852
132.02919504155383,0.08987488863918161
128.60484406328,0.09264333653261825
137.26881093256415,0.08525240638223536
131.55385502197987,0.08962054399127413
138.45041422959662,0.08695834345918792
137.71538179692428,0.0858839959899981
129.3275162747681,0.09995650504773165
131.82858896673253,0.09509056910465055
129.78168978439777,0.09358473720492129
131.14704756404026,0.09256869552708218
142.72128862986398,0.08753225241679956
136.19641429913963,0.08860700742924699
135.64326339846608,0.08763411260539228
136.24443653958642,0.09177052274553558
129.70140805252893,0.08374782330418312
139.12685679596143,0.08410790485234948
140.4310763086726,0.09318022090184432
142.70242626392383,0.07998354131498941
135.8356982305878,0.08232012965981089
137.54668027694743,0.0812676839887946
137.4701347457012,0.09100046926554131
151.10941898866525,0.0816265394446339
134.88396296064352,0.08380578129656199
133.30256176325167,0.08689997595799982
133.57152140165914,0.08648537299626914
136.14346260157745,0.0943433440160319
138.73857808516092,0.08485800858436929
139.22822112272638,0.0830739829694783
140.6740826642543,0.08946263248734848
140.53276742956746,0.0868394418385627
145.70865587475248,0.08351791199027862
133.47482497643549,0.09678792214450113
127.71669167156156,0.09307003917973479
129.59708799895446,0.09115057045168808
137.6044740055087,0.08838624918406204
142.0564025393324,0.08604215190934188
136.26590319163026,0.09505100650996788
135.01531132896702,0.09331456991309973
145.63513552527243,0.08943612535505195
138.4200624951538,0.0835772029111296
139.77911375237,0.09238375360808267
134.03693013858077,0.08282027036150619
134.23850864332647,0.08450825002535234
138.4836228688882,0.07841652374905146
143.76503579252395,0.07841811340370436
141.9398730978577,0.08605787628751548
147.99475210352713,0.09175127369154093
145.22945137738617,0.08988976907474346
146.046274440302,0.0898376940106176
142.3288689908376,0.09034252557743518
144.99215616041388,0.08050548300614184
133.45997408242624,0.08277845580467466
137.07839663411667,0.10062236304383981
134.44314093538915,0.10030589359462722
133.9721268064147,0.09921481291857828
136.32853292805103,0.09123332432748382
138.3098326958184,0.09836191648126592
143.25623775283015,0.07933798562794962
132.01143369850098,0.09914952713765772
146.75348305328714,0.08161809389300514
143.51522772784952,0.08847720899394661
149.65061867341595,0.08481694710464757
132.537875303413,0.0793694827676875
133.37328867622722,0.07795465203749392
127.09493286796861,0.09800582407057579
127.51818385660154,0.09895653223273235
129.13532400632718,0.10071634775102088
150.20947023532472,0.07545315829635889
138.4941157994155,0.08511637410346472
127.23741852522019,0.09755036579518413
131.35221598375483,0.08859205329068422
130.57807126293542,0.09032151782737992
138.68646534014314,0.08309273786146502
132.43509406641041,0.09417773236285364
134.91309190188196,0.09365721122641046
133.54826347508285,0.0936195795868971
141.42502992824618,0.08756442082977649
138.2294519071724,0.08910077146009851
141.49109301206533,0.0829204589023494
135.10660053489067,0.09312345899405271
132.47517723492405,0.08517066581816385
121.77857788911112,0.09284486370127994
125.73266725265385,0.09095491662818628
133.12722556491622,0.08547391228365393
129.98024773789527,0.0889035458010725
143.2781387772133,0.08348675987194297
133.12623547395972,0.09395314726057251
138.24462327418922,0.08224231734852447
135.77801265039454,0.09338459039934982
130.67767283187405,0.08575188184393182
138.9020244992098,0.07780584486100461
138.35332828129404,0.07940002285175271
137.9676590587025,0.07795993244428417
138.372925652637,0.08917788782344299
137.4941619225623,0.09138744839317856
139.59364471095313,0.09078980678287446
139.26682143570335,0.08982672419935783
138.90235891369952,0.08673210537767789
142.0745714775378,0.07888705666657936
134.837757749184,0.08738190256356983
138.66006748201218,0.08927817993913864
138.78365310554736,0.08475925697909237
134.1195716688414,0.08986434047247686
136.51849413043024,0.08848693900400101
133.06498428784934,0.08913128992547956
133.63621169499496,0.0900406482228612
131.81975029452747,0.0973283585926273
137.46709727279955,0.08355264723875287
138.1834163216115,0.08164629119908508
136.23724225506243,0.09463703692355768
136.28526083908608,0.09438331680808786
134.70208181453623,0.09011779300669669
135.3636531988952,0.09688040344848875
132.0015986507796,0.09822234221112668
137.5740985663998,0.09116867069300139
144.17567404441473,0.0873338233258419
130.79867132489218,0.09090836571826529
145.918717365792,0.08672208414114935
127.63002214779151,0.09502791183052878
138.82743323553674,0.09711093523562334
139.40719200243802,0.09485344437542592
129.61372315834856,0.09653691013005085
130.14902375905524,0.09907124286931955
146.60305080961052,0.07465454448589894
144.56993680894414,0.07343460320688393
138.0835400317206,0.08626708380598508
135.94879569886712,0.07725322614361063
137.0253431646554,0.08751948033837748
136.57286147729855,0.08814011900266126
132.72306788754702,0.09061709600373759
135.48037759335898,0.08990537214468688
141.7379348871632,0.08650189133792753
135.43472982712896,0.08796927697283471
139.3957066756357,0.08837163888299894
137.05971475021212,0.08734056449430258
137.22279003951195,0.08763799699418527
133.57839983057426,0.0952476502533374
143.93029038010766,0.08072631404058928
141.05449051101616,0.08633466835582086
143.954893639204,0.0826197037149264
132.48811630042144,0.0917004925963024
144.55971517863404,0.0894730447857256
147.89591706064226,0.08203385973726542
147.3715700417386,0.07806619666201217
141.39694231863717,0.08036098536214796
133.708355236694,0.09352929418041607
135.74938951480817,0.0905697917018788
137.15030962659705,0.09169147180145
134.26035429288487,0.09120393414976727
141.45289530823354,0.09023247764767761
148.3407041803134,0.08085551139991237
144.25480051718358,0.0802227791007842
144.14059479045153,0.09159602216656627
142.1156223793045,0.08686792213160904
141.12402178315725,0.08354732719874082
138.2114067525047,0.09344444111592186
143.9790689325705,0.08385937249531672
138.15063095056018,0.08900538195428492
148.54753422304557,0.08131864894518206
128.91408394216265,0.09905032179230781
150.86730803862162,0.0794206735703274
142.96647814578165,0.0768140605260426
133.90126394407983,0.09391782207395809
140.50818981920378,0.08755437174450628
139.37708268304448,0.0797976394316705
134.27856808428714,0.0931583117249293
138.54629113752623,0.07814844036807944
135.503621710137,0.09282423640938892
136.623477870261,0.09148707972960449
143.2210316050681,0.08395797050914916
140.42884753781257,0.07938703309376705
133.5459351386768,0.09760095699261033
133.65493866117512,0.09501379406565148
138.17833223276375,0.083498938287782265
139.91904543362796,0.08050167038840413
138.91243109181406,0.08127640995962256
138.32035727908672,0.0826676980704517
139.67445930753695,0.0779014728009014
138.91199385904545,0.07663006004529613
135.7943757866421,0.09508935970525985
136.8856607467845,0.09930946736692375
137.1339842900948,0.08455954524042585
140.06002059258012,0.09196566600628574
140.32041956176204,0.09076172635966501
139.72093110752664,0.09301804471257208
138.51486520515704,0.09468935463733505
135.90357708617793,0.09187661502667595
152.6117636692644,0.07943180126336231
145.15427367829872,0.07664607668895392
143.22227063752433,0.07923589419901014
149.4362217663413,0.07939189704210896
127.95249404865325,0.09736157196652803
146.1141351159452,0.07565471544323825
144.5252601416115,0.07361109520966007
149.3760072012857,0.07060498532119501
147.0285142900509,0.07087737724113939
147.0773377371727,0.0707600169620675
138.46834160091436,0.08982768885823489
140.81298104868992,0.09171850948599235
133.0656821193946,0.09270997414815306
140.90992879598005,0.07631112953946112
135.31884807721042,0.08935699668938578
135.95090108336854,0.09024525685510311
136.28797868222847,0.08838874893421816
135.59725182717847,0.08765882011861621
136.99540742099515,0.0852255989152493
139.58579985282802,0.09081924152498383
131.5361075501145,0.09037628861012205
142.5870766052056,0.08797075037616221
135.79905759617114,0.08153219338006916
135.7413268560437,0.08965860931230059
140.63176904016305,0.08589251853804399
128.75686064396723,0.09308171715573037
140.40834514976584,0.08159973002662553
134.43257736503196,0.09652799495727599
135.05921789489753,0.09463776117159653
143.17477064704232,0.08581662207971429
146.23533494663423,0.08245573629340254
140.5806949144148,0.08324623373961762
128.70069003824688,0.09949001412356524
150.59500348997346,0.07536827714955135
150.77763223579484,0.08229426038352768
145.9922452380888,0.08425179891163065
125.2814857127911,0.10004182938193074
126.15907019294498,0.09913688437518624
141.75991264621675,0.08375055264183864
140.2195620685446,0.08214904224265873
148.2146196506096,0.07828768828278485
129.37142286335077,0.09890888922770984
129.6813582717439,0.09647947470588243
140.12896913787057,0.08810305789722547
146.95573959066883,0.07354040361891817
149.2989154518196,0.06946322784625963
151.4637935030981,0.06702316754796508
134.41189296279495,0.10334841016940437
133.27655919377938,0.10081344524126892
133.50466598589034,0.10024812131704575
136.94338934010287,0.09494986085794527
138.56309631907789,0.08159872354787492
141.69953922501153,0.08969405226218885
142.21547747351306,0.08471830746938833
133.30909542805637,0.08953797037762591
144.98199763421167,0.08622903310115533
146.63773890934735,0.0874660047027596
149.80864149894302,0.08671861457959426
151.2687566453565,0.07897607673834688
130.04283124613764,0.09945747367149012
131.4506280089046,0.09722646531407875
139.54842636375872,0.08637422438783128
135.95892756801368,0.09068469264068663
131.11252531463484,0.08675335399254995
134.20891063585512,0.09364286738283453
135.1922921958319,0.09150913890949168
131.54431858699652,0.09686665302058131
138.24751911649807,0.08810307447646028
134.75621410167187,0.09406988959512702
132.49034208568418,0.0946782391644279
144.95775563587452,0.07900728079219488
137.69495383213481,0.08990410680918651
129.4083652783007,0.08674653863833007
127.40020519153093,0.08884973433134367
129.92890327162488,0.09336417158204544
129.6227478915224,0.09362168191341434
142.96882284790843,0.08634699247778857
135.8279952647779,0.10456422431016393
133.68479911448418,0.10557774161515958
132.30345432763306,0.10167698025304288
129.69199118784013,0.09863143186304839
131.47033007273726,0.09238277006009538
142.0577843099302,0.08764088978505843
132.36652754899598,0.09637053940158845
146.28497628126854,0.08126521200864022
134.91171828491542,0.0925965795556414
135.24443829198623,0.09986392117793276
134.96565089396577,0.09062342983012196
142.70685321253046,0.08148283676369678
139.5782351407866,0.08007503589124622
142.9517082844001,0.07977789033806663
126.17269803844457,0.09051354122236788
129.05751481333238,0.0924591085930002
146.27500229295723,0.07819834814288192
146.6782937944142,0.07593692278944746
141.35115927009429,0.088781418768424
147.1832727362408,0.080224519946446
146.14425918005205,0.07993757154872787
134.12880383726923,0.084187887928052485
140.77945453401105,0.08370487155206503
139.14300538366732,0.09369789205616594
140.14860898394264,0.0847952089515988
131.23107550495,0.09091512473474883
145.4907956968153,0.08725698372418968
134.67829806759818,0.0923804930166367
132.302258544343,0.09282543668437336
136.90084187721172,0.09027831833209013
138.3489265871093,0.08655272301163176
140.11001533641198,0.08793290449931498
131.66386009725767,0.09370792994162146
132.7284521235991,0.08308139393358194
143.85679314453137,0.09117934369189372
149.65317408557394,0.08383761393144752
135.0075355206484,0.0820247643826074
145.61613412647333,0.08940326270371066
139.62697710921958,0.09059146443567097
138.90340091262013,0.09110637783752645
136.03733347039463,0.08155664587034807
135.42387126919886,0.09023150201873222
136.60483838715933,0.09165761716129604
136.96941914467303,0.09200900102233343
133.30161309896135,0.09046384811528099
131.57579070477988,0.09512319581264751
130.31923156169984,0.09162523679075225
129.71650772271363,0.09145230760475685
132.59087931586524,0.08667877449139426
144.33864634158152,0.08046657492709851
145.94976481750487,0.07829178269030111
149.14047537540117,0.07851549259866207
126.38610499981901,0.09952895612086529
128.3607182357801,0.09530121615510692
132.76521841973917,0.08938216084777005
131.69682584438752,0.0869422566972827
132.78667750291967,0.0886618504005043
130.0542210756586,0.0880057750551106
143.87712334543477,0.09113093253944755
144.68398463225432,0.09011602550397076
143.6381491531202,0.09292455664139808
138.38849641496284,0.0993081449650123
130.4934006298373,0.09603258956765415
130.50025929330872,0.09483984909197181
131.08048823840807,0.09663296311193882
148.50639512520877,0.07876971624120978
141.35536967498652,0.08064368878313813
137.55198611767935,0.08072836670050729
142.89861559449176,0.09285510511608275
136.54098938790247,0.07682145566071506
137.71729072295514,0.08216436365929612
140.6791914916128,0.09510529154848063
145.82809541138337,0.07787564333094411
146.52103933484346,0.07731475958495447
130.36555571675856,0.09634392525731561
139.61231211039356,0.0806937413600877
135.03653396186363,0.09208389019891734
133.5205055866075,0.09645767460686125
142.13743965491005,0.0966824147288179
136.25361565682988,0.0900307767033761
137.94025794961283,0.09126574454007809
137.18962811879123,0.08138358303096464
133.58218129680685,0.0861028305635134
134.13814015816945,0.08886167819166288
131.79419692326167,0.0893719179384813
133.70899662784072,0.08550960153051734
133.07098792368265,0.08598476229840535
140.87983478880446,0.08339987122347203
133.98914965504255,0.09275877303266232
130.91167414253337,0.09329166938914137
133.96416661152907,0.09575924617824833
133.47556881774423,0.09708980957598226
131.06984987349338,0.0900137108210137
136.96143647442435,0.08854123072319128
139.31546880833162,0.09405552296025284
133.49428630197932,0.09166037061010081
129.90120159271055,0.090422060907777893
135.65061130788123,0.0901252647141105
137.84094691069222,0.09211955129416839
137.17993679152895,0.09350064409329478
134.2695552689095,0.08790461143258277
134.08889010443104,0.08762686510032111
135.2008492408571,0.09403052149111397
133.5428723463047,0.09291154535430464
136.923404069875,0.09041720408546229
137.50917548609726,0.08616571233929786
136.05482786174684,0.09152021510923622
135.98382064173458,0.09024685314818495
143.27717314282134,0.08458324491063449
140.01817868530432,0.08564343678156225
133.1401341290138,0.08881089832097808
134.44164292486892,0.08710211582035685
143.34134433575394,0.07932580441798974
145.28392455401018,0.0841482529774243
136.35264165259775,0.08960430160118875
139.48213290289053,0.09584834318612075
136.14048472958103,0.09806347235856783
137.5850850189209,0.0975097088846602
126.26245197170111,0.09084547278025774
135.71308658694485,0.0939066634643846
136.4436811750719,0.0934463780265498
127.90534818431813,0.09656276902193926
129.7994161478386,0.0916645158703817
139.81679233577003,0.08649380328163608
136.80623366595165,0.09136659363733045
134.8422663960027,0.08908111997132998
130.68132286244824,0.08968986383473432
131.56506783132986,0.09216067701573484
136.23870491309478,0.08734083910267552
136.0430266282966,0.09012912166598516
138.47763655502433,0.0856548847769326
148.79934845892066,0.08132140837896999
138.337223183144,0.07842088203339057
141.35573220289004,0.08010738554284097
135.65609969278364,0.10526842750355526
137.6604834148545,0.1018348345885783
134.6076132523221,0.08471628618537731
141.02774669708825,0.077938382171305165
149.0727182440658,0.08304414879508919
138.2964024715175,0.09490427414811546
139.9113799962957,0.08230895255104213
140.17055250429527,0.08232342216978829
143.1047544633845,0.0814406856665076
139.35381437289763,0.08526115239176536
146.90340158898417,0.08301596582258491
147.9198701503289,0.08533807327384259
145.54666504767917,0.09051920373505759
142.21921265719504,0.08750719816698023
137.88434963229815,0.09112405527121221
140.70691275294138,0.08850931175835267
135.92567164622676,0.08800656477864874
144.4950095002537,0.07987365894550172
133.28338833592497,0.095053901742928
132.23240455788616,0.0964468940593437
133.97892254671342,0.09508445305197906
133.23246116196498,0.09785879061830662
139.014850097311,0.08426270289797486
144.39367831788053,0.08263768690744411
130.6503381709661,0.0905426891976611
132.312156916354,0.08378428621317142
133.0762168514065,0.08409939683597698
135.27257050059146,0.08269165978343176
142.91037849762154,0.09207960236955659
141.48777933740445,0.08782006454320994
145.272052112039,0.08930913442464629
141.02293801114064,0.08890719995276189
144.80246859511493,0.0873941501913549
132.99344657490892,0.08560080834722891
141.78006721379802,0.07965205685831092
138.94094461170974,0.08242468919010904
140.25083604035234,0.08419543654356418
141.68975316563478,0.08167397366475847
128.3999923398944,0.0963097521986555
127.91540810320214,0.09737897893307021
140.33611196242921,0.07597638279850916
144.7660000179354,0.07337980523306104
141.65024133737737,0.08158928508912491
142.0750589575261,0.08968758004624673
133.7857402707036,0.08973231806327403
133.70226745716792,0.08560571965677305
131.651510263116,0.07985384048556728
143.04976788723178,0.0791104277089442
148.65425859864408,0.07363285463699597
139.09027010556383,0.08395032604691016
139.32716634071284,0.09056852109610353
139.24101059043872,0.08794406537380153
147.9233845096772,0.08900261571241051
144.2719339590699,0.08684696923799333
138.37416936541948,0.08207091840689434
131.340659554699,0.0787992039478263
137.7564873080178,0.07504959568442665
139.1167981946219,0.07809428903915869
143.81975986506797,0.08510443618559206
143.7171694777479,0.08387362151706208
151.58868153006878,0.0805379094271478
153.1292062283343,0.08026967126238017
153.82735190046625,0.08833270156036788
152.20879000956108,0.08649374447128001
127.97395622466651,0.09334178032596686
130.4578161152009,0.0928899921768828
142.46832287365078,0.08505370002288491
144.81747050120583,0.08625506393459524
140.16537610809843,0.08130314096351375
134.2135948361285,0.09095642376152757
132.33294619754008,0.09127523917258729
138.2594453198482,0.09123404096681015
137.33218015844855,0.09295250060335335
134.7788647886239,0.08257385370389178
135.34201788122445,0.0837725396253681
141.91606841072175,0.0928458220362086
140.40200546526145,0.092156968632918
135.00111366603434,0.08386480658634463
137.51963080722427,0.09404704775175286
136.92488444280562,0.09495598490266853
134.72586706000493,0.09148814557257053
132.63571514638235,0.09292534023994553
133.39953431459338,0.09757237736156348
133.00250545572356,0.09082354051727173
135.6201208345109,0.09285545511575101
138.59440863211233,0.08772583980014606
135.67981033444974,0.08436641026798007
140.31403453316216,0.08651361497558745
137.55616162116112,0.08950527140200558
136.36766557052823,0.08381131815338784
136.96436196390408,0.08543488432270765
136.3451567132709,0.08432992693808829
134.4817983640533,0.08678281821808595
139.39254892952889,0.08596205159444217
143.60261255155487,0.08255029911835665
141.8759301993358,0.08275241086176593
134.59512317879688,0.07723396346965773
148.32723432193637,0.08507936424382452
139.85361111395187,0.08003194881395714
137.80266520341445,0.07960861827104894
134.5381595935875,0.07957385683137654
136.42871533972576,0.09070037933438198
129.87384378741442,0.09329972436733013
137.49446987581095,0.08550142280776545
137.46258219634038,0.0886289215952398
139.74558709168096,0.08735201897616791
139.21639204584918,0.09011421319055335
144.66527790906,0.0800227719034869
137.88546944599867,0.08278820935057081
133.68973664034212,0.0803739371236091
137.05680983649404,0.0994301594396552
139.03667296389466,0.08714709566259662
138.30946500257872,0.0911553890848733
140.0986718775974,0.09215617544356527
134.18888360618595,0.08718732595082421
147.81108476040995,0.08674921360260751
135.77672429151542,0.08720763176100609
139.8751060104667,0.09226482407768714
137.73864931357883,0.0891706253038563
135.85738741720323,0.085063886729534
138.03868290134088,0.0859106871362803
136.682118882934,0.08588444720774449
141.0685214573658,0.08242792468503093
136.58424959501957,0.09143386160202673
134.79905363316894,0.08730497338136242
146.667207771463,0.08247129117713826
133.04938458042736,0.095967799215166
142.64057845183478,0.08059908001492759
141.0130868981578,0.08205741861234256
139.12429237427196,0.08095054280411403
130.28934385536672,0.09147920827134999
147.61034734045057,0.0789548630918193
132.76483570317353,0.09087716608209989
140.42913824298853,0.08696353536561074
136.5208972664524,0.08838187334842967
134.18095710819276,0.08512865820308532
138.94960508178568,0.08778956056783223
139.93586359289026,0.0980385922956504
144.9281326727648,0.07136913167681638
147.9714234384268,0.07564353686532743
141.73746181399557,0.08193302281654224
138.15196130524163,0.09003587244540609
137.6756028065221,0.09306007756561102
133.4024192080023,0.09907175792929458
141.35628310056225,0.0755927582530537
139.62725796881847,0.08182360993193781
140.09666807089147,0.08323923365661474
147.09185279742934,0.08108765589399806
146.14993905787313,0.08172185742824448
144.66509348213793,0.07967186396256015
141.60604091161326,0.0782033932360022
146.06316774204052,0.07820655985985069
145.18787498860877,0.08143165028287905
143.28354108076928,0.08097782572506447
147.6200339605409,0.08896776466782995
144.05726027169194,0.0894732706468212
126.6186304858619,0.09310839455578378
140.77314899823926,0.08604238362227237
135.88750211858328,0.08821564486360646
137.0200393142241,0.09390263854762558
130.30719909643898,0.09299946796386525
139.742752533956,0.0861537392029692
140.18990006718073,0.0912198082760569
145.20126788429317,0.07742553281567278
132.26782936698194,0.09983252794529317
138.13375692313613,0.09056808373461947
132.99468873846868,0.09039719418264576
142.08213882124392,0.07850048817389646
145.10122341342446,0.08426169880265318
138.2843839682901,0.08887267692412476
136.97943513298313,0.09077694941398261
141.7289553991416,0.08371862782729741
138.73498508753303,0.08497973557656587
136.33289659353053,0.09543029509311893
135.81204021826903,0.09458813852851854
132.36180864787488,0.10074583825294471
146.66057335663922,0.08591359239354798
150.997229661831,0.08151986134816046
126.78911238121694,0.09605561232357282
125.45644676619435,0.0955231290729232
124.65217815606363,0.09642577380366534
135.40747552522615,0.0869020519592048
139.71895648196036,0.08978755679643784
138.54633782026443,0.08660852181265051
134.2667704854343,0.08652582397536739
132.8662147331476,0.10113118102174942
135.66366997467009,0.1049055632078115
136.80047795916684,0.09898351899858071
141.1081434089293,0.08178857743402103
143.9811267398686,0.08064894836569715
140.93094695401587,0.08264324575201733
134.4738854060362,0.09597347251681075
138.3667304251608,0.10399895410605144
141.33978406613164,0.10233992902859623
134.33418817100417,0.09698104310318201
133.23557460083617,0.09589193552813191
134.16952805258143,0.09818575543999654
134.16952805258143,0.09818575543999654
137.7778973193522,0.0899821231633232
132.10550827725,0.09080873170201412
138.25962644539538,0.09307598767884265
139.68720239852126,0.08151385407604016
139.2344268751135,0.07924934145322804
142.74804806003064,0.07763136969661343
141.7579665451356,0.08408654885742113
141.07839154260066,0.08600076172139272
141.14327541723208,0.08848198530524141
141.26963440107644,0.08653522662520037
129.2968307764287,0.0978566759570968
132.08911797774846,0.1020825615721454
144.7762488517992,0.07519191589043196
140.6087749442531,0.07811979016935848
136.498471136459,0.09004639124544048
140.6167801804453,0.08937212842759655
141.4236763015523,0.08547129504708156
146.1077328615038,0.08491485670116522
141.94561720754527,0.0812554324723241
141.90633520250398,0.08344117790888148
146.05260652850927,0.09156253411423551
139.64518210518523,0.08399347406012433
129.69605190285802,0.0826925934128248
131.12700431569786,0.08927223763885098
138.30070294413844,0.08382602674360672
135.78448768169017,0.09110591035700125
133.4767485062943,0.08972136455468935
132.4359108863812,0.08906948684427553
134.42609249572757,0.08637150618176338
137.62405736920854,0.07877421783572744
139.36524227903092,0.07880442295589318
139.82052478240882,0.08645077322598228
138.04962801381743,0.08604782965063276
134.62411143883074,0.08268334906204824
134.47860806855974,0.084517234481724
138.2275778350099,0.07603795650320001
138.48823810852517,0.08248071501588486
138.63811964274183,0.07872488190693032
145.24989561737863,0.08367913148525612
145.5841113114062,0.08535442716586707
138.93518288410314,0.0817931554338727
135.41272196790237,0.07085828024926823
137.85397658076195,0.07411216959321129
140.74289014698095,0.09405156799041998
140.4444030555716,0.0918651411598637
135.6485133161769,0.08935346849054954
137.84113664411905,0.09196710129323418
137.49083338115457,0.09591696046449964
136.76332977367687,0.09194621118080527
136.12048513479905,0.08632572822645193
136.60461866850895,0.08989668733336871
131.48038948288774,0.0911400844180976
138.09291083664087,0.09650914613359521
137.58443199728652,0.08326729546613792
136.42452178637055,0.08731749283989465
140.1199992152494,0.08531877705118339
142.63444874146873,0.09059414880410313
128.2652554438345,0.09470664217693447
128.05053384064368,0.09388350354978679
127.8625927337674,0.09197246364854127
130.44197173725746,0.08428030375897266
139.92748454780488,0.08989471528756796
140.47381018103616,0.08796331153603652
135.69751981468093,0.08704794980631435
134.8938211574645,0.09765837763515123
139.92990943337105,0.09085719811798589
141.18923139592965,0.08399555973757138
141.57675509982792,0.08712368108860843
134.1260822921846,0.08324994251002246
134.2128849939379,0.08752587411643202
138.3749699041591,0.0868040211475269
143.23201444092805,0.08726678391104202
135.46426561164225,0.08399123702436596
140.38074097056437,0.0790108341528124
134.58894828944653,0.09087897568308882
136.82717734358135,0.09091818347611329
137.46351085749083,0.09106322263108824
130.8538221575721,0.09657996272004474
144.04057393702504,0.08797441945908197
136.154164107279,0.09265439626156095
128.44260415436202,0.09291874416897293
134.6930542405376,0.09354652891755255
133.52803610772145,0.0917259949149073
133.71843485778598,0.09158179607311936
134.35678480076857,0.08626106954826325
134.46115506462954,0.0969843816589441
142.2246015183045,0.08459115136498069
134.11517398195468,0.08970215254269834
136.5155420372485,0.08575660389930806
137.38103504042823,0.0857541014526097
131.11174524021862,0.10178862251707904
128.96280305033338,0.1031144341678655
151.5312730882725,0.07180044739022842
130.1340014610886,0.08976422515503753
130.7915326257999,0.09008110324642686
133.6302241232682,0.09751072757256796
128.24864303935436,0.1003619785185339
142.15154069474534,0.08730035223185924
139.89010346050335,0.09144985716017887
138.89987516769875,0.09425725071612523
141.47774992041045,0.09369991971489591
134.4597081880789,0.09668108325470663
134.87368153886848,0.08976161438511399
135.20994755280225,0.08651442654461852
136.58242552390573,0.08485304838275959
131.4475267593057,0.09024742644046853
138.43127999554798,0.0959536330019117
138.13632441935883,0.07978275956397413
136.43217543956484,0.08191368436313297
137.26936170240904,0.08268891918422377
134.52038659190268,0.0873890791396953
133.73514874095855,0.0956941375366223
144.94777544242095,0.07641476960153948
128.59582385311043,0.09761411316120744
134.88619858080938,0.08404192105624508
142.12499179276668,0.08727148164393052
135.70708065033327,0.08644840496653133
132.65604164030373,0.09187644197150524
136.77730758428416,0.08388882293084765
137.14385874723737,0.09403923447039936
136.53694444414143,0.08601543743716478
144.36441867709095,0.07690413383879005
139.48334703259582,0.07883436489372514
128.54258093786842,0.09174325798079329
136.6738783917354,0.09059046433941229
138.3735663291887,0.08801637248834783
137.6632198095209,0.08758930741752421
146.86780182995813,0.08300865469188672
140.0070911713845,0.08013959532017324
140.00002989388454,0.08397907492704945
138.03264778886825,0.09052763453184003
141.4938155541664,0.09068725359061476
141.53098906367023,0.08681522231899994
145.18800783288742,0.09117509671230302
136.56776808500325,0.087065141784685
144.9027419359183,0.09317703583867605
134.60091472040435,0.09337250170983409
135.45551324823572,0.09471023329786632
136.36638649804405,0.09786243885738972
134.7080109530107,0.0901077680709439
146.57088317035104,0.08344267307307764
135.69364902162988,0.08973605357066256
129.0761059111493,0.09938111048530086
133.92043355348804,0.08954351996597154
133.8331217042936,0.09023438576940343
133.78938153007374,0.0896712507320554
139.6162115182907,0.08678308394961719
134.1173627374842,0.08493482598538835
131.62442370623785,0.08158065335038357
134.46505250939404,0.08266140403387053
142.05156645084722,0.087927861546206465
141.95272807653893,0.08529657756758269
145.7908965681337,0.08338969796775045
147.29895220491443,0.08336659103581359
128.0015433483657,0.10020240150734004
125.4941085860834,0.09870756523097056
139.84454521562182,0.09364045853679366
137.3556184141963,0.08456466153949967
138.03435930759363,0.08707599232521089
140.07151530619038,0.08335083981885372
135.032503036448,0.09163773646291556
140.5636648149844,0.08798641120385156
139.30648185061662,0.08604475024794252
141.27718503167787,0.08377050889042374
139.16500461944065,0.08021436895188123
145.06262348900162,0.0847485294923107
142.21259493908775,0.08317782300782825
139.8648612694354,0.08927424062922515
139.8248121931915,0.0850409437898514
129.8969248636949,0.09568287719340665
132.19528566693648,0.09609799811111133
138.98495036078927,0.08962643810763801
135.7385346674476,0.086826676810355
134.41219317236448,0.08859990027853808
136.9305304959595,0.0889444301041649
137.87707816803282,0.08682280790058271
138.24319745001657,0.08927652626637017
144.342885839884,0.0839796301398412
132.92785191089683,0.08575298152503749
132.32292837922873,0.08572402026344285
144.87241175892365,0.09183291090844936
139.29055384786722,0.08525429268273814
145.85710202539147,0.0773086747348213
129.9852701237404,0.08574665287927748
136.11261591009688,0.08321685890108764
133.73175314045287,0.08412295475743294
134.62316537296346,0.08601140107875987
135.49177850171446,0.08511537729430471
141.79016114147078,0.08297141129632067
133.7829441075409,0.09650781006235862
138.64080281037855,0.09010553043081586
136.7592757005565,0.0902237385038999
139.73152415943005,0.08228352690862173
134.85728054093784,0.09797528567359692
137.7236156992304,0.09017289730482855
136.46267077710397,0.09041978174310683
135.80858563797233,0.08763189493544606
144.92207094278308,0.085624445082762915
137.10865678729053,0.08395046999755816
137.15506213087195,0.09374308684804626
134.33696551507524,0.09180505524635402
144.87159851079238,0.07913257340562291
140.4758914134887,0.08102572163630074
136.71152793299592,0.08752251446580381
137.53282919024554,0.08734706538485454
142.45688902656525,0.08731723723859477
139.39929210785937,0.08433386790762719
128.98516761832047,0.10180954395259477
146.15828519614942,0.07324565213219035
134.60809570699175,0.08723507110434174
133.8718551841357,0.09023965475409057
132.02917997339281,0.08927040084860206
130.79721296515197,0.08587198389146362
131.0933508541535,0.0904034270094023
133.57822428731123,0.08884270911658725
131.92559402304352,0.08965258525197552
132.8612324860017,0.10088005916225852
129.33820206599506,0.09376198522254346
128.39443496910977,0.09200811386543263
132.89906907645835,0.08783084031585296
144.8385472214208,0.08494602626766352
132.48561598220132,0.09976109342121754
144.2248823518231,0.0798270483314804
145.4925275374253,0.08258919883804637
132.90428391470206,0.09522102252228551
144.20859081025603,0.08331593357228144
143.39676637259475,0.08213262433669977
145.88516966809593,0.08399463847419607
139.85329147041566,0.09071687450597272
138.7575445822714,0.09395381744423564
145.30797743756952,0.08040180631543348
136.99009484839934,0.08711398715090686
134.31980587764133,0.09346657213226972
131.38679952318378,0.0931740711072804
140.14892139923478,0.08088630081058222
139.2431172463449,0.08522062223258815
132.39938029064496,0.08402647771794815
133.7860929112756,0.08653711306905097
127.64337555389375,0.08501787997787177
133.2618955330731,0.08597896449199655
144.70685778474498,0.081028691749254
144.74514106006086,0.09010207605931993
130.80136040685193,0.08751355510031143
135.00980665044074,0.08923782950810227
133.60630473303317,0.08849477485338202
137.1878386992858,0.09008808209211598
138.46054501363312,0.08403131312654548
137.85886228733182,0.08453594059320525
139.1641786775786,0.08618270258455295
139.7938259788455,0.08199286564401899
142.88890276831378,0.08297343056896912
136.23339361668576,0.09620947908927983
135.87636711619498,0.10828025124596205
135.02655265251738,0.10638981668900906
137.86220190212802,0.08990911420195763
139.54537403888463,0.08983098198127738
139.08733070469148,0.08953147664436845
134.9908189434514,0.10160531190408112
136.6494413302647,0.09950097703018948
136.23461042855175,0.07996618168857951
132.00700258037355,0.08798453505778633
132.49287763812052,0.0953608571413196
130.46025459401707,0.08299353805094838
133.08950221643994,0.08782763397643245
130.35354970040115,0.08966514656085237
133.65451125461402,0.08906500245404507
143.43933756635593,0.08336325427912128
142.35747281115164,0.08753458065507638
136.49827705495397,0.09159703753885252
136.34311658859878,0.08443542656924245
134.08053115005956,0.08547856422576403
143.19834251471738,0.08952965492838597
144.37259376793156,0.08938642830573829
139.53295822244036,0.08458985781761252
136.87947788116387,0.08758049731034809
136.33311183838637,0.08533455522415923
134.90831465437634,0.08222279237865819
139.22696797072004,0.08469477947019044
141.70603959010813,0.08909677675412632
136.21389047191195,0.08638580229762864
131.6173335384305,0.08225448124544688
140.32691801960112,0.08705519188064942
141.7329171717364,0.08744988836832798
130.26223834868742,0.08746056503600382
136.79330611016755,0.09399389510584581
139.56897078345452,0.08972447932256386
137.22136701380336,0.09564602845725162
139.7988086201277,0.08083435556405948
133.81206435504356,0.08309654112534516
145.56630011115715,0.07915868432400021
138.97259878793312,0.08246537161612748
134.4337411489731,0.09442956373024168
133.86601232297997,0.09249392296904796
139.33235937732496,0.08400293696178288
137.13433850572054,0.08550591266691199
145.1817119607203,0.0835109090037387
142.64931173119066,0.08280843978722684
136.53215906519029,0.08414146134771892
135.57385217606222,0.09372078858380395
138.99969528369752,0.08235788365623035
134.88191383282268,0.09205123171880523
138.57942392771227,0.09318764092273292
131.72235757165546,0.09836128230522644
139.8664879518805,0.08686747329943854
138.7803190225291,0.08499712911771078
138.19886744432935,0.0920971618884409
139.77142187985842,0.08742663080629107
142.72501491434548,0.09174041884642142
135.58800137636055,0.09209101617092523
153.49446889891183,0.07652831630155232
155.9805994632162,0.07988580031340065
134.94158887589214,0.0769954313903295
137.96592492876746,0.09216455683231198
139.76997401084853,0.08298524041759225
132.01675276462214,0.095989541231178
135.02076868674575,0.09519040639132095
134.12630644869742,0.092388907030248
130.31880731809224,0.09203864182267137
131.97976084915058,0.09269971296633993
129.71247746043272,0.09737101307783412
135.9306455749569,0.08625698370613938
143.35401532192517,0.09255475375554444
138.71338920513313,0.096395892026006
135.0096634428098,0.09566578149679382
140.87750906604387,0.08971121904957902
137.67164711623536,0.09167116696153564
136.09804514039212,0.08749877275309807
136.09804514039212,0.08749877275309807
135.62421710977793,0.08254918942952112
142.22662738393254,0.0931075579298542
133.10477095365277,0.09270901093595378
131.5144124033607,0.09297006740805325
133.54185290087955,0.09184106895126684
143.12057719861548,0.08697773131770423
134.2227051334793,0.08493178421768498
136.394424724526,0.08664855391155926
136.889985421288,0.08624009206517119
136.15827246732178,0.09187153986534179
138.34977657917128,0.08990922260215271
136.63412365296844,0.09273449191477633
133.60668426796943,0.08008374954174947
126.12059840966832,0.09714470890113229
138.64195332228144,0.08963597807061582
132.74846939940556,0.09428234012906647
133.1910043427347,0.09837789308721939
140.17708876852967,0.08901952180017099
143.36185685693275,0.08043544899019744
140.6279876451929,0.08164661706666929
139.99299504032092,0.08625562256647729
136.05613096221987,0.08424360563113988
141.0640944837259,0.07654782202789545
138.81668032353824,0.08684517068093134
136.42206987151815,0.08652706494843089
137.28667030953125,0.08190807371640796
140.89930460356803,0.08414066155173708
135.98915680662344,0.09963486587669625
137.73178538424688,0.0983714952740153
140.29296205604868,0.0947565895285155
127.94761256115898,0.09536516876709733
146.16155058052456,0.08983801981819023
145.29962884271833,0.08900102796340532
146.04306478852868,0.09575227846640452
142.88595665909497,0.09522794896672045
142.74907660679213,0.09006272407661689
138.68357017638775,0.09538689673611267
134.80969828799618,0.10554972173758866
131.02147715503315,0.10417927519382836
123.00465585780466,0.10159383967757579
138.2628836715976,0.1007469642340055
137.43535293617057,0.09276371911413415
135.26349059089887,0.09819453378095672
136.45903466608073,0.08800154268527365
136.9683830463819,0.0800843985679578
139.02976323066017,0.07950790334424714
134.9961966418788,0.086520352387753
143.47823645616648,0.08008361238554958
136.73611428608447,0.08303795138305385
135.7905662022885,0.09307125055600081
132.29339593678282,0.07676522372263883
141.03917193491893,0.07279423126862088
132.4039516089914,0.0948361553766172
134.72630225755444,0.09073905084800951
132.6206363137357,0.08252880888044538
130.08491375944996,0.08092947386202733
131.00562075227384,0.08307136697180867
130.70149626709883,0.08204319611153496
140.02352598002375,0.08255874672465317
137.74265723230394,0.09151553515335324
138.13163319988817,0.08930339810367455
138.1358304371885,0.08392679483400048
134.7658090558954,0.08589641108619044
139.5099401023094,0.08741655553187323
137.67507025844506,0.0837907033231711
138.10291248531902,0.0835497489065332
148.09047337324188,0.07996437485473257
147.15985572489294,0.08086145178297982
127.49050861718504,0.09197497351630052
142.7133998986988,0.08407719035868282
138.10221724419014,0.08774384058076544
136.23855798136208,0.09074161652634478
137.17203044913384,0.0860449919671323
139.2263342071591,0.08608719945332553
144.2057691545755,0.08503372426537231
137.8211761621795,0.08753066883793828
137.95698007203916,0.09052689942145288
135.4809838659114,0.09188473339971473
135.32311471098205,0.09290350813936148
148.7061187210748,0.08476289906796207
141.14286251123502,0.08446309768883557
141.83723560540426,0.08538187403892886
137.30014511120234,0.08595972406260957
143.49708730982726,0.0894664562253936
126.75988721921576,0.10496369487276057
147.84862135609558,0.07145369432728516
147.593432573669,0.07610854539229192
137.68359033449886,0.09167672386256087
136.08015416446983,0.08236109778853085
140.10207072736105,0.08438941931044136
140.25696146033098,0.08111093861943358
129.16809488775726,0.09822394149708377
138.43903261450052,0.0913743608576536
134.4015855295315,0.09102476243512525
139.93368428833048,0.0846410089648963
143.9535501313883,0.08446618178077463
142.2279994383604,0.08133232148117168
144.14278524116955,0.0880821792114797
137.21303993061312,0.08815710029236877
138.65235337573716,0.08890734435607618
138.90500451302367,0.09438635192574464
129.50416943235783,0.09104691010381133
128.278372195825,0.09161203091549722
150.30525131574282,0.07594303193990806
146.68411370988971,0.07897208385315252
148.384938195614,0.0795895119174034
142.71264559035862,0.07738418741146551
130.34744705116208,0.09587706616932994
134.54588003010068,0.0914748649964789
136.0280263198172,0.08992031019004458
140.96014027531444,0.0834838002254834
135.12100887546157,0.09692092200943332
136.6852393357496,0.09075324980880708
133.0617053736771,0.09510347589767536
139.3539614244099,0.09420444136627237
131.06475593152865,0.09420566055842304
147.16961099199074,0.08661071317949812
136.39854952841168,0.08704509452202126
133.3566431172205,0.09125640397152544
150.22534483321036,0.08707119204640172
146.61691325787018,0.08126902386768134
148.67164563400985,0.08608722618129479
140.14870212752854,0.08559498573008419
139.29304567211412,0.09009305565504436
141.22215958643974,0.08380597276287165
130.58733382342592,0.09021926788620613
137.6828733677448,0.09054611437057344
137.6164514013784,0.09570825662640602
136.61933754872396,0.0941884638193421
137.25832008202195,0.08607472108543326
141.42276086161408,0.08515684648126355
141.33959466714873,0.0781156478701669
139.0605749660381,0.0948646122741851
149.1810819094793,0.07140214172620579
149.15946552225617,0.079111673048639225
146.03468174569525,0.07651346795128497
143.3859944726235,0.08108875004219614
142.25329743896552,0.08073340970670242
142.4251247312383,0.09382253763195843
131.89474549659647,0.10964506472597607
135.0080560641978,0.10131933036473285
139.4598887778408,0.09125312423244068
138.43419189797496,0.0921195160503306
137.0004591714521,0.08396454078112363
133.1775116094517,0.09190776195982141
138.64345044855145,0.0884918054873829
139.501315353828,0.08908854998223407
140.0358982809476,0.08764255858742133
143.3115960984369,0.08403620412317658
146.5382105102341,0.08048009161244463
137.4796465272232,0.08802192797915838
136.89169353032807,0.08810031032814016
132.4403877624311,0.09507490078863276
131.09184804413223,0.10446214179301941
128.39554596110213,0.10341067858860271
135.11169583512296,0.10145685252279175
142.08183891244806,0.07945806234972566
145.52896285131428,0.0814751461150935
146.71277350612675,0.07848027323995517
142.5351505016831,0.08457027337009482
142.8270137488654,0.08648778665238414
132.40350339235027,0.09268231756967323
146.5337548533214,0.08465334980203135
141.25565225889767,0.0844478239327173
133.42309759758456,0.0785902819002829
126.56755801292033,0.0883008449038256
135.32666227906424,0.08126363340096082
139.30372650450008,0.08504382786785548
130.88119998165757,0.08507300808235349
129.2670873543057,0.08275378262620753
140.56503857521224,0.08496903648828005
139.10930735054166,0.0866983603367744
148.00489947599874,0.08020284841429336
144.71661143896816,0.08669168011981697
143.73735428513132,0.0799614534409218
134.88605254109675,0.10238491622264868
137.39474876832276,0.09330342259562686
129.7996384773821,0.09328747158852747
127.94833670657506,0.08682814538019361
131.66413788880095,0.09232125700221222
131.6071512867054,0.09124359967261399
138.49785417802218,0.0869031220995926
141.71937278270602,0.08708369444217252
140.72653789872223,0.09024334476620749
136.73360210137454,0.08894581391636713
134.55166710452596,0.08878703137057017
145.14470361586473,0.08235271738463815
134.18110992713167,0.09282167971467271
135.49851492713296,0.09044296396508397
137.3751163298783,0.08856393434230093
144.3562866801936,0.08260413591173107
143.6355031150728,0.07981261753867203
131.35829022350617,0.09330783917771866
129.65936738074495,0.09217111912358227
147.6203724105334,0.08080325553816697
146.49034569165033,0.09131420916927184
134.8292226690461,0.09035471404784233
138.0375144912622,0.08569269546429546
140.21736819643507,0.08716517650779725
133.42333589152946,0.0910357029943669
139.5638930050567,0.08682096213729325
139.43759019944386,0.08789774660128319
139.29377193061413,0.08720046500579368
133.72991008505213,0.09609527845416989
134.98676311526316,0.09632157769717625
131.65724806892152,0.09820355457686504
134.79554803054538,0.09194740213580901
134.2888388338562,0.09331998950381723
136.28783350959645,0.0772604836676294
132.54252577521882,0.09148181435533688
132.37278398189423,0.09543673907207507
129.4435396767205,0.09745373591542117
128.90810679461282,0.09548734463872963
144.54904044107343,0.08475605399006986
134.875277808879,0.09250750568220498
136.15063678505058,0.09617003835245282
130.07233582101782,0.08949109639096049
140.77093837747444,0.0769822087767239
142.4249346277224,0.07574665835651662
142.58063004524723,0.08678782928524474
139.41729251578568,0.08488793200384238
136.45859381765314,0.09332565418043745
134.5530785679784,0.08946363754437454
134.40488830035977,0.08812677640278097
138.4947889973734,0.09500110638340728
135.9037883954285,0.09341078468509531
136.10543286428037,0.09434054164973373
126.97653867299904,0.09273081942907667
131.9155181512852,0.09126224326536612
133.4758425537439,0.09037478330594552
135.4735862024827,0.0854907488447844
136.9211179723923,0.09736470928113607
137.06403565532398,0.08757870031920352
136.3550637555697,0.09199549006024323
128.66000204372614,0.09360895597910772
130.85259740732474,0.08775363982716293
144.26338405623875,0.08301016363053068
133.47414679379787,0.08676455685653321
132.84955882203136,0.08841064690516572
136.6633105762982,0.08047167892270392
150.39197384387643,0.08801035857423006
136.03716075450532,0.07906369934924003
137.8262820521205,0.10052692588774748
136.0736286560323,0.0962032034046602
137.72177793293014,0.08785446040262557
133.03094580565224,0.0895515420058791
133.9368756986687,0.10526572043550593
136.30353381896896,0.07969768804460717
133.59284341035146,0.09212102878086852
132.97401826571476,0.08707385880192252
134.5706735761455,0.08640433778436393
139.25135982295996,0.09057518874903715
137.8543268099149,0.09008119937371471
134.6381497724312,0.09050064122544488
138.59414921520437,0.0903673571390933
141.38257227126158,0.09001233167828104
146.37563972367406,0.07579919187016215
137.94868483249897,0.08300568627570326
132.35432675858107,0.09838469053308403
135.54003134520067,0.09283152357821592
131.57036485473125,0.09658356199999309
138.5767122772561,0.08404977295330854
138.8533403506258,0.08620453987171076
141.6212456893957,0.07951966154865012
139.55070098329494,0.08486500036385569
138.52159731077555,0.08768634365723273
138.4535161302374,0.08349408566534862
137.63470508835113,0.08474949875361248
135.83066126646312,0.0813916646112463
136.6169547980807,0.08258065796252241
133.97266753950808,0.09151836965545355
132.30652950844234,0.09616475320148563
137.86901329258873,0.07409569068663079
136.11027779439047,0.07853709899097634
142.67951233007125,0.07737395121549062
139.7257664213918,0.08203719727286898
133.92840549147604,0.09222278353579318
133.41850021336353,0.09761280873055342
139.74374285587905,0.08964182744183051
133.50649228004238,0.09108820069009864
135.26032468907567,0.09599829131874144
139.05819441241167,0.09115446048197932
144.3854881745212,0.08729993020580103
144.08203761444057,0.08987500236406941
133.27338507425506,0.09279022166249629
135.0464409021739,0.09871665698144583
138.86299435374806,0.08903077871097922
138.1530893242626,0.08749841277897147
138.62866708720898,0.09235439910856337
138.40774229497183,0.08865830474888216
137.0165624429288,0.09350525787205816
132.15731460872016,0.08989905833276918
134.08539400550018,0.08828347642216801
138.8319477427831,0.09201208709241608
135.10869175911486,0.09554374727408892
131.3710334062901,0.09497872278462688
129.15475270074728,0.08715521842552454
129.68674550290092,0.08942729512308689
135.18162973060944,0.08322726436280593
135.86103808257232,0.09071951013308001
137.11439830965176,0.08244925785005114
134.427414482618,0.08892203694753753
139.53995435889078,0.08314544598264786
138.4880203947588,0.08985959369520145
139.35841172158885,0.09228825104640463
137.61616429895423,0.09034452513089973
134.96417241762887,0.08881355600298334
135.96863264715853,0.09342042357321666
140.5763236440997,0.08412168851390632
134.29007205011072,0.09188057487175758
133.64220233951824,0.08480596882687302
138.8930289605487,0.08341661011944453
132.97842768772853,0.08978777096355774
139.99625700040934,0.08528536988710887
137.3148072753379,0.09190697401225098
134.07703809155524,0.09117990571735518
137.3534522998855,0.09507404646491434
136.5349713096271,0.09204590589285455
141.94027499509392,0.08418630952325398
133.34575175663164,0.09284988952903087
138.96755990262295,0.088670494064816
138.02213753236904,0.08567101191588676
136.36442904847237,0.08679709744342094
137.43108924281705,0.0855564574591452
137.22620047498384,0.08586799976611807
136.9754603568764,0.09002184245962017
139.7092215563728,0.08694422044474279
139.2148920597312,0.08548325061030525
140.272515417664,0.09381426514395798
139.5643130087269,0.09418963712428641
138.30685023667385,0.09148404279063807
141.23302564755133,0.08454735609997986
149.36439848669866,0.07744974689451188
151.32453470435044,0.07932722168966407
149.8624714893919,0.08075100787718938
149.57535578945863,0.08433752178002878
144.3083805836951,0.08400191069032362
132.36505873794803,0.09369935243465001
136.56183343588634,0.08730300464442374
154.34307593260382,0.07729130321448446
130.0636187594258,0.0872100497710917
142.3261326914882,0.09173926026582374
133.38091548339347,0.08572147199936757
132.8245954274658,0.09109021907729496
131.7366967851114,0.09402014950171309
130.86609986007642,0.08772334976764731
128.59370893706253,0.09700511667322255
128.49937790142587,0.09953518203234468
143.8300466945667,0.08778549321571243
130.39219181240614,0.09403105443284601
131.3852507160477,0.08901113964550181
147.42139872693414,0.07273275489279947
139.47337330750122,0.07463876598987244
141.39755820854856,0.08242373743255683
142.23703337387252,0.08576002388605455
134.27339876430497,0.09750435276789354
134.3029774103853,0.09375577852690205
131.9204817774284,0.10514310001435523
133.04458600217768,0.10311323401339703
132.41761750736904,0.09157341616398534
137.21291472105642,0.08533510750530886
141.92912167687462,0.08256018986514269
140.85414414283838,0.0829503601443734
149.1129039210436,0.08078777722701502
127.09671258918614,0.09388479856633435
126.90816093824026,0.0946189203777054
138.50663525448562,0.0900854411555483
141.57430753861595,0.08459796468412117
137.85003306387378,0.0883964066170982
138.7072030690898,0.0873938609761457
128.44526300053678,0.10063113789111607
136.04394725228838,0.09266164110901802
137.83880179782707,0.09041618692018095
138.15499743476286,0.09049339455416139
141.51485513585234,0.09300012549266609
141.22360143987783,0.09868124970168402
143.2317814076697,0.08373027546928943
143.06264178099013,0.08265986779511234
147.50313543023933,0.08067632814329688
144.6194493971241,0.08231020498989118
147.36672037969265,0.08153117423027299
146.5061056888278,0.07935222025564233
147.83173217178384,0.07978187896472412
141.27390604436914,0.0788544325758684
138.673604392661,0.08856672679729681
137.2948300953816,0.08674781152190204
137.4226335329066,0.08955362881919647
133.12280986805368,0.09364874639523224
130.037801342221,0.09911335643528922
133.51353126000515,0.09472380671891456
142.42510763393037,0.0812658362619503
139.57991358883265,0.08512432545577339
142.28665178045281,0.08472673941178713
145.7874807844138,0.0790616709563156
150.29485843672998,0.07975718133979515
149.35782670570484,0.07924150290199854
140.5816450551645,0.09164243805085995
137.84144597186875,0.08389148422434317
144.92216684904415,0.07814806899536945
136.7117884143737,0.08799037848336924
132.97992184859794,0.08541199186595311
132.54186796651953,0.09241872194526772
137.44494963469398,0.08614614650616834
133.74682236589433,0.09044692623315606
137.1275986326095,0.0864783828680058
142.36832197307086,0.07936058560677403
138.36275441620583,0.08442124815231461
147.7639118756294,0.07716824879194133
147.80075188981564,0.07559648933054718
136.99702531318837,0.10409853927925068
137.29075430300583,0.10183908129849133
140.34381813525488,0.08222629751804218
139.18494128312682,0.08137666531650192
138.65486919785042,0.0807831468621416
141.74717639627798,0.07875514239931347
132.96389011084324,0.09304268201023846
145.05837402317755,0.0835206420337301
132.13636648572506,0.09768643363622102
132.95632223344793,0.09965145174561163
132.96478010144108,0.09308641285215656
140.49862787275325,0.08380378384422202
147.55536633616174,0.07904426049687548
149.3522261941534,0.08054468689376154
143.8032657273273,0.07039889352992733
143.6843435716058,0.07055767859184574
143.2648413470659,0.0747360400388491
133.46986265628428,0.08957728620176575
139.3293265166833,0.0874807717488734
148.66015435977957,0.0790374979902182
128.91343640887314,0.10058225646729176
136.53246820007277,0.0912769092493725
139.06283515397521,0.09191985393017497
143.11116691725871,0.08332926573854779
143.14137720729204,0.08798621392794527
142.86300310435175,0.08984124749522467
138.94522163502214,0.07540871117468717
147.76960804133967,0.07652509407426826
147.62955871598396,0.07920127069588126
141.05415463542127,0.07993882034539977
139.65293285481908,0.0789901156807046
133.29348055255826,0.09918449469250927
144.9684497068893,0.08091047612812283
152.7647260547515,0.07105963405191017
134.94195632629905,0.08967867135625725
144.32100259878143,0.08591513903311211
137.0789700919269,0.08204347761272893
140.73246761706673,0.0828144186305453
141.3573940632718,0.08281460426946648
136.4876336706443,0.09143662069389302
134.20182018891464,0.08598973291127933
134.45368173154674,0.09483600055378753
130.95503906234842,0.08102130554263494
156.35887082995743,0.07544106340700522
137.627879712805,0.08548474512875584
132.12331172640964,0.08303498195165888
137.6720114956496,0.08992387110435582
137.1498794934809,0.08782961966032109
142.50270178883028,0.07986716746143883
136.1209623554544,0.09598008860957308
140.73473275799557,0.07958226503836499
135.13178415039286,0.09800019249802398
131.76737536665965,0.09299069450251583
130.28862072931219,0.09287281138916528
136.5571319587652,0.08417752986270567
137.09124388442288,0.08518065130408234
140.43421477343253,0.08938225090516433
134.11579419274602,0.09285516564034092
136.92233484434965,0.09027390621731263
136.4316938676495,0.09478335911386333
140.34621267362306,0.08782572910687587
142.0574853929022,0.08918385880297798
132.10380817761833,0.09801652646489696
134.61479086087002,0.09172080523025856
137.75038313144665,0.092396189009125
129.9563021741921,0.09262392642481657
134.62700814247168,0.08301201274964361
142.1797650929913,0.0777974371376797
143.32051054227955,0.07453746978090188
138.80224124222437,0.08200384381023293
139.64020010576246,0.08175529854908195
138.22170328485686,0.09091492256190273
139.0119044239147,0.08839588938957506
136.86401822171334,0.086738200968054735
136.85471429476132,0.08928541162127074
141.6208090737696,0.09067319058864962
143.12435893527248,0.0869268861712537
141.27202705707847,0.09020239356641829
137.56796125556093,0.08306493438451044
135.50112444457295,0.08271070208722145
149.9255518678774,0.0800479365966854
137.93189259734254,0.08140987278466653
140.5070588426932,0.0821210366293497
137.79214966292002,0.08669782288283885
134.7086185688664,0.09607677021262909
138.63460285778444,0.09440372635653807
139.32075997990208,0.09777153533815008
133.7727393283285,0.09114352591833876
135.02188973105677,0.10038912234846585
137.85603087117207,0.09161409472203344
140.29320404086752,0.09296381027161267
133.3240829340479,0.08620876415229418
135.0454135788781,0.08865323850853815
138.4931234229975,0.0876587831834979
138.67392954834528,0.08787432342561333
140.11189216605814,0.09007162942237178
131.21808915424626,0.10357381708993749
133.12232230237143,0.09444243087726495
132.19903790391015,0.08965418716970491
139.65781775243127,0.08419562713826094
137.10766341909573,0.08678616960605771
135.74143376908796,0.09343196134022788
134.88870996249682,0.09240312634783261
128.61378413995783,0.09966795374376229
143.0156420487222,0.08385529017699629
137.92074888036424,0.08595330814401053
139.16920692844946,0.09232496539362084
136.22274157970395,0.09460169111093665
136.79727988760166,0.08834024382945234
136.12113564497986,0.08798215690257119
136.07747999907704,0.08503601172860996
132.99867210768286,0.08172655416369072
132.28358143105487,0.08298684798847139
140.75275264195352,0.0799064837618362
134.78253607568652,0.09231603923522085
139.73623506584156,0.09251657195492112
130.22977229680677,0.08552429506459644
135.17712020298117,0.08194906186060472
141.86637318464085,0.08545906494143281
141.36890610966412,0.09172277474816522
137.8098399776411,0.090078870234619
146.1361115439948,0.07892511325215884
135.57293325085678,0.09529174293928713
141.76443026740264,0.08734041856804399
136.68688290437126,0.08778493462325561
133.3605280161192,0.09038884974856792
136.76706258037245,0.09044399720758962
135.96359953623755,0.08670099720734126
135.34462487133788,0.09299201795401005
134.15645134264767,0.09284196150854547
133.36431954595767,0.09767216161153822
138.59336636999447,0.09178729530073713
135.54528934130067,0.08897591034796358
135.47693847975796,0.08953516119130425
138.6761047892879,0.09243058761583917
138.661625925849,0.09476798424976719
126.33948904986943,0.08830147401059425
126.47930252701111,0.08831752788308346
135.58940456239858,0.08980909938673488
137.29250749278845,0.09052661735289558
136.744758916434,0.08794214306195539
138.85913675732888,0.08821258874764668
134.19205737427203,0.09057618599937563
138.71159143327344,0.08581351320333369
139.0858911719295,0.0928296946934596
146.03713246384984,0.08786185769958081
135.6575683274592,0.08551841086899872
141.42820477368898,0.09247643809679126
144.39487764813708,0.08018747570340529
143.28770876216325,0.08280371401342425
134.9132044080227,0.094873294354717
141.82142246919895,0.08239262871311757
139.38417110115512,0.08575724471434425
136.66153383674023,0.09038219356293661
135.4336403592083,0.08695579659428881
133.29276674666886,0.09385505961374743
137.15371379948385,0.08296287413147295
134.52077126229153,0.08927035390771561
128.39679329679933,0.0934405645503671
125.92540434158828,0.09172562428474913
129.45601146102456,0.09460604303418196
140.68254978524402,0.09033959189660999
142.22044100341233,0.08061444893696408
137.964722552609,0.08230779812987901
132.4832723724199,0.09631111279089258
137.87043367392647,0.08527684616396355
138.46039083873984,0.07560917952594093
141.84971546798818,0.07259287173349442
141.0976984671143,0.08210498534523164
139.78019019502915,0.07694923188575298
137.96758521687343,0.0849161671799622
133.70298602386066,0.08506900081770791
137.74714090059987,0.08343996220046161
148.2689826341414,0.0792575851741444
137.65680387902697,0.09091623146200725
137.43593645410266,0.09268694532604975
142.4164879071977,0.09227362764302019
133.96651188171273,0.09349782026149167
133.85890366334937,0.09026585343920869
136.2003662468364,0.09051964154566662
134.51432843788805,0.08745037628624079
139.1768170629569,0.08513893220634788
137.60631584772227,0.0909725668791102
138.83770402255047,0.09593457183406742
139.38851543191367,0.08804590527122434
138.85117699512503,0.0928514269912746
139.17834391559953,0.0929306267865077
141.95654452591484,0.09355390202877517
136.5959963591754,0.0912225190977759
144.65542394101584,0.09254885466652193
131.4458512441716,0.0832896106993525
133.66566291526465,0.08446450949342985
128.66911078520118,0.10097570550653373
131.46623961501052,0.0913749879957568
137.59319751731715,0.08563105926009137
138.71121102761114,0.08747358426041471
138.68292639876074,0.09579543007612303
136.0123508002894,0.10124885767829085
138.57553113027961,0.0782210770313773
137.48274553466055,0.08992435064308545
133.18889067999726,0.08913182991656625
138.18477989188304,0.08405803688148553
141.68872070334297,0.0824498827907523
139.577485646195,0.08896102231065972
145.30611386634132,0.0846343619067475
150.06859703115038,0.07927223037410168
134.83911394916444,0.08488389062781096
141.4489297180018,0.08188020525522802
134.00032097482517,0.08991123130089386
134.2041379417525,0.09552920074293618
139.18589028495646,0.08339956463176873
135.76958376876135,0.08296641499322674
136.79322218343057,0.08426293919532224
149.16326660992442,0.08156623876202243
130.45761990379603,0.0951359151059198
137.51158834551276,0.09052546212367737
128.85105732173412,0.09226031197682548
128.7318285040934,0.09745206834302361
130.12995065131747,0.08880220729672811
127.43210946003911,0.10257521186949056
134.03849370314896,0.0836906215869524
135.8733993158024,0.09450966947691018
127.34644402809228,0.08376807984351875
131.93581887954946,0.08364024303402517
141.7142507437094,0.08203437760542891
141.3282145849784,0.08370847385438383
131.2217897554228,0.0976110263580503
124.87349484145658,0.09843859248530158
144.49779739826278,0.08762465026996585
140.4205670708725,0.08618899466372386
141.07153025824675,0.09083249873845453
133.58166183263918,0.0860459224494411
129.33895532403042,0.09550298605842689
141.3009923402459,0.09100502946732933
140.31738804626426,0.0820933612161074
141.26817535016625,0.09065091113220726
138.03785955639398,0.08467971319064298
137.23667914672086,0.08267335686818261
132.6961382398357,0.08676504867328831
132.4079035477661,0.08700276452647275
135.25933871991558,0.08950158287946064
141.03795536602672,0.09025453823985151
149.316043590134,0.08397716908521477
148.94765036033596,0.08432466262091289
132.51852057477174,0.08435911474523035
136.4612727588172,0.09106244712025681
138.3623399384757,0.08824372077359295
136.55077654778523,0.08923629096363411
136.71063356868814,0.08208564142632911
134.13153664034306,0.09635002993354208
137.21132652668604,0.08570887809845067
142.08217664001592,0.08692456324661138
136.20311068141498,0.09243456729924632
150.26763109957,0.08587124447814246
143.74041553132085,0.08138455374548498
145.3286865002724,0.08215082025773193
145.82588938470326,0.08061077197001351
145.29908755692406,0.08116105439421968
146.48275787448407,0.07696862639566136
133.1639079711098,0.08219278137315625
131.43694223174532,0.08105288551660006
134.4599774807027,0.09219318113513227
138.60462033731363,0.08536572498638285
129.01019770590747,0.10260298302031767
158.14536746578258,0.06941869314092466
142.30493222220406,0.07900753317116588
142.4871876896681,0.07976112115192988
155.8281948859844,0.0705618845254008
144.00449218685662,0.07450817568944955
148.29488145813548,0.07213777498408332
139.98261254079677,0.07506792801628642
141.63502438520436,0.07665042709216789
143.7301466702429,0.08419029275971257
134.0643441492463,0.08693631208059904
132.59392057310137,0.09143699004513398
140.21499989912002,0.08940087830044699
139.34799257351406,0.08830483487765778
134.8569087127486,0.08135285734439068
124.68822717125423,0.0928635394692161
148.00856584543183,0.07945429329295799
127.95262545845716,0.0894119265398491
125.12795539495316,0.0863595271134895
142.20365187205795,0.08744338037837089
136.65249418982873,0.08963522863786108
141.72984095010867,0.09030750554133453
133.796820566946,0.0889851682990302
132.41441655625107,0.08478749506547568
133.4110967528554,0.0896860369239577
139.08319049979514,0.08830776600776484
135.27545637377187,0.08882161782857152
138.00743829506723,0.08790274781943733
139.2700819864737,0.08825753259096028
139.31339937522446,0.08347009756333848
138.25089654198231,0.0937573577095736
138.25567269390237,0.09453341370164808
135.22404921991716,0.09216197200802721
132.0479364140698,0.09216678442582968
135.09844188639136,0.08937024947314204
136.49051676854484,0.08994951754578184
138.9222637719432,0.08977384555270422
140.42697094389177,0.09339227401483181
137.2842692102728,0.08282723308470562
136.41604752924584,0.08970361351402677
132.103776450883,0.09871668452030066
134.3295556309769,0.10355989976605032
132.6271544543799,0.0966919823569495
143.46731600598784,0.08585737768780384
137.0583166921496,0.09639156486940523
138.2691790211869,0.09671241672782029
137.29664792600732,0.09472014345077967
137.13076186150238,0.09598065520897774
139.5243808505351,0.09442671806575499
139.36415019992594,0.0858886237513827
143.52841757280518,0.08789040822506274
136.3305611722889,0.08604326570913115
138.6067166396454,0.084514539741984
139.06682088537744,0.08408189583506316
139.49367244703848,0.08516963693453877
140.25171146390073,0.08286059536891767
137.6338380123682,0.09471241507363441
134.60167000208108,0.09741682766011278
135.25890427332908,0.09587820125218686
132.0951141488924,0.09347673437510186
138.52194316904178,0.09212926938197005
139.84428842157865,0.0936453617161042
136.12060013924793,0.09086545601535354
137.73542609810326,0.10055046615987778
134.67879949943998,0.09513682321039464
132.84252521637308,0.09442879081315741
143.70236834061984,0.08389769018598932
138.54681392061752,0.0918948012382449
138.0525149056953,0.0831745908192147
137.70020502546936,0.0830322445042657
136.3344653552985,0.08211916490768609
139.16627787449107,0.08640327178108968
134.68823295131264,0.09081484112861461
132.8885836014438,0.0964359668581898
132.24636310992912,0.09627076608323354
128.8114033877287,0.09259656416443818
131.77688386289822,0.08960784207365477
132.53003790594497,0.09420154782558669
140.62363407993064,0.0826497899276451
136.7051500639414,0.08407122100000218
141.8936891944589,0.0928410711753028
137.20004149339468,0.08572868602576146
147.90425768681976,0.0718500758073351
143.4699376966029,0.07674604901202524
141.80347581723976,0.07734241050919276
137.2386804223293,0.087883283641180407
138.57860810363536,0.08447093544783872
148.97063819484308,0.07479979770140409
137.8982521350574,0.08839938464880465
135.46993314361524,0.0888267294126344
135.26139937191056,0.09016764670161186
138.60766434683424,0.08130558775706605
139.74646483606284,0.09211606802698136
137.32311941204728,0.09583279227825191
142.72095981105778,0.08578883204333997
139.97381451844367,0.09778487269168845
139.82740171520706,0.09691981714738714
141.39887384434482,0.09610270152119228
141.8115730533963,0.09503539887231506
144.5601564105261,0.08791779775578648
132.90481973484765,0.08997136698745818
137.5690215415479,0.08097310116500918
139.24828567918158,0.08272854107237594
140.53602612544876,0.07404305027160402
137.7506703969186,0.07308492868782486
129.5474606800875,0.08854705563053863
129.12650790584362,0.08660223213238108
138.88630911346985,0.0940130312474165
140.47499074084948,0.09360722223091753
138.00885780618867,0.08820574741756766
138.7497536482697,0.08746748251485421
140.3221849859143,0.0832553508862449
132.16814602087538,0.09672597996853227
134.45476027664097,0.09512682111767054
141.6583763734848,0.08337267707186509
134.5721035677191,0.09511186401499762
137.61789005159906,0.1000351180532392
136.968684978639,0.09398514671268252
132.83081340284554,0.094518751197239
149.92939513763199,0.07941586154046976
150.14818537019406,0.07950879215543889
151.84053743033525,0.08061247446032592
139.7943215782456,0.08813507348056851
139.46450454679592,0.08581808473607798
143.99844057651367,0.07957794685982905
143.72199790982614,0.08867932404933626
142.1701105447123,0.08766937438742041
142.15812136504547,0.08228990093258642
143.2204878087773,0.08340621273042757
134.4784822953405,0.09092492361418492
136.28345899495136,0.08940539748192337
135.772949997115,0.09483219628998654
138.18074316297526,0.08491062611263954
136.84242248722424,0.0929893930405635
139.05912870853925,0.08749274656495955
140.45132756650534,0.09011388262173795
143.98715944343883,0.07715563451944751
133.74440866699473,0.09070168596719735
141.57012102098852,0.08448881758791013
137.69695367606522,0.08641306372651389
138.4839726539338,0.0811833821636245
138.43125364469125,0.0817421949285423
136.99913924577513,0.08595237853976753
138.19519340604433,0.08889624695068496
142.02158574189633,0.08240551841815279
147.1016076801635,0.08386360217345094
142.11727928985778,0.08907425167408893
133.34973156985757,0.08803877434004968
134.95211843477415,0.09429184045400249
140.16538304218264,0.0901162139467849
136.44632460022623,0.08717682447619816
142.0583554074082,0.08546721436274772
137.8401102046439,0.08730876495200167
137.08114089604427,0.09208422688232935
135.12501293223224,0.09416406726838464
135.5665461001866,0.09481193357946932
141.3532562925174,0.08272523990749023
137.41091978395048,0.0925538985464397
134.12484453268777,0.09077853087714552
143.01812997970143,0.08278623340595546
132.7268410271614,0.08885048661275655
136.77948258735566,0.08312258885846689
134.7041703939171,0.09431519989182174
133.55174026375894,0.09094304874343993
143.80290528303198,0.08562433980680921
134.8316484570667,0.09966999077377339
134.11858557809097,0.08649420987888658
139.77287690299516,0.08579342733759472
140.48075385217476,0.0869835120737595
145.3364544436026,0.07993612772101627
130.061909395583,0.09593539526696417
129.80372319445058,0.09710976616676849
130.7571168853231,0.08743525499913017
132.72079900550983,0.08708934035554455
133.66594944206483,0.0881737525979244
141.2200913710535,0.08272425634032947
139.2688283756389,0.08105607658328076
140.4073592181682,0.08304084462434459
139.2985314343575,0.07299447560012308
140.5267737683023,0.07253178692526768
139.61954410138782,0.07225716764686485
137.91767163807077,0.10446706953673396
141.99491124186633,0.09343979346018175
142.62106394191323,0.08577085836190466
137.66865514998565,0.08505788714908183
137.7560504654247,0.08705039651315388
144.3288893788769,0.0849691086501133
143.7630269833728,0.08473085795020602
143.36081516984422,0.0845685061775237
145.0352402265972,0.08441941412827154
146.53947105668314,0.08533185117333421
140.58789612767944,0.08534265576163884
145.97614174015638,0.07767415939979865
139.2700595724905,0.09316101197159468
136.11852904785718,0.09168059390224206
136.4242496262837,0.09050837123244256
135.63037118088218,0.09270306953652387
138.07638298493774,0.08618550459928617
134.66562481830334,0.08627343527381605
142.04323802158953,0.07535711280091957
133.89378609078847,0.09014855095609972
137.66512043826023,0.08228719145634111
136.390545003643,0.08631873450295571
141.35947775569855,0.09397719017412667
138.97566905391471,0.09280569288529196
139.02806881617238,0.09461226325050684
135.23033780366973,0.09206636819981492
128.77693340548942,0.08357885113554823
133.02572701202934,0.0844811791069726
131.24745304965563,0.08326138648963605
132.22124262220402,0.08468137911579214
136.5959347426841,0.09581989152354559
137.81514655169084,0.08507775023262867
134.99090574634565,0.09663746850298541
138.0309531988431,0.09386938356536098
136.99918374137886,0.09398748489771959
136.4294168493659,0.09475853718664431
142.50642805793444,0.08089796580135533
133.0076388416893,0.09280002770261975
142.4257045176421,0.08052363673728051
140.657212211226,0.09354284948703592
144.3020442905764,0.08900541635275135
133.6264741923119,0.08561192955843887
127.87025106105332,0.1058526134941638
157.10189722500348,0.07370829569003681
146.96543312982314,0.08759342110297262
148.10327238227413,0.08815246788958017
140.5941872074888,0.08352290653281533
153.3495689462203,0.08018516360717062
150.55250656143795,0.08036679753486128
150.5486504407685,0.08014399422453336
147.17576819803526,0.0826580375939988
145.3474954545701,0.08389679717370925
132.91125810098802,0.08969350880775144
135.03809088617146,0.08977990513716289
133.0469153674849,0.08755353299948732
134.79570025334613,0.09674118687870463
135.670223804779,0.08304091088859009
134.4357600096505,0.08617347289020182
137.70654538785277,0.08985282933590785
131.5643496995874,0.09797581299707299
144.60854072713306,0.07941002465677766
145.58944807628313,0.08264225194312567
144.87614103468647,0.09109821475457944
146.96015397584532,0.08791960072652096
137.59659601710888,0.08977889726351596
136.7367753649395,0.09072658832613012
139.61668273934836,0.09259449071325662
136.60106027329692,0.09206284077189163
142.77659516353876,0.09582305918149
140.55251904784134,0.08129740276630869
141.72419026578663,0.08117789616961527
144.89449862989542,0.08217529344726426
148.86347574923732,0.08144547897071153
141.32445138415105,0.0794950234248319
133.84078585311957,0.09582507522964849
138.43796289753965,0.0946983221326024
140.74456028783752,0.08726356590912375
136.9988571117322,0.08751529399803551
135.15270947952448,0.08847291160904122
143.87180976584906,0.08459834174657217
148.2162124809544,0.08253503198978074
147.3853851893069,0.08198016039425905
142.03440663678734,0.08369239659183753
132.62377727469192,0.08429712554110173
131.83988007019192,0.0858104645249152
133.15646584611557,0.08414100412897978
139.51955850666215,0.09074058181301739
140.19818252322983,0.08262027830837548
134.28645856683116,0.09899081374374516
136.1969393257157,0.09094123071524458
143.13922233835856,0.08411087349524217
134.25315957803832,0.08870366914628951
135.44627180386922,0.0904642878993929
132.43838021649992,0.08910642327669363
141.49916986886325,0.08738830773672254
133.14505230810113,0.09576911329722612
131.1477996518607,0.10046533865464452
136.64570408812034,0.08555670248215612
136.22896983115027,0.09268408781730614
141.17721800734884,0.08194652103446005
137.50937601808968,0.08895283186586848
135.4677019683319,0.09308742239991784
137.194993772683,0.08658773744658663
146.19925075502678,0.0835077816701344
141.41615539145366,0.08901624382008144
139.2033998084472,0.09090435642736519
131.41480383819098,0.097968162028564107
147.53890493831224,0.08244561692290545
147.2821718012303,0.07356531524637548
139.3676726462699,0.08642161978515389
138.32712646332865,0.0847141186215164
132.04118174380974,0.08682128757149003
129.87877780556224,0.08792891533783229
138.2636676519605,0.08401982593884759
132.79753843384623,0.09871972578832901
132.5188454755178,0.10066947816329588
142.35922972355863,0.07741379050468244
131.23299063770355,0.08289178225397167
139.64253109063026,0.09219561198106337
136.9981209497198,0.08261807015626942
136.74028714537238,0.08402956113253275
135.97479648656764,0.08851194411121655
136.52961690096123,0.0885537708751596
144.6087142599384,0.08857040084660182
135.36985173283944,0.09298610980745965
145.0098603133299,0.08022440848292062
139.49669173654664,0.08480140872283554
143.2184610742939,0.0820324982282633
146.56147659657975,0.08198231932899097
133.15617550879253,0.0874286577918711
136.5742797485782,0.09481460501697071
136.1528971269686,0.09424313443593056
144.82418407567312,0.07752508616217754
135.27192884106864,0.09074775532006958
136.99032172122162,0.09154295493631534
141.76813322135263,0.08710100186868612
142.33336503450124,0.08385135052034048
137.31308202708053,0.07950053682232741
138.66709020214918,0.07449146740199823
134.39385845728742,0.1037222187595114
137.19614104731758,0.09398597811239752
144.20615456765285,0.09108820355533297
139.62689865400105,0.09140151038337449
135.74581383319398,0.08917954444892563
134.94908531481542,0.08695570715639984
139.29820908518852,0.09576997943584475
136.556831140441,0.09852283937440814
130.1606069401204,0.09504788068518887
131.66216176540027,0.09480572163869126
145.5381385359115,0.08471543620454354
137.12256569822682,0.08955225190222994
140.21308815526834,0.08742395555765664
137.4779784936568,0.0882534450600716
136.32848250173245,0.08825944001018589
132.62216105982213,0.09263402060179096
131.695109896616,0.09327049127516228
137.21667250175466,0.08771373076585703
134.56575193380775,0.08833384209145169
133.94463948292793,0.09252013528120527
136.36050011726766,0.09369877397907359
137.35606894970442,0.08572677404574469
141.04141817512746,0.08329881415225335
158.18391415717628,0.06704492007268102
150.69311342166057,0.0686052681265408
135.6361550244062,0.09127810196011651
134.67123809476112,0.09411488791137622
131.13389228231034,0.09622948892565882
132.36149664176003,0.09214885488951371
126.25843610143781,0.09577673421011508
133.86636978848696,0.08404790825965983
134.71896090795437,0.0777922132315144
133.61739834535138,0.08836183325471161
146.76552627384277,0.08442860681744903
146.50402593187766,0.08845481909006815
147.34393964129816,0.09083692602893574
144.02313927706288,0.08892866731393087
143.75747722284805,0.08861867468521988
141.28435632412524,0.08486113754828548
137.28634046513793,0.08349913141985592
147.28688035177947,0.08373266666277022
144.4391110138341,0.07928692984847711
145.33883096690366,0.08041386747901928
147.22756078404248,0.07731571948519611
136.65329881861186,0.09603859999703131
143.06494929357126,0.07764937050723579
143.28663815536288,0.0850034671215023
133.7800174110586,0.09395381267438167
137.0218469098061,0.08796360057142666
141.44014519802482,0.08677580638916418
139.66993010959635,0.08952384235144026
145.32920492863613,0.07979185871462513
143.49867506413497,0.08104655663587167
138.24305135891552,0.08622126100029055
135.20128030130152,0.08302179801145498
137.02030460858862,0.09322905558079683
136.17879683201193,0.09204797505645186
137.8508337385974,0.08398375981259552
141.2475698187739,0.08957765575577056
135.64456760165217,0.09450894143969267
138.03863402748675,0.09225648247710586
140.87325918692937,0.08701079029794383
141.89246888564335,0.07616024403827246
142.0792624729029,0.07876734837119853
139.18014386958794,0.07671790949461792
140.50120896124812,0.07868749640613691
134.5215260577055,0.0868280484561114
129.67572216903417,0.09109953307722442
130.1945711149796,0.0830097238765245
141.49692680684228,0.09568271054429307
132.28380136721222,0.08319918908051047
133.50329178240173,0.08566521647493103
134.20704977195388,0.0824938316958186
133.27597736608388,0.0968347674183632
147.11738246474232,0.0812797377564044
132.35136309730748,0.09712433977839105
145.62481677587138,0.08086772596663404
148.91884135171676,0.08383103001491987
147.17974755776763,0.07778712597079869
137.2019125133178,0.08487888288554728
141.82841526553767,0.0873175750595913
140.6359643814821,0.09186700194466893
132.4682496152451,0.09445315251513658
137.34427424646077,0.08982243932778383
137.813110062885,0.08634746134041267
132.4050239807114,0.09121315524730063
134.50781003223076,0.08915976055367135
128.71229590151586,0.09219954255493532
136.61291341508763,0.08582170286092126
142.25035269830164,0.09082964978357372
137.87588294652988,0.09110832588760294
141.02000805160833,0.07851894275465109
149.78991053137426,0.07077501953437192
137.96064211768118,0.09123475088771581
139.7939875292386,0.0903860365353794
141.63823966538664,0.09188604497132657
139.12259000731686,0.09068724217517811
132.97566432570144,0.1013472704129551
137.89176128977937,0.09262993653627602
138.84067531568115,0.08636806701818929
136.93622714807145,0.08955636265418593
129.33000198620772,0.10292430719908498
150.8749721432991,0.08054064811824078
147.80058496661204,0.08129607944997906
147.53710464679827,0.08395025423002277
135.58139762109664,0.08967551900716324
139.74274915014686,0.09608701838379431
143.09440263504106,0.0775543191471909
143.6586632806408,0.07895850160786413
139.21525116388884,0.0836369185917259
142.80956200959432,0.07836625926362764
134.0759190830985,0.10054528778209147
137.25825606148013,0.09724998929452713
143.49904065892193,0.0902524912378838
144.52153225687059,0.09004486189865524
145.23678427525525,0.09365464379292364
138.29152673119034,0.08932117023584477
129.5782411525533,0.08565841746090629
149.80529711076088,0.0804888662531577
131.02530222545124,0.09860525891139854
130.9430678206636,0.0909714165154544
130.68837712357782,0.09210640311773458
134.166324958729,0.09417974309217238
130.269071927707,0.09269591394464609
130.9898443104926,0.09223680095453475
132.3088479547141,0.09629090794633853
136.05103082423778,0.08463442324118702
134.93037519312333,0.09777852299533414
134.3689594085851,0.0978506282123401
138.0491368218514,0.09289406042481013
143.0415403576422,0.09896022962196752
144.23650986810952,0.07922983685486756
142.19344950511876,0.07359445518445074
144.0645106825528,0.07835443172057893
142.07859278006111,0.08515926565697528
129.78392856055774,0.09107063242820929
139.5747943327487,0.08639112837415883
141.6041454590768,0.09584668091150704
139.1052418980336,0.0948627366520319
136.53613617111168,0.09522772043893844
132.32657487988615,0.08473757004041696
139.419894744905,0.0848036318607723
144.14146377360402,0.09372357233502693
136.25450509609925,0.08045990573833231
132.4576928922245,0.1017749258388998
133.41717194810226,0.1041259214322094
130.5359573244328,0.09598060288810506
128.2058770562352,0.09710999799975646
148.87455714802175,0.07900500192263993
133.77648448305337,0.0933356288096089
130.47122723715592,0.08965615604478175
138.41262490382013,0.08325576840025745
138.54885152638042,0.08494800570860506
141.62851326277675,0.0892773156222148
155.53073254584578,0.07353765662878958
143.45927826441905,0.07927489250231025
141.83030704337577,0.07829028242331625
136.67992162547293,0.08988385525310648
145.7735416147735,0.07750148352858642
146.3284167527888,0.07861679249345599
143.01295314370373,0.08200540625052188
134.07931749140016,0.09416090851257625
133.7562626383906,0.09417037980241652
132.69799761689504,0.09542002499878416
134.31697422624134,0.08715726625465257
135.4076092634264,0.08328862882004477
136.6770355392063,0.0814593444071653
140.88467816917353,0.09036503564367349
129.6140787394398,0.09220453443512425
139.7288746241541,0.08821249228229255
138.85043958323243,0.08768404388310562
143.28617879027294,0.08163257139889635
133.8499501239305,0.09445423256017822
122.13735864729945,0.09728658617738768
120.17066819344068,0.09929122854880126
126.6430287833156,0.0915526713465586
134.05661930581164,0.0859706440758436
137.06630212397135,0.09078585742155898
136.8254362279333,0.08292704676184727
140.82218742821843,0.09347919069168856
133.18548318137067,0.09593440876285801
138.79251852163173,0.08244699076224685
143.77894888547254,0.07554538006506781
135.08067910593755,0.10279430207182483
141.9590374451438,0.08608009808227499
138.83025977920263,0.07835870430009613
146.21214497683343,0.0746417710177394
144.512834930569,0.08323696847124133
131.36946783293948,0.08734167126705343
133.48182510131807,0.08524259961594868
145.33813949235187,0.08634784489930436
145.31061004453383,0.08836581732740749
139.3229053240449,0.08603088061167545
137.55347404135063,0.09019926228362085
142.75016776443385,0.09010968183527193
142.12054236494305,0.08938488822558185
141.73967274576464,0.08842965449681077
139.46412189463783,0.08447078058350678
133.75713499677667,0.08478436176782828
133.76985896052742,0.08612162904370504
138.0865817155275,0.09016676266959324
138.8166692129494,0.08752234103988363
135.05283580787176,0.08864202004506769
134.96067342552848,0.079212615225307
134.9954013594854,0.08024621496532101
125.01145399423454,0.09693428653169138
153.0413784286073,0.07491356555971683
158.14160523283817,0.06900357904775406
126.77212550513799,0.09388335871659172
137.0122776195868,0.09114842787311758
140.58002458632177,0.08516763085040084
144.61368750529596,0.08553780055253196
138.7502913900836,0.09363685621967173
139.71802988259606,0.08483071169086136
134.92689756408072,0.08791751799710881
135.21287902269833,0.08765123277592482
136.53269007308427,0.09463761238499223
142.63391954245776,0.08988256707586062
146.988425875025,0.09837803543499007
147.31725504981833,0.10049612278376684
143.20838619915034,0.10094472131011543
132.56713011257085,0.08849617389810797
133.00840722873042,0.08841461679887146
133.84378211174487,0.09601532335662134
150.14967574310103,0.08735828716617385
137.5281703004484,0.08551008578127882
132.71591134539324,0.08789283704054568
142.119379186705,0.09388175859217365
135.52866953694456,0.08283991725903765
136.86396900981774,0.08643649328322901
139.18153401820788,0.08892690550572113
148.35210329671608,0.08733410487129074
148.85035302176246,0.08701462693177628
132.3791401516779,0.08388800999259609
136.42691043691167,0.08715539857955737
136.04163974815418,0.08700717772285556
142.54495675,0.08767070003627143
138.9545646604035,0.08793565487142285
137.0147282307472,0.0841954863788861
142.66049817072414,0.08546642955064926
143.7729920979723,0.08322067408484542
146.2540082425686,0.09281081878835082
139.87317373547776,0.08136158905241606
130.8673550630593,0.09492762520048852
130.5187636474676,0.09776163349890173
133.1236713859812,0.09491002508396472
144.53692484971236,0.08369017209657183
141.69881862521197,0.08816316153006692
136.30370026956578,0.08560357984760697
142.43428522066213,0.08301884944666
140.11122861666854,0.08478497989801109
140.5256561388527,0.08575501229493505
142.3711534758616,0.08442927159461061
144.26766150673134,0.08053761889835488
140.32045352666736,0.08287023786124266
140.6239827123198,0.08953549611940141
135.48942709036604,0.08669805682511775
130.19599020470906,0.08589783808774333
129.36059866639494,0.08462747272690481
130.9363226657022,0.08541981590924706
141.45417299999167,0.08658877848793316
151.08070781019515,0.07714304434891321
144.81642375250087,0.07632108928779258
136.3635159981615,0.0814004336140891
136.07573126555548,0.09458836948589629
141.56027101592517,0.08546327027204859
143.1281377817909,0.08567624593330282
141.9045777430854,0.08341927825243678
142.84758255769452,0.08145840633556621
138.9543106363636,0.08621795453534617
147.7563375993237,0.09154511404665888
131.79327207248465,0.08380296219758362
147.02630996885406,0.08996271254911942
135.81436896713552,0.09604810656047838
136.33369751773864,0.09439078918379314
146.48053350417686,0.0745686390241604
146.03777729645765,0.0734296354981622
137.59648350282922,0.07819331356801315
142.0654397762484,0.07926497747956687
143.03530225232188,0.083304804530402607
133.33446531427316,0.09242548193398906
132.8143629530492,0.09160975550271637
133.0281169634397,0.09478889444901735
132.05132441543878,0.09472887158234328
140.8446390514537,0.08461432727626812
136.83670054549214,0.08135279857823811
137.858963028056,0.07877370742820927
137.99167736899463,0.0810683357796705
136.13844268438274,0.080843398222986
127.1513908792024,0.0863893441803686
128.205635034492,0.09090675800421366
151.54986315579424,0.08145942787018447
135.07613138712878,0.09287880831016104
134.68273130372185,0.09339423755338026
128.95230265902185,0.09555865179861309
137.79812998224008,0.08570228004489754
149.82579547773648,0.07888339547135118
150.54380953312753,0.07977120054068558
139.0061663146112,0.07886051969896997
137.62061467474763,0.09116822203711077
140.6981467259532,0.08261944681543855
137.77432378808481,0.08898582040542515
137.73683632644577,0.0896124220462444
131.3510318081539,0.08988578428941385
134.19421326066606,0.08977294646683784
135.52773645018863,0.09636866335712393
135.41252391185574,0.09107661422167862
138.148776537322,0.08276186723045897
137.02393958810788,0.08958951170277668
133.38109765217044,0.10083672758198331
136.59904733679278,0.08970663758777736
139.46989572876285,0.08156220585805163
132.02154672626958,0.08296035049136952
137.76295198488268,0.0795873310549572
141.58638908522275,0.08984951306857038
138.9247606450992,0.08947526263335605
137.15261238377417,0.0769736447505883
140.26796729671443,0.07604796651605204
137.4106208452823,0.0831655546515435
139.5829152331526,0.09234269712131027
135.53994223128,0.09068546373625627
137.5303133926756,0.0928296704676966
139.25619603333158,0.09607702894063308
140.84526128969088,0.07684411810819154
142.39536633001995,0.08548937296430156
135.00502922046135,0.09662240494591579
142.010403946182,0.08611895941039867
142.33961776353414,0.0935906206496102
135.62760194165585,0.08960808640602763
134.62276781217005,0.08641411289959124
135.4842581219171,0.08821860534718234
145.66494462422767,0.08571236532767099
142.69278968579252,0.08498035307319476
143.07537950630493,0.09001857432862816
145.01634930440542,0.08706666108221996
137.99165607270635,0.09139960617027869
139.49217864417608,0.08457508128732899
141.30073459694825,0.08679739948378679
133.07542809519077,0.09579762782975111
144.63093140247273,0.08937474306084284
146.7098532600632,0.08781514959076969
146.90495608952432,0.08511451190949566
140.19344722465547,0.08614780636362283
131.07919514276213,0.09557099760513733
134.82690110436056,0.09397929218950728
139.698500699293,0.08749280674143103
134.4891120445845,0.09346550155211575
136.01430230921056,0.0883264566897947
135.43862234182407,0.08647967766040522
135.77851831977446,0.08784970217906073
131.35100444745456,0.09928217918724683
143.67839441738897,0.07658107171893928
143.48917070155835,0.07871399953739865
143.0701785287026,0.08387377409614048
137.07996320391015,0.088186701698146
136.2407654840977,0.0893965274652284
127.88422194686675,0.0879457986463954
131.3663325818171,0.09620533442117313
129.38804676052504,0.08671894017325467
140.60926583875172,0.08822886658219867
138.06699786344754,0.09662259892409572
139.6357989811803,0.08968717479464139
137.8564774670873,0.08965791703848389
140.95043161582768,0.08524201737294562
142.13417297035636,0.08160853717288037
133.59927915835988,0.0954390936358334
133.94259982759147,0.09658938302739281
137.27738332785012,0.08947487468043104
136.52756059112784,0.09596192593231603
139.99075572777355,0.08472724075966646
137.0218960802991,0.0834328550327162
138.52188740270685,0.08249659052917002
137.29040980511397,0.08236104695958742
140.21154777984123,0.09336014901678982
141.48385761331173,0.08499368264045781
140.5259957057087,0.08917558055897533
140.37114803004155,0.08944925503441
137.1116317375731,0.09271125778393623
138.78151210508105,0.08507801386163384
145.22040007787416,0.07955829759467234
138.86937806700982,0.09111472071822417
139.5112827947318,0.08877825648342018
140.37651520793978,0.08430135467763937
141.06134231695293,0.08686573110466854
135.04153756348182,0.08255790745985248
136.90322291301052,0.08210889707180126
134.05543853330195,0.09456594875851743
133.7938070764301,0.08967961876116957
133.37131051054655,0.0933492780187625
133.2548068845783,0.09583485090085353
141.15593748058268,0.08805297431550704
139.4139371059229,0.08434464405316268
140.64160723221397,0.09063972842078226
136.41462448358516,0.09369747603039576
138.22100571291645,0.08662923888094312
141.3236707808294,0.08649425073797577
137.97522309208756,0.0793553199565804
136.23428179124164,0.0915877968241463
135.94529762476475,0.0932004030657623
144.10356039871084,0.07863709701403848
140.84378580213598,0.07933847937355089
135.79335159081845,0.07873504252857767
139.50260317959973,0.08141469175963022
138.40786680145087,0.08031005109169644
138.23382717725698,0.07919169896108426
141.59835167981973,0.0847107866404461
142.40817416019726,0.07492645510886267
133.3055793432799,0.09251613129598972
137.7989998700071,0.08332624633195512
134.20415306344023,0.09228174682339205
133.40859825824376,0.09387826926002106
135.4967199335203,0.09433318414598262
142.31647086539994,0.08489466828077227
142.38461824842315,0.0802742266838754
143.33390885331048,0.08237568229081299
143.72227510294292,0.07924704786496925
138.4974824664985,0.08514128107067709
137.58599391471304,0.08347389236949751
138.49387285761182,0.08377123418553876
139.69586455222728,0.08429269779367049
140.55989316680322,0.0881501663356738
142.36777821709236,0.08672603582404023
130.10514609936237,0.10068742658638583
139.39684890898292,0.08596424152844394
143.66536185436058,0.08656806512851045
134.27745053526635,0.09091911029160693
147.421275872516,0.0874956571136117
135.19549844444813,0.09099149916713045
136.5834734374199,0.08858699538121918
134.13840544160402,0.0875082786198438
140.28280907152578,0.08633097753870972
137.67451574735404,0.08360453612086859
140.41684282179338,0.08807459563291804
133.4041658830025,0.08667418775444365
136.56567412353743,0.0897812164872838
143.00173881097479,0.08667170261852616
133.42210443665826,0.09169950485492664
133.73554162356558,0.08739972969252514
141.88086343981894,0.09207951078264864
145.3959116378902,0.08337632127233692
140.26296910031547,0.08681127092323038
137.92752682955398,0.08504997948762945
145.39944516216136,0.07928718554131106
135.1745593856322,0.0926428187641922
136.29261914225685,0.09074269290295138
140.8798965787029,0.08676907650047276
142.54601062251132,0.08637841964979384
134.4762471488423,0.09223639500936577
138.54665528902004,0.09079523440721579
143.06321974488415,0.08875004352248356
137.34728038699396,0.09032794734211408
137.09170754585733,0.0891501450352074
140.01142272590195,0.08265200632498194
138.25455460425118,0.08254363142571328
138.93085682709292,0.08790291955431814
132.94297375817868,0.09603255513131019
133.51250866728955,0.09405205627093503
150.6481628771473,0.07781154880472105
147.12082991821634,0.0855625058747883
141.09745749155346,0.08947971707566878
128.21696874460454,0.10002372824178098
148.0034997359882,0.07846622062752273
143.49623862200497,0.07921955898481359
142.70280663351267,0.08111593971760103
151.21420509808462,0.07932370717063843
148.78480846716423,0.07354430276838667
134.37145263159854,0.07878953727413325
147.58634478347108,0.09399530308525036
146.11825734392298,0.09304146097827715
137.12277044783386,0.09002144405782607
134.73521211994444,0.09534828338417245
134.0344065061596,0.09612427457695231
142.49092759460788,0.08187086404278206
139.24873262304374,0.08181920599210811
138.73439698280106,0.08099068349366537
147.4282046198296,0.07543950961153416
146.95956825868527,0.07870666121029077
138.41437705652754,0.09045183209050994
135.84794599153568,0.0905933313258435
139.25780801527088,0.08250617042402979
134.53594610921903,0.09339379439530374
140.93543836270084,0.09013826428074206
135.8282631825347,0.08758543762426264
134.31742912078732,0.09081620277290545
137.38418925975284,0.08528146429384925
137.73942072110117,0.09249492285894625
130.6349510847102,0.0879445692421995
131.791046628145,0.0900662018706408
131.99799192379498,0.0932516382608634
135.47241238820706,0.08395308461481253
134.7885888563148,0.08324149861563743
136.60569539050252,0.0890829938573923
134.901875033838,0.09606797995864462
140.94632927049395,0.07977858296056627
139.1205010426384,0.08101616195219641
129.77015702787745,0.08994131628980237
131.80079373860852,0.09331167712990832
141.57173176490198,0.07839843295183904
137.59054274636085,0.09431659969131395
137.67638400434606,0.09738169248936777
142.0113136375475,0.08054138859772056
139.84846835096465,0.09034124057137258
135.15966864400056,0.09191262673169326
135.32977680426953,0.09456949857270693
141.2612410601295,0.09001807333944381
136.60846426850077,0.09321709404094683
145.22980478736687,0.07774749471601124
138.11874092864036,0.08473186665354115
137.97401576534605,0.09260168712577645
135.88559203654907,0.08620086628727995
137.8281528853953,0.08464330431326664
140.30128994284948,0.09045966781663023
134.3592670066428,0.09609288710327403
143.23562335956152,0.08710695167183669
144.5660054601209,0.07905551380485029
141.7025188633391,0.0771118949338789
138.46961130816263,0.07623796165203206
133.07284883515865,0.08504737972663855
128.84694787056497,0.09317487367003377
144.9730736505901,0.08772452967182216
131.6842636305574,0.08991647919602794
127.45219491209996,0.08992800227335382
131.08167727230884,0.09637575484605528
136.26331165248453,0.08110411451418603
145.30742325582153,0.07818903335983202
132.90437411339724,0.07769191802671288
134.14295075580847,0.07910700806995229
139.5359499219087,0.07802665197238398
135.0811049078101,0.08529704064972941
139.91658723201942,0.08541946955378214
143.10226933911784,0.08071265224041094
142.0543671315033,0.07709618427297749
124.6735621762117,0.10082396625023156
138.02253184308134,0.09396255806288902
142.58901189254954,0.09129377720906783
130.51173639527786,0.09327346136120579
135.6497667426592,0.09236046304703438
135.02652103037295,0.09339927169517195
146.86340469225172,0.0829964441108207
140.01146771755805,0.08769453625998735
148.8981821209728,0.09212050808246255
133.60560036267253,0.07963766628592853
134.15491843839675,0.0885461476543781
132.87464909535274,0.08792078705549802
141.79123273522785,0.08552627659207764
139.9797990457262,0.08327434826965074
131.8613191944607,0.07754706929634352
130.4434068735801,0.08701172479262337
130.6888037944699,0.08840068981056942
129.82865013515266,0.08632988167732766
147.07969819736215,0.083130254897222
150.52960522194354,0.08413713567230006
128.55501082285943,0.09276656482995402
136.82778182545263,0.09666042900066076
136.2106028388255,0.0993885648930216
133.87957879278883,0.098027405831964
132.4042867765809,0.09759618331167712
132.46008429239268,0.10125230249685063
135.42550761375105,0.10077664882451669
136.77615957891678,0.08161742111881468
132.0286907284755,0.08796010954455817
133.61465443496095,0.08724593767051161
134.16286265609227,0.08750521184048514
136.7211570012626,0.08885308382057026
139.29459708730892,0.08117133142386727
136.57135007234996,0.09640612131894584
133.68929493653138,0.09309647852426038
137.2521651036852,0.09207472643128672
146.2337024429138,0.07319354498265764
140.71806388944302,0.07957619330424308
140.59224978256083,0.08264368164273504
139.88127370669736,0.07730441914133515
142.68206493442997,0.07933492177510786
138.68826841256276,0.08540521026520166
131.19128662934224,0.0901084747094452
133.95436895246237,0.09192119200690645
147.53366133751842,0.07899506528636187
136.18881777029515,0.08729599416830917
132.87844337905568,0.08733385945958319
133.87697863249966,0.08835038130905552
138.13067988822363,0.08692163024761684
130.74401120048591,0.09141294471209743
127.02150520415648,0.09150488501624715
130.74996500015953,0.09173304044700975
136.52990598354296,0.08852752468542671
134.88649453741274,0.09291691198746692
133.33829871476084,0.09262191830940827
148.0799725448133,0.07765479368914605
139.1209531502434,0.085923017073668
139.64967264761754,0.08811921490353833
140.56949239391955,0.08320373148660687
136.60364290465816,0.08007183604341486
134.9058419307086,0.08997292570613191
139.98047939114372,0.08760630874297859
138.63962935370225,0.08658992673304536
135.5817773349587,0.08957625908149955
136.13734500003636,0.09132335574334215
134.61693985357994,0.09225918492406253
140.0543880076975,0.09186926194689649
139.59123847867713,0.09285341825601665
132.5982208275716,0.08587995923126811
136.05314086614644,0.08220989247940977
136.37265051826174,0.0839055652614881
140.43600645248387,0.09211612426058052
136.41786891824475,0.09417669614258413
134.38745055626245,0.09455842352811099
140.520742794719,0.09092611233861622
138.1260927821713,0.09274348607792987
136.19754278205602,0.08871924451380664
142.08757633245278,0.0852885226256029
135.3386270412523,0.09113813896215367
134.60153916902271,0.0898662494938952
139.73954468372006,0.09986372661218851
137.60545195989855,0.09846538372000757
130.3780939508507,0.09601774785470608
131.4712233890656,0.09535708238731534
133.641033591999,0.0912289807858104
127.63756103986829,0.09873402291261818
142.55957051903215,0.08747736429894168
135.76863934170788,0.10267038358250657
140.61437379480955,0.1030806306414535
135.32888426215993,0.09600088834677285
136.98178791981528,0.08740225798402883
132.7080206112111,0.09099610793765442
135.014835322215,0.08869067023406718
133.1108170481365,0.08927285168620178
134.7839624151508,0.08643311873925931
137.23975859373982,0.09030850643485622
132.62838334869883,0.09197706905474107
133.55381587752294,0.09752752313433519
142.76243586651108,0.0804496785480153
132.28420032843235,0.08154344027184678
133.539836789246,0.08103857722560265
141.44201642296736,0.075450069369456
138.8407258113859,0.09039117819922879
139.032717977463,0.08786548331604169
137.85785961906478,0.09909446178910518
140.04332650139915,0.10220418007678297
136.13755600439566,0.08397558840445385
138.56431854734583,0.08716791620975028
143.06552962110584,0.08614516047393737
143.23362436910335,0.08721145420340448
143.93920534197207,0.08065934617090666
133.80334951253306,0.09504560544638825
140.79715359878122,0.08887676955929469
141.90688193374746,0.09052148363313017
133.9846705463137,0.0890041645227067
135.19860164408402,0.0787342622915763
140.9711063243987,0.07007178458066493
136.4488540873064,0.07741855255808915
140.20705174888764,0.09954621053509215
132.40648108510644,0.09558954371159618
142.2165166883739,0.08745614983595999
133.62506136592532,0.09339905253818517
143.6453518220249,0.08913995810964462
136.60250039618248,0.08163704734270089
142.72913719187787,0.08737629871229742
129.24292843902455,0.09557982017190533
134.8434918028616,0.08817904301398921
138.1596266901029,0.08655030937673135
132.925144160784,0.08625029877244929
130.07173327877143,0.09302780937856267
137.11481117376755,0.08492281731470744
131.7036321291606,0.09520169803862129
137.91211322578053,0.07967635429041846
137.61935931130046,0.08049918694650036
136.45655408143094,0.0734867958211413
136.1414933269179,0.07102256846956896
136.6843056532857,0.07232470607412908
136.92918316914498,0.07990586889443231
134.5925166946688,0.08442020396119682
138.5398849422175,0.0889452890104649
143.00408393906685,0.08628550655449219
141.04349096679985,0.08493236253868874
139.60340211925424,0.08738933852998743
133.7546247982362,0.08594320466637129
131.86956508691569,0.08443794763575709
136.574928197384,0.07780612393187603
138.05255877888231,0.07998794090485806
138.78974323061308,0.08611773721373667
131.6061893780304,0.09349129502692276
132.1634644856854,0.09598197822021612
138.94061284315032,0.0919575034910133
139.3418297115296,0.09215301027247651
137.44449623295432,0.09126436503523211
131.72821270037426,0.08609767941883532
133.22639243948774,0.09005296356540543
146.67254109840377,0.06923644713930667
143.00288716125218,0.07192954003149221
143.59609862922397,0.07558271345938854
138.20801827640304,0.08849748844250135
138.5984785900797,0.08707298760101331
142.94883781660153,0.0707726075441239
136.64180613376544,0.10041630078809316
129.7950177684663,0.08622639304741656
129.34455272309444,0.084339147526937025
141.2985123142412,0.08438178964690632
142.1863232373971,0.08133634214038758
137.14485212954793,0.08847675118398808
137.353047860724,0.08763772290360985
129.35060270605217,0.09488154911228124
145.3359428555042,0.07239737884788712
138.17824833345242,0.09909954913181854
130.9973424002126,0.09982322943227474
136.749934791103,0.09187076707556809
137.88881547257492,0.09030697037236239
138.7756145805937,0.0893794199820913
138.638392859423,0.0843652140285362
136.88020567354488,0.0933543560584776
133.2814561963073,0.0864370896989278
132.56250721718217,0.08702529643243467
146.80581372168874,0.08197953350016
141.45219887834662,0.08130544901516887
125.56555541483777,0.08967886628586733
136.43474925449885,0.09062113151759577
134.2379089509098,0.08533640307747929
136.34707961794047,0.09422719406302375
136.11767589784034,0.08110976661909346
141.11538238187507,0.0924291096564356
136.79408923549354,0.0854493004951593
135.83698962128386,0.091382727813944
130.94187477822214,0.0865755445072008
127.81573754152714,0.09475244519229999
126.65716100797823,0.08752969629372631
125.1160956911544,0.09287306176569961
126.96404404078594,0.10043165051464743
128.63073178553535,0.09954380365915996
140.3203101474702,0.09398183251826564
138.19126322662382,0.09313001255049524
142.07401318439733,0.08482598826280068
142.69567538450448,0.08415502123685055
144.43185599722725,0.08567851212080843
134.35541350168262,0.09136990546864496
135.33012621541633,0.09255239620879986
149.68562937294263,0.08210709944562407
130.66858167923473,0.09484032066839182
135.8426014870306,0.09231111823432597
139.28531380709265,0.09440411339859558
127.20285646611471,0.09886025883111799
144.1956209652538,0.07792912269546647
136.4165686472548,0.09327999444602404
134.50680919825504,0.09803120811945391
130.32706529541645,0.09084444193329809
132.7588861532149,0.09304933590965975
136.69322105675332,0.0816959363982401
137.77885170828694,0.07952308458930797
134.610959921415,0.08789249730186689
137.05281344153352,0.08699657175571841
140.10183924871887,0.08409135351988287
144.2060023001678,0.08466477867949546
139.89210267121356,0.0832014015563391
136.65590191543416,0.09455202873136678
138.43593870667215,0.08774394552099635
140.0843704039901,0.09124425344209718
144.07044390555183,0.08833646463752533
127.06858391240178,0.09529278084644541
128.1116413519254,0.09102238887205256
142.19711013516613,0.08725708131909629
137.85457013170026,0.07768407239525875
129.5640778917624,0.09793599995810899
129.87322691940815,0.09694800118377284
133.90916299308233,0.0818888701079833
132.174814767187,0.07768513726502652
141.8640955725117,0.09554717046991759
128.6752223220839,0.09539717277996433
128.96110805826842,0.09503264844850205
135.68372488847086,0.09016174950939071
146.0730820944786,0.09132824806800104
143.99929439035364,0.09796780037025443
145.36718656365227,0.07963501399764807
136.12789160321086,0.09019485673184612
138.97634679727784,0.08511351303559868
139.92038364804046,0.08776047619246002
139.42298386340292,0.08509866054840033
140.97129647046603,0.08935770221780075
131.1475332663285,0.09877543165044804
133.4073764437326,0.10307856737061008
143.48718890667726,0.07662680191497374
142.99527000809292,0.08377179224439932
128.52419153318877,0.10193750437857929
137.78290896620598,0.10117409354434699
142.4363118865347,0.07527449944160287
146.6543791624937,0.07437379406434604
130.70542096724813,0.1020683406272994
130.05483063979005,0.09546532261566944
128.26866752739042,0.09396040421603612
132.79488453200486,0.09389090434264497
139.3263201021515,0.07673963481944458
136.41837520086824,0.08326071497174597
135.50493410879048,0.08533641483890014
136.88282423896044,0.0874678619031473
134.09111440928282,0.09508189533829885
130.51305487974122,0.08566032960792658
129.09567005048348,0.08544037834141582
134.09071783696362,0.08793640826658831
135.15812996198503,0.0872536690204625
135.77210257405113,0.08762542316585721
146.34760414277386,0.08697577078843675
145.12398893660605,0.08510797684230596
148.63970254250657,0.08713798803477305
141.5509442796763,0.08185498839211494
142.60839848163715,0.07982508642907588
144.224105028658,0.08200586265457935
133.2927509002573,0.09611532901464702
132.72673806688397,0.10039058220525388
134.64998108398308,0.08942516277992393
146.66168187169822,0.07819841826857651
140.62320988763264,0.07809062331973064
142.87530506312396,0.07894793340373261
138.10303685093024,0.08933520312236874
131.2481054528666,0.08759985178252461
133.31080043597728,0.08754114127332495
132.0939164476327,0.09232277330912009
133.60899887279015,0.09652727240154138
137.96979607080337,0.08769941170615349
140.3553093692457,0.08647072714963702
137.91349902357493,0.09035128458860255
138.59294132340148,0.09756944723361206
139.22859946226154,0.08207142200073345
144.48629471501874,0.0796568867685666
137.9462640862222,0.08487001575527278
127.24312049180668,0.08941643059944492
126.13234533656062,0.08693653153456872
129.743080901521,0.09361563019074287
142.15669815296428,0.08795933381388624
146.49540716030629,0.08927289161572717
143.52635894735363,0.08732038251637829
143.59786653571703,0.08967468295211319
140.9524400459495,0.09682069943302667
131.19080218019332,0.0846615991514104
138.34351656921004,0.07819829872126509
137.50452216894158,0.09532149425776239
146.4233579884525,0.08511421475383685
144.18357242928678,0.07913636376608177
139.0175523918396,0.09139631732920103
137.0289713681438,0.08729839875592545
136.36919852497232,0.08775281438169003
136.59982083313594,0.08994956355626074
136.92975306453997,0.09147039425441965
135.19860001860488,0.08454437213195588
134.3391066203849,0.0834455764118491
142.6032939853342,0.08968915382343665
133.4325568147737,0.08884475932036692
135.48552091388044,0.09083729988862801
135.34158746487458,0.09449680545615355
133.689076788,0.09272590552836577
132.91183454408107,0.08314632204403254
140.176565325571,0.09559383678712736
133.5757272174747,0.08397057618047779
142.60157430001112,0.08930939369860359
138.04608984093898,0.09074256089789613
146.18377266210294,0.08262570191226773
138.60218901703138,0.08979063016385712
142.74810941428277,0.08564296447475947
138.95684506751024,0.10151933064090175
143.09114722528057,0.08151018465692729
130.48636994095995,0.09448519480992508
132.94408404094065,0.0928766123500711
135.4647657765105,0.09281698341396612
131.46031527672903,0.08935086080819553
147.1610413297908,0.08929338824137177
138.70510732738109,0.09067069296637757
144.5316756524653,0.0858585610410949
133.77223344212965,0.08965858657675227
139.51619627030172,0.08781756995242915
139.33387894021487,0.08815428569153652
137.26291147760193,0.08857891474059079
133.9568255504834,0.0901249350375355
130.15807699300154,0.08690163923222155
136.88523450424293,0.09951993222736528
130.69827555971784,0.09819102360367223
138.10356367393695,0.09828309875679805
138.02242543303316,0.09248399172294458
137.5748440940567,0.0871700793834086
136.01886231118797,0.09108256454135309
138.77197380409874,0.07661797278651448
137.90364050996078,0.0773146143833818
139.18739327075932,0.09932366280543527
135.57439257957517,0.08169705001197497
142.97389539244142,0.08289043478941746
145.76860619720296,0.08684171991264442
145.32218072007424,0.0862874787017004
134.30364933656057,0.08210765373738377
134.15349042447934,0.08393521884746205
132.50048714917423,0.09004204052173927
126.12536296841807,0.09526748765413579
136.5132260228521,0.07821510754625463
134.76918695399908,0.0803282492291718
128.80560011193302,0.1056386970136404
129.88384379978092,0.10320509181877323
143.56063051985873,0.07985031918753731
149.69042494285745,0.07919553197851548
136.06107406861304,0.0888361980036544
141.73404869781285,0.07580808727129587
140.24079749142837,0.08480116468574848
140.88587786444555,0.08387480400851884
142.94131036558707,0.09049388809271773
133.4168862850226,0.08577621451372289
139.11409101520084,0.08635452126134761
136.83477608280336,0.09138097923773307
138.71664734758102,0.08625971100825458
141.09977776507102,0.08728385350566717
140.21968310478343,0.08755155916123658
139.9993831224901,0.08623113482229794
144.24982968602825,0.08118131714718092
142.22426101742516,0.08801261041696404
145.61690306052267,0.08603778981426863
137.38845933588328,0.08443663068556778
138.10806077100256,0.08432493628366365
138.2641734722441,0.08991315548433887
139.30484277598376,0.0920736010231943
145.25704014797847,0.0767578723124623
139.7385050940668,0.08341277227795053
139.80146738325936,0.08915162791402712
143.16976493025442,0.09033386789452884
140.333219335594,0.08369116614526982
135.0276307934964,0.09300564170167486
127.77899797484022,0.08784458339288131
129.53584277460882,0.08648398580245283
134.30193693605628,0.08429317349955973
141.43208648147902,0.07831141026699937
138.9960076521485,0.07973335875990485
136.00616685811772,0.08830285731909535
136.06913598351332,0.08797728530015753
137.29541033144582,0.09017202919943791
135.9240857280199,0.09937516433670178
137.15839048180214,0.08336606610060297
135.51776247478594,0.08470110257245936
138.8940777668396,0.08656132005480051
145.4178371417999,0.08130075089188393
140.02098437066746,0.08214881459918644
139.08750355236177,0.08210053324650844
138.27533434827302,0.08021791122569795
133.5038240524943,0.08173242267065502
127.23073870927179,0.09484120974333139
136.63148316423522,0.09216077628750424
138.62310034322357,0.08516988101920017
133.98613530268682,0.09053807435865967
143.71671157401747,0.09056609181546703
135.75660956603178,0.09358961747130923
136.92838303329503,0.08775791174416862
137.1006102063821,0.08982284923210483
141.1386750135108,0.08423502686306567
136.11040032693197,0.08964179556952956
137.91388301392178,0.09311358900153972
136.05329848584108,0.08979260658186396
140.49291197397943,0.0894433754910557
138.87225904785183,0.08343095225418497
140.92122750321664,0.08874939155811494
139.12690386705128,0.08377605551043278
134.14221661331916,0.0971025675650531
140.15358135166127,0.08024679860609561
134.4830212227489,0.08828206285258552
136.96488750326057,0.09313501015681527
133.4741753230716,0.08708674299165177
128.7767543190045,0.08724899555613011
143.9222532156398,0.08860942706885339
134.1784714969618,0.08741470755990394
143.71878330896877,0.07729343006917917
127.60052380688573,0.10393452115759844
126.87567223357662,0.10443342173586331
149.53273927239698,0.08350609701688409
130.5775372906849,0.08793285815961399
142.4476388760091,0.07984894099966157
138.08728650478344,0.08373057029532158
137.91053387422812,0.08353958538687341
146.72744845723736,0.0777849670964468
144.13970298272568,0.07621948534849102
137.8188008635974,0.07748248335597872
134.95658059223828,0.0890488158161447
138.85613025887463,0.07978667154384565
145.27830304048692,0.07471961322688765
145.77801314778807,0.07459259057164679
156.38354236012023,0.07698441706061332
154.69157067796198,0.07661122533841962
153.15418231659885,0.07321723537197382
155.60238820840365,0.07916105954697568
137.6000958414222,0.0846612556513828
142.64621348384333,0.08377579691533857
143.54661548879,0.09202400339396954
142.74067811801493,0.09162471316090766
135.25591652492494,0.08107345375196856
139.52348665562357,0.0875931772694277
142.49687913132757,0.07958377158743428
141.7083216798317,0.08387798215357924
133.02450989935394,0.08647727244249345
135.6244328507442,0.08242370747571484
139.08629715333726,0.09549660620858019
138.07812401040118,0.0919985149500974
136.8550668276707,0.09378975286643286
136.41793781856103,0.09193344449654246
132.16334524922283,0.08501037224022248
130.80659719462278,0.09148827835829994
140.03109803966723,0.07670891569435531
136.22882346870665,0.0964075213919522
143.80348983995867,0.07885209703204965
132.91917715890452,0.09363642180584991
136.39086570436004,0.08574891207915027
140.97142315964336,0.08530006728434801
140.90116693426444,0.0849332498153346
142.02354174969608,0.08710429495176895
133.46428805971362,0.09125035548706331
134.85859717426652,0.09297614910838212
132.3299390404193,0.09011686084072659
130.16190922848787,0.08887616108202892
131.54129501112044,0.08555306138267249
131.4881445633161,0.0924626260036854
136.91557120871,0.08877468409095034
132.0377974073415,0.093993616221615
139.29285765515246,0.0950467186089639
138.45455627468257,0.08663719930481739
132.5363081109154,0.0909718693065454
134.14852442782248,0.09257069628137345
134.92950876300276,0.09262593963073099
135.22996333250308,0.0931134864976529
133.62357869729888,0.09602639610664772
131.77924871931958,0.09523797289941324
140.69524525259914,0.08972337319061277
135.83548258115627,0.0868078265406444
150.167463666192,0.07662805238425813
138.68666020558604,0.08185376776021282
144.65635002290998,0.08337065074319328
140.35131220916853,0.09298339811136046
139.730504578154,0.09757258136515166
137.61096988199918,0.08002519201560428
138.91540873657135,0.07743938958883345
150.83176460851655,0.08693669948413364
153.5869129231278,0.08422854350152331
141.2574089278644,0.08922760225940035
143.58192199318464,0.08996614392829871
129.45794096437646,0.08750007750412347
140.1140509524246,0.09297608078689544
138.13829376649895,0.09462257241657722
134.17788110293554,0.08856707432373963
127.96344213135585,0.09653820300304272
132.5213603817711,0.08818943256128434
137.91420441400268,0.08464541430147454
147.78487009942037,0.08303619132636135
136.00735093023593,0.08502822356280709
140.26725442256242,0.08260375037107395
136.49160327479424,0.09639113374478259
132.03225435521296,0.08889758975506123
127.86759827971595,0.08276254429253399
136.90054190395966,0.0917455287587291
132.5116179539005,0.09337306207130158
138.36796204845945,0.08715102324465708
146.12639819291476,0.09009283024047197
138.91048389195217,0.07702507382932071
137.5907899962915,0.08428462740484657
146.92558537801585,0.08192266588296859
144.36926777716494,0.08249687428660844
134.61148814661524,0.0846441280712155
141.73500627569985,0.09513543651329777
145.7293948899777,0.08466453584222403
134.1508637017613,0.08585782632231866
134.79540130609544,0.0871977477167593
143.73548841996987,0.08702240778585205
133.75709899910132,0.09069477139002362
139.47731153931323,0.08334863673967616
131.08759576396528,0.10352102279704613
134.54825269406732,0.09660434770810204
134.33241466194863,0.08447955818789263
126.34649599247948,0.09069455544719301
149.29241335830076,0.0792912412139441
145.88490907155978,0.08050477963090115
131.05213715881095,0.09473327441041356
146.50983397906546,0.09131678396298981
130.781452533049,0.0856155666934707
138.481033436785,0.0966148259789365
140.42580350012148,0.09214943321851728
142.83346123339493,0.0875654518059648
137.1238928104133,0.09186131011691887
133.30176890940973,0.09118562508928962
141.00088474734397,0.09606537221394239
140.11312664951427,0.08867608950199773
133.38471051879495,0.08970774639815488
138.49748430459226,0.08529646801638589
139.65124025500873,0.09228371605383236
139.47934536553217,0.09851400452934013
141.11512923470303,0.08733938324639547
141.10691503671694,0.08542557164142138
142.697710342222,0.08696672934883175
141.1521934645352,0.0817683166899198
129.27885965621684,0.09222851043233878
130.87507290765186,0.0839027229553353
132.84314739344256,0.08326348572888542
134.7706102514233,0.08083276915096198
135.55840258104885,0.078056971584633
137.14037268652785,0.07834881737959919
135.02164780462888,0.07843872288266454
141.55069313929755,0.0759548670468438
142.85845444009274,0.07679198389550175
142.10292965287758,0.08822503225454811
143.4919700473523,0.08993729111489061
135.1699855303273,0.08988908905450775
131.08125736265663,0.09322940523101164
145.16265571090148,0.07585121392781764
138.85927332613522,0.08634998618514717
130.5534042126238,0.08759113686918708
131.22889206943535,0.08897070006571564
144.30053331756602,0.08939252531250476
136.9325551896653,0.09430211090336423
132.56468860235805,0.08416743961391798
138.70651733317888,0.08194422650977479
135.42889184084342,0.0797896723557118
137.94312428134393,0.09658851877924095
138.07269117645887,0.08862419050638458
137.56333538292526,0.0947412285410303
132.72240121896635,0.10096732946461387
131.0677717575758,0.08553708573567106
142.03549098809566,0.0772126694277499
139.10254902591498,0.07968880228982739
144.14608835537564,0.08764537892090053
132.631539716885,0.09124467103578256
144.91374314857663,0.08057168567716967
153.1529434210816,0.07662267354894503
127.5031210097065,0.10124150492735036
130.21820491044065,0.09779646918660015
128.3748809273656,0.09348177411840808
127.59790766640019,0.09778195938150061
143.45597095194302,0.08971787712968964
146.96684101809572,0.08613424345887234
147.60896205625724,0.08561488798710636
130.2749781155319,0.09716695905229693
139.30961337628392,0.08468270926893501
139.99305102488677,0.09066692165192715
134.95612156399312,0.08752387465938144
136.04455937566752,0.08957641238235937
141.98056437560498,0.08705498360108321
133.48852924467292,0.09056857436954532
133.00216987761578,0.09158796315016139
140.77017459952964,0.09153167211337788
133.33174598146113,0.08961859580371435
129.34373983113636,0.09112549973148715
140.61118898033186,0.09381950989620408
140.60283901716286,0.09490265603066479
135.15060871119056,0.09540573078357888
142.47138432803237,0.08253436112747084
142.56904488499436,0.09199126240081652
125.39252718045766,0.09336739911372594
131.57242396756376,0.09005397092336825
134.82846031094363,0.08773215825675991
145.58295829632104,0.09096154257591764
137.84966871224367,0.08671271220301519
137.85088273375797,0.08728245353337041
136.87478487349773,0.08545474537897117
133.10569940784944,0.08653995377068348
143.4723439127597,0.08359258979496344
143.24451255173088,0.08447753354729126
134.15890245975118,0.0974850672326182
130.0011249911448,0.10314660552446131
140.31904016098707,0.08610858409442346
137.3132592321579,0.08346637676371033
151.20608629056335,0.07110882838251488
154.24672454756305,0.07369332693366616
150.1647939640878,0.07780320358945862
149.4451952259147,0.0758240896428014
128.8780432383148,0.09921801852963137
130.22867137502755,0.09194862329496743
139.6328959284935,0.09371715384135075
137.9709900340684,0.08572377240298515
146.75052003254862,0.08686125113119636
127.52327562651907,0.09330093693151277
126.38645043345096,0.0969919234151227
146.13775471132013,0.08965680123609553
139.04334824317823,0.08483665123869749
144.07735653406232,0.07643534769825688
143.28921565193974,0.09032400595608919
153.6492703100205,0.08122046372543347
156.2303419098406,0.08159540954454274
154.76971056969435,0.08206828546229572
140.24368566386897,0.07558565742537733
140.5375408542496,0.07404272005958622
142.61975112585728,0.09742100400999214
142.3180081455035,0.0997489713140105
136.331178037687,0.09109915514981112
132.04536482468671,0.08932324782919414
143.74865601889346,0.08635206241341954
133.1259584499395,0.09625362168335734
139.83827433146874,0.09536046190801659
146.40306677768498,0.09473585057308627
144.4533781603989,0.08126445720194707
132.45025194887523,0.08943016049681968
133.59533876319682,0.09063427034664119
132.90280074877163,0.0913173659794723
138.8992967218022,0.09563857356061974
137.83646165755079,0.09563148867747334
139.98489159796702,0.08922606027070544
143.70503717530585,0.08288862246771513
137.42020483157958,0.08043550132740822
146.59833557389484,0.083327792876635845
138.27223886038456,0.08702250598403093
137.06965994228418,0.09763617864102965
143.9302394169357,0.08942272508593378
145.11046165437168,0.07621893289277556
140.85680008419325,0.09520964793558323
138.43635466091342,0.08617998442984315
142.66248697017622,0.07709660761222473
141.12614006234077,0.08272787834212426
130.1107433433776,0.09717930687249825
125.77032447490441,0.09112445504325109
133.73191622038834,0.09119700517593655
135.10501720699693,0.09285514026050312
135.39625401019936,0.09236475753045863
142.41528017869928,0.08431752813118033
143.63513738041533,0.08592091861066264
135.4919919199067,0.09248942342349868
138.82568901062461,0.09608721975784215
139.55427702120465,0.08642674512732351
138.8468467361008,0.08349734658693232
136.0573006589849,0.08922694798912156
133.80097307124814,0.09660363068999973
138.56174865576259,0.08792502581274145
138.80151732344743,0.08476148509108884
135.44476867269734,0.08331600169209938
137.67015395908655,0.08558267793943233
142.27495771681714,0.08879072915313234
137.16753990709194,0.09084808213139606
137.71191065076627,0.08064291073840149
137.2264505303965,0.09766220135962686
127.84707379209857,0.08685722496775679
127.10353601522732,0.10113410536720173
149.82835973516327,0.07874918881995797
137.18518687970118,0.09085242591727558
133.07628618580915,0.09118485545152658
132.3263612428923,0.09386334636289323
136.58194835599943,0.09286572606067028
137.23411148366185,0.09405588011503886
131.44779152481044,0.094795645509956
129.15539835780754,0.09548277014185154
128.05887160509994,0.08627981880761314
128.33845468187585,0.08672166170877224
138.78226458614546,0.0843484176673105
133.1110536508011,0.08897543144476328
145.24130883668343,0.08303082954942266
136.2656343991415,0.08758684798350283
135.39667401182746,0.0872507495848669
143.07598091467065,0.08399077711778634
145.06667228798426,0.07632077500019221
134.87196579546594,0.09577271262168062
138.821548514956,0.0968132815553917
134.09381430677433,0.08385261669171465
133.75818189124666,0.08660997075970776
135.41600032080515,0.09426028125660066
131.3787373456229,0.0899946303519952
142.4608541705446,0.08573204004767473
130.75535959539147,0.09405397824923326
139.80780802816815,0.08736519225199695
140.57043885214011,0.08831529341271258
136.22250380754784,0.08565550871816001
142.55461112826532,0.08867763995643958
132.3449444317246,0.09177197678300561
146.5051011076042,0.08238024814383593
146.2899037000046,0.0766137363956012
144.9212018496424,0.08382759023957582
143.79902573645504,0.07242751430779534
136.63547298391865,0.08581733137918365
137.59715251550102,0.09054200979363815
142.97460887096813,0.09065105589700846
137.5763042504088,0.08010794723682098
132.76997297485744,0.08208468198580404
137.05993990172377,0.08734130899858043
137.0544660275395,0.09178395753610515
142.4333137996882,0.09522329016029545
133.1175494882533,0.08608351640439453
135.24190169345178,0.09167772878105795
129.35181051795158,0.08660873960590904
137.70671394809116,0.09267294777905186
138.1413279147055,0.08887382532569277
130.89339375778206,0.09104607982534481
136.84144436311013,0.08534357923901038
138.6916884483523,0.08567487129444733
141.93426930262703,0.08193802360488271
141.61218183578774,0.08131013884432782
140.46331552006376,0.08303780128502937
139.3840676594588,0.0837088883212692
146.61617828645143,0.08600173496817197
140.53969834553106,0.09226624968686456
146.38425586685148,0.08866441410223219
147.1576365658462,0.08984848525663774
145.3943793457468,0.08737072474739245
139.86140443025144,0.08801098648683241
139.37319557212388,0.08528305800405106
138.46097326919775,0.08170331428322349
138.70672015465587,0.0826214324323413
134.99080966093084,0.09510041135920355
134.66139932997515,0.0940054437040798
141.64655317644528,0.08275469698466226
144.4975348775888,0.08758918941002687
136.30531102914387,0.08630412973127198
131.57575607338686,0.09226846518296679
137.13014134227504,0.0872469635836068
139.7702727861217,0.08940893773616107
143.18060940294018,0.08842453928704638
140.0311648397834,0.08888519859170324
135.3055271148617,0.0918737334571656
140.27318399873613,0.08495436372389706
131.5379224483013,0.08967008632443249
132.57790988931905,0.09486252770873509
132.43967713987615,0.09452730892601531
141.9969916144137,0.08449313662854904
135.13629893286208,0.09055382591295588
149.16334899014745,0.08383556021804948
145.8116821202502,0.0889126737904479
144.00626096401706,0.08844231972558343
147.63218949101648,0.07744642893738445
135.42241030552742,0.0866857359725768
133.90047976899706,0.09764854117915173
143.24492397967066,0.08405590209523323
139.3070674599009,0.0864038325342779
134.0849344269106,0.09012486697439376
136.74694331301365,0.09186848766305167
140.4715037673996,0.0866043353945582
138.7679052132842,0.08165013586848739
137.6424943147023,0.08101784230194299
135.53189436288974,0.0950518422886547
136.44720193919656,0.0888587354646253
144.35860489383958,0.07960081134543714
137.15285225329865,0.0880966165719873
144.47754062432315,0.08285453847602488
142.74384800218766,0.09641500933617364
141.70560847656995,0.09503688477222308
129.52181278178566,0.09804054190970597
130.66574931807264,0.09419969720504429
131.78467635284426,0.09776976610027187
137.39722313766055,0.09495063445544066
137.7692639385821,0.09463430497291639
128.46500391286986,0.09841204908100318
127.7925723171561,0.10039184317501218
129.19972455489003,0.09230543561055556
143.20612964167304,0.08350899304660944
140.23118403761566,0.09231410786704397
137.65972560130479,0.09220860497550379
138.52025106294158,0.09249636692788572
137.4235757116728,0.0930051026276027
133.19949543105184,0.0897701708794484
135.03936341498294,0.08750954797582153
134.7745400124068,0.08747778937600385
135.6351579486256,0.08768128870187082
129.5787871652141,0.09156603683888062
127.53208316316963,0.09228709421298233
138.26194924352723,0.08390601349696208
141.5236164733059,0.08855227264778603
131.99881621976274,0.09226996507277216
140.15319502418066,0.0881079317839272
139.6965450477732,0.08652395885856963
135.0489444353917,0.09018210223491276
134.92867446186798,0.08988470770855582
135.33725005175828,0.08862922902257052
134.8005877535116,0.0915043131973568
135.9841000736223,0.07881544849692108
146.29137614560753,0.08566510689020507
145.38500977298443,0.08309223184806838
136.9342312212105,0.08326917794498542
137.30043123145217,0.08919566153149144
132.35472115447368,0.08247078986842415
138.98690094630845,0.07955899896250739
133.80784886994442,0.09695282242756778
132.6354867705644,0.0956791694807231
141.17635807078827,0.08715610624364702
141.3078146884753,0.08733004033537412
136.09051766056567,0.08678612157678738
138.233106559941,0.08674928848790377
135.5207199051087,0.08899835358120871
143.6900603456739,0.09345526216727996
130.3856971389063,0.09036302507776635
132.8562507867178,0.0882546157761005
141.2363947208923,0.08772844611935066
137.92980895237537,0.08378636627150667
139.5464819443354,0.08882844052479788
140.1527333324281,0.09529755601810574
141.037968622258,0.0815364332456937
138.92830530036292,0.08793006257349899
139.17214112078616,0.09755658101729961
131.8804753415528,0.0951795353718311
144.4889689050876,0.08128709309904102
136.71438333894267,0.08627107872386487
138.64356224718802,0.09299133151268721
130.57094498492822,0.09149944246449161
128.64136393144895,0.09135073829771388
133.96216361915003,0.09831038224587263
131.3560428659201,0.07958611235222555
135.2754307357273,0.07844401689026531
137.28806768996247,0.09459319219209705
138.34155524810708,0.09529531283412102
135.2133314737564,0.0961428826825869
147.93301231184014,0.07921759327909346
148.25421692633674,0.08100767487752256
144.93373246925137,0.08283042020095437
146.2199551352626,0.08264279348794065
150.5599108373641,0.07828742250917785
125.77442450651351,0.10005527890001352
127.88152590544112,0.09996214529316487
144.43791742269647,0.07772258293614326
140.0443811507451,0.08424730584424432
142.24266995001582,0.08528132714133606
137.67882037758292,0.09054538257703194
153.03744565831968,0.08386535403288077
151.95868561851012,0.08284828677170195
147.959883595202,0.08574405702687395
127.71263945256888,0.095586461053718
131.73179490951273,0.08350984413042895
140.28619705317806,0.08418852529659547
127.26543695485579,0.09445914643411708
145.93992357377394,0.09533987212945301
141.25006089213807,0.07843058719167743
144.95624342142855,0.0828037085955756
140.82362620078217,0.09399426445470067
136.38770111631788,0.09298010306594767
137.69044947131104,0.08690802400694354
142.19244807190037,0.08386305447334301
145.46968460513935,0.0837139018593288
143.3596993474769,0.08251069879469064
139.53157399352463,0.09504822899126003
129.57178144804212,0.08447284498333725
134.6288749261047,0.08508570817781971
136.8763826185801,0.09172915674932863
134.27642158040888,0.08702732241778835
145.82819303719728,0.08325476571950961
139.60305404860586,0.08996257337663188
134.20141054683327,0.08567718510032146
127.05440171627924,0.08714819242744419
142.7195371254416,0.09035157207095076
138.9705893729041,0.09349074895426246
140.3290330481566,0.0875898655817301
136.3940748367819,0.08364868479223574
137.09087539563922,0.08447051950678684
138.77119275100895,0.08042605560494952
144.23645444011007,0.09393939461225856
144.19017953847822,0.08484532377046469
129.17068268936663,0.09667488582819042
144.90697551640977,0.08973687209060181
144.98636702292296,0.08309943493997042
146.5558991904936,0.08352241932528683
134.3531126002229,0.1056206347196593
134.51194491071257,0.10151726497820297
136.18869604414553,0.100488413936503
141.06377698736546,0.08838644448592284
131.08316084471954,0.08557834837437589
134.24562669674566,0.07709506466612889
147.43642183889185,0.08922678528820116
146.963970141653,0.08785870979793586
143.624445070909,0.09351333075413089
140.30956991693967,0.0816521596623278
141.24012418078678,0.08044905853233385
140.44692198495997,0.07959965226712006
141.5694569959264,0.085719431869912
132.98706384133638,0.08491414557726752
144.64790420759957,0.09051647224071604
131.47953166567984,0.08850157586789408
141.69923405199634,0.08341382308924843
141.6447333904877,0.08210636487639279
141.36144087920457,0.08740994370853458
142.38377581076713,0.08284060319969268
141.9468612189597,0.08129724496685017
136.56229186785595,0.0874813328441005
136.7443315683426,0.08984571742605055
133.34192628913144,0.08728681678236357
143.70619966984222,0.08920720460294566
144.76399128330928,0.08921434340338592
144.7406525880797,0.08910229064662087
128.7059867441752,0.09734493773781046
132.83216018397147,0.09172553600703451
135.97381525321924,0.08994058495687722
135.97381525321924,0.08994058495687722
137.81504723742248,0.08450843323358978
149.75979390940958,0.07945234191277317
128.6235460171037,0.09219624454193792
138.66772664505524,0.08964454114095038
137.40603092435788,0.08813839229113898
137.76633780390978,0.08920743947391398
141.72889750118165,0.08483597451956051
144.22450919085497,0.0765868388545253
139.16491407650182,0.10161725070954572
135.20204528384167,0.08463220245152714
129.7343757280081,0.08707314047760915
133.58264712890514,0.08936279997446096
140.78382252941216,0.09101088891985028
142.32339655685777,0.08914658709606087
143.39362241366135,0.07875635625901381
144.04489202006457,0.07744537922722584
139.74397918546828,0.08324563900461587
139.30243675154372,0.08254985474739278
130.99480239726157,0.08489909564533964
133.88849040743025,0.09674941161375741
149.7562164162149,0.07374310394454493
138.78916202949293,0.09109239619851052
137.15921290010186,0.09535736767761295
147.16119392743857,0.07779120223071452
137.3011745047561,0.09561075647464987
142.50017567636888,0.07760873503752652
148.5463684678635,0.07626992005610123
138.20721540866106,0.08925555272144572
137.92125034108392,0.08746078523683345
140.8791661934978,0.0894356407517032
134.355758581353,0.0895915919248565
133.36524132248044,0.09284061630580723
139.39604669511684,0.09072468200406407
137.7235167352654,0.08933467053851349
132.8768133001573,0.08714210154497658
138.62724563767568,0.09176286720450444
139.6733036311358,0.08407072887187485
134.8714914182856,0.08505192392333956
134.8714914182856,0.08505192392333956
144.15445456749606,0.08099605493706873
125.0399811866575,0.08837348733371726
130.38434093039632,0.0842977594116392
132.87078933339973,0.08466603667777452
134.2607926357413,0.0855341459350789
145.5787138102059,0.0785729384179047
139.68495017362096,0.08211489759174659
140.06761221645814,0.08599879457385531
133.82883157541568,0.09826186481045535
147.0923998636873,0.08037101377477457
129.09605777832212,0.09621919308351713
142.50113400687846,0.08965446538739301
128.16731896057348,0.09464429185062713
142.57006256711048,0.08783658910753903
136.665326078273,0.08206734300899853
135.52371119790456,0.09543359542559857
138.42288246942707,0.09589383304793031
138.13453871806476,0.09518808328396915
137.7943686636572,0.09793077726700519
136.92917071956566,0.09533680003974301
145.01457736948015,0.07686130686221924
146.15200328539407,0.07475389531589961
137.71824118697376,0.07911971343724883
138.91604419458565,0.0882555535033142
138.78555831194427,0.08914482899132611
137.5462623919689,0.0904945897253403
137.58184750017202,0.08686957088849764
139.60111525120584,0.09593320588021238
134.3498116867088,0.08244752102079289
136.46669674562466,0.08817941407551128
137.9612641977089,0.08811755067131222
136.1014359195237,0.08750594144342728
140.81046671311356,0.08527189589958181
138.6200005430746,0.0847376964679024
137.03356646088815,0.08620466834791939
140.64506744314852,0.08703797147346509
143.82140848419542,0.08541519883369098
134.04955149624433,0.09373048284868746
133.4511970914153,0.0998518059647564
137.56987487546417,0.08000390504797512
137.12387003854047,0.08601737996664192
141.93154379677395,0.0861426513537045
138.28421508386734,0.08849011581472387
138.44644006258176,0.09302101737811509
133.24666434329913,0.0897030684829414
138.65443047275238,0.08354213951853219
140.53760761911798,0.08268409343907134
135.12735769652633,0.08769492595557654
139.020241806372,0.0895789765221101
137.4481553978156,0.0856826137138102
134.15031913350072,0.08955279229526228
139.4966067653674,0.08885824144063025
136.68684653306235,0.08779799030804905
135.0686099620435,0.09028763756543713
133.75653313936033,0.08753235457466942
137.00685134682772,0.08736261041798526
137.00685134682772,0.08736261041798526
141.31720575244293,0.08835831606177502
132.37855620275855,0.0939300790733709
148.23927743199351,0.08648370809582992
132.952980655418,0.09465224592527442
128.8354883193492,0.09653358807319606
142.64042683109,0.07976545013026617
137.755861765921,0.09035979632878446
139.31298953454467,0.08810370452898375
139.45961705977186,0.09027307755924206
135.5034410085092,0.07954953194399238
133.19451745594802,0.09456588301159886
135.52718236392556,0.09190402592445016
141.2703286383638,0.08894173124239096
135.57314565708373,0.0834705836704934
137.96589957110908,0.08426070287285983
140.09533287674057,0.07976076312387906
141.32752949021665,0.08863454781045542
142.13683883100188,0.08108594152384209
139.4590045821024,0.0865450950017806
139.65298335244816,0.08348493079298544
129.99873103597147,0.0895172405305606
133.3253843934317,0.10265185067477577
137.3615828034237,0.09306750272017976
138.09924983261584,0.09063455200567194
140.67274258725652,0.08900608913112212
139.77364527771644,0.08638773892508726
140.87479294799633,0.08760994722954223
138.5280200714518,0.08005925636461253
143.2576001659828,0.09584166768383667
141.82270578086417,0.09626132403040477
140.63018474083293,0.09359587938850092
138.98073695360932,0.09620434715476611
136.056843502556,0.07977847516677038
136.1635780664028,0.0801510040480491
142.01114303880783,0.08806490499098195
133.90097994018222,0.09791990041281605
132.50322952533688,0.09511322631896821
141.87912723614116,0.08826408667855602
141.23374513176879,0.08615458771580055
139.29835725457642,0.08526232699655471
128.37999278008715,0.09822068497437786
133.0658210930484,0.0937892684520039
133.92519039752156,0.09333022298656092
142.2699189319538,0.08879108142768234
142.1297255205904,0.0865430823125356
138.03009979054792,0.08955470807052884
154.42018718521555,0.08287193957632093
149.6320828645932,0.08529435036416218
141.25659116856926,0.09567440429861608
141.8914664801637,0.10124998015349829
134.20293966870344,0.09547920148461558
135.0214409452386,0.09182279323446636
138.37364583992684,0.09094514854727921
133.52725581216512,0.08805125278798673
133.73067224335853,0.08793469173752305
135.4356641102233,0.09045134710694128
135.70055849465174,0.0939092794105958
137.12337312821003,0.09744291735454567
137.34321797318998,0.0951785372344265
130.54804535516342,0.09871374366104745
136.6350234770941,0.08830692737763769
137.30304409990507,0.08775905780976337
138.93552702399393,0.08848253696838525
146.34355773557988,0.08155829587403093
146.12080264713973,0.0814499777729243
144.388772378843,0.08334264421886509
142.74425095536625,0.08336376981630383
139.98708741997987,0.08161565125049013
141.9439490862539,0.0825176166982054
142.94505187796884,0.08570465823080016
142.01094831156973,0.08995566935108064
136.81843789594237,0.09547287238422705
133.28469609007794,0.0872734564590892
137.80643785583396,0.09726216757180836
130.28592362639708,0.09239676428355113
147.2551150801079,0.07825797084429494
128.52394777088622,0.0992542050220565
127.32530024913248,0.09802762908948005
127.82089456819786,0.09721657422707805
137.14322617976396,0.08200824310889138
130.90039790493034,0.08463449951337693
136.13889319069244,0.08627055510122013
134.32908312548332,0.08866018784775158
139.87242940457682,0.08538318308410019
142.88739581948334,0.09056016365249145
133.18691297584616,0.09155715067974105
140.12731624381095,0.08551362148195116
139.4231706354838,0.08508461274760498
135.5234728126488,0.09553837971114826
136.0721319359997,0.09747904000221323
134.64447933147883,0.09370159173029474
137.8116886479782,0.09152407319259324
133.81820257983446,0.09208458170272285
132.15987214101852,0.0948042082258104
141.6276178119203,0.08352693592534356
136.10093371703104,0.08184181469340654
136.86891505442176,0.0856656967694209
137.84805182737827,0.09000308021138986
137.90318237894652,0.08300431067988721
134.4926328639775,0.09630428677872406
131.00043885080356,0.09537371871457034
130.894007882279,0.09773610490886017
141.2471186694991,0.0840972751286243
135.40977248865266,0.08959031319054195
142.4121706686672,0.08972085061813141
134.812381948199,0.09417517601331991
132.90762716354996,0.09572836906634567
133.17890133570918,0.09561251206228279
139.08347004137207,0.08436041706998323
128.6950963024646,0.0897623512261055
135.56646651728076,0.09163344000884208
135.52601674468914,0.09431582996253998
137.60482443528494,0.0908227010562587
138.3734788285377,0.09076656820014083
145.24074093788116,0.08273912803780825
148.2205229941109,0.07713993082626161
130.58181176712787,0.09499647407803476
142.81685257402665,0.08906515422063828
135.54193588704115,0.09324792368289966
139.84956979387616,0.09054799843642673
140.21715925727105,0.08244904775408712
132.3963536123319,0.09955553121548205
141.7520604183755,0.08568216485008544
140.15586045737652,0.08596138566731108
141.00363440962084,0.09062229125291875
138.30482996243794,0.0859966621027794
139.17775011640717,0.08531950911668902
135.84553217835452,0.0938965852243072
131.75230474562795,0.09629038600632789
143.59461813330498,0.07772485718594635
150.48750310466536,0.08293306045029082
149.6209732969449,0.08236086545388209
125.13566170113272,0.09530552754231558
125.93048576572045,0.0958801571458962
129.14117266826122,0.08977286234984494
144.50473189132967,0.07855896475894486
137.99473071354302,0.0913559447474124
133.31856872157059,0.0955153312445761
139.73156146411614,0.08969993985094399
137.37927460110274,0.08797631842388302
147.103201989165,0.08031514204862947
133.64602823917608,0.09478426406151919
143.25963468156246,0.0809763625742457
139.14001806184638,0.0925190906561632
131.0080500433622,0.09526509207959823
138.88625471600855,0.08330373547144047
135.7614403736929,0.08704688261694962
140.6299013107674,0.08541239060755132
141.31240332614664,0.08350185948264398
143.05186007378575,0.0877772317533446
138.44134452789962,0.0833697987699112
135.0414028758752,0.08502152897031935
137.08047581016376,0.0938194766588342
138.11172797052478,0.09342941522392535
135.24056961608258,0.09094264938257639
140.25168113644222,0.09085830552166337
138.40579121435889,0.08632739506214572
134.2616426334265,0.0892780273225563
137.46261447674277,0.08493113443775277
136.88385499341337,0.08500693331530534
137.00338120126173,0.08621364800695479
145.74156774144748,0.07605351597987453
143.29806857147875,0.07978791638556687
136.06890830776027,0.08235990489836122
132.5586119385322,0.09092633100500723
137.43635581811733,0.09422804181404157
140.30043520016747,0.08606973115833526
129.65209200062733,0.09295670648791862
146.22622378622552,0.08110541179418519
145.05766171995944,0.08137924941090087
144.84116596255438,0.08241361622853173
143.5302058451142,0.08313476482518704
149.2625727678531,0.0738915631919607
129.22917459782488,0.10399334390117143
132.45148016139558,0.09792476577274568
140.4624964777583,0.08172703855344142
138.64857038241135,0.0828221240346321
137.45725828287206,0.08553752173791808
136.55148450393165,0.09616309469631275
147.90198177124165,0.0871265624874714
130.37158253146293,0.08792883099103445
135.16453587796883,0.07749885167862845
145.4975197752192,0.08131682205259542
137.48878648890212,0.09058846528312095
135.81054649228966,0.09242031912042582
135.61377570310694,0.08904068510398248
138.42040169126227,0.09018517997018097
135.58651209661394,0.09417671942283677
131.26828098987474,0.09619447229981348
140.63589553909472,0.0813446280534593
144.02302236573982,0.0905224721041214
150.69193628111265,0.07599100878797621
148.5568019489497,0.0740408915077675
135.65598602978147,0.09215183000145531
138.13851188388702,0.0894978599086372
138.6031409976447,0.091265497838954407
135.44971092659847,0.09554417073676402
136.41642668826776,0.0910786147321606
141.61443008122149,0.08937699625338097
140.79934901103854,0.08878281269996423
131.0416346993017,0.09041930756712262
134.95046650097018,0.08834155724459974
140.51623143278067,0.08594475314551815
143.7046651120495,0.08169039697544143
143.1329378241438,0.08309291601559236
132.73957079124895,0.08799353001467015
139.5467468244233,0.08002631793239996
136.17401304400198,0.08429642366575399
135.1481206410844,0.08954116839520664
133.97891223538997,0.08846503168774013
136.2556249157596,0.09132788768728137
134.5562743550811,0.08482304114784049
145.49126667751733,0.07605381622489499
142.63534746520517,0.08729439301363967
132.9473359285669,0.09113719245949806
140.67233347666553,0.08829538383800577
142.64677505225288,0.0860290847220706
134.07184353455412,0.09659817660730156
136.3543791716423,0.08508672874921484
144.3092822384797,0.08791769690549155
131.5707782152445,0.08814230316206871
141.33041480615015,0.09098590747755414
145.07090768089688,0.08663314045869598
145.15462810476197,0.08560593476041231
140.91241026722537,0.08611490911046933
149.42146211092518,0.08029788319044087
150.93828897739556,0.07814641209903209
132.53653040170224,0.09638718228881153
144.8042469992417,0.08068996976523903
131.30895063005295,0.09381791465350836
134.0668348303571,0.09632391831118643
140.8926552093476,0.08640768150333758
143.67338188725537,0.07874851520466948
138.85720908206557,0.08464386199792351
132.7395198513288,0.09780564839751932
143.09949952873157,0.07938871169908204
137.48547686664017,0.08075734866917013
140.7452051474616,0.08385744894607401
141.75128569222747,0.08307666112358421
150.03475516060624,0.07552440787085567
150.34609782999306,0.07625469237532972
149.16254593582,0.07584204503420318
142.2108783569589,0.08720595624041816
133.68895129700985,0.09242248705829646
141.1338709666146,0.08532298415685388
144.4867379549682,0.08213068207612947
136.1779084156634,0.09668121963597269
133.17397907311167,0.0960304124587177
128.57339454798822,0.09686479951020101
136.61363226118073,0.07575673497537293
138.1713558278,0.08049287638421766
137.8826532782818,0.07516702822491998
133.81605502665718,0.10142925320138388
140.17218688179264,0.09281061692547435
131.825565044311,0.0855530299680438
127.15302126883866,0.09059192039262592
129.85507346969933,0.09006838657338631
140.0038923107642,0.08136142710426808
141.60095788535992,0.08642417744564712
139.91767980159275,0.08361349120412949
134.10728095748178,0.09484342434001666
131.43071785534283,0.09019084561834372
138.87863774994963,0.08192371782478064
136.94008325518652,0.07962502302566282
142.16890063157277,0.09508972522708031
139.35353823638164,0.08067463702635048
134.15774821613056,0.10160565428306893
136.44100682261697,0.09585850682013028
142.358087085861,0.08402107710706269
142.42034498436965,0.08982861408621143
147.5651271512817,0.08609645224027035
148.74573934095778,0.08495776046372622
149.6905133749201,0.08413733674817135
137.65802859412497,0.09308934321576556
140.66205430759658,0.09013527899900026
141.37986471674526,0.0920822511902484
142.33171205041103,0.07967308910278159
136.41760840394926,0.08156695489630743
135.56453309285538,0.08690618228968784
137.46809589696244,0.09008483936767449
140.05951417335612,0.08868003176179146
133.4891897196202,0.08547610240112571
135.87907377245364,0.09191244347321574
141.19268023355775,0.07336349316808917
140.75095410113408,0.07163143158634379
150.9827182507113,0.07030516398218553
151.33735860046383,0.07059004740743377
143.1434134083423,0.07867824796202869
141.7150419973101,0.09097983967176299
137.1593194858649,0.08655939257653793
144.49610126453337,0.08415540558036777
130.5931312406764,0.09461290885307753
146.39998385596007,0.08832288730840447
145.2569657694266,0.08134756878848586
137.440051842127,0.09119521058456977
142.14271684441667,0.08842756705018852
130.4129314651699,0.09673383882117655
124.58978719244077,0.09906440347468136
131.00037534888398,0.09402924467906792
136.29926516645145,0.09355326103110707
133.1708574414838,0.09317284888859542
135.20208573378054,0.09742320782487192
131.9550836222728,0.09031365691700856
134.2117879609396,0.09153521183075802
142.67417565204045,0.08860001512143778
142.61777780443984,0.08775310451523023
136.393288878888,0.08558771029897845
140.1770003822608,0.0865450545407868
134.91653167630716,0.09398027329586127
130.49281968160756,0.09278777135290714
144.65960775100967,0.0864382093601577
133.9299856982281,0.09178846732463458
133.32365086814232,0.09199551827721593
135.44846756912594,0.08282510303757523
136.54680967896545,0.08006148970977993
145.80313307630627,0.08986187721865223
134.60836756736967,0.08958575670852005
142.05123746790022,0.08483515491593596
144.01073216499853,0.09636697286669213
140.63608264439293,0.09653841439009805
141.36393029281916,0.09400496883289977
132.80324310271283,0.08813349912097795
135.6577939202426,0.08320384266361945
134.44877356446625,0.09397284436150283
145.76000748579136,0.08460363331229281
144.56261034427925,0.08379619041235213
147.05033737022578,0.08520454126215862
141.8630422878767,0.08288995983363354
141.70858622579067,0.08787348286184132
132.11773656718879,0.08500941517976826
139.85363710188898,0.09444672766174594
141.76984280081356,0.09116604134443193
136.7350889745495,0.09073504955796066
135.10312254822006,0.09954746283174368
133.3716123915296,0.0978691581099871
139.12438421950685,0.0915814129884104
138.3871388548036,0.09037492838186402
136.6971690672383,0.09629564830994818
138.81712772392862,0.09902414126796573
134.04318381198146,0.08700985090688532
140.14931394271386,0.0871290264873709
135.5904553199813,0.08949408004473804
149.15318207961573,0.07976324380346528
148.2220627131246,0.08104835909776235
155.25720228951334,0.08199875368554288
137.96503961395035,0.08670760934074413
137.73015869629785,0.08903565200046464
133.7854493862802,0.08511342737941377
135.078468852948,0.08394923404317674
135.71841865157253,0.08448786466129406
142.80525047680538,0.08966144728164764
137.68427312133957,0.09157052965784017
133.6994365827283,0.09253586096836613
143.06281504058398,0.08805156165594774
132.06774622832233,0.09660240590900881
144.00740217964176,0.08136588328740636
127.8570091725275,0.08191853823989048
131.15266260737607,0.0815286405627184
143.4623162050305,0.0982031481730963
130.4776911899762,0.07932268369654764
129.43519212745997,0.08004052933938147
146.59132248465207,0.09632816574798272
137.14232412742672,0.08550126677425517
137.05972694171706,0.09552374376294824
140.24367562138565,0.09414797080187745
137.0872590091686,0.08842635819708419
138.05247173958327,0.09016601419658835
134.96224586294045,0.09704097398963092
137.6498483979901,0.08736191799222975
138.41476929006754,0.07680481239482717
138.60936380372405,0.09643320235969949
137.97734312863955,0.09255711588927343
139.05791427642495,0.08661853287530431
132.2362225154709,0.09263624471311838
131.60534071910897,0.09535783145541805
151.06103163295424,0.07856278131350439
146.20620119239825,0.07850294686999723
149.3606625685113,0.08282335271285947
141.56136137431508,0.08537602979108273
138.9440359989202,0.07920491811436246
138.89714539903733,0.08641736613774512
136.2654476820515,0.08712840065541042
137.29856296181393,0.09314096678215986
139.86558696157402,0.09021189771967582
135.56078092638228,0.09245758347984973
137.24604546242173,0.08711874856778269
139.16078379659686,0.08245852353662643
134.19047366492913,0.0967991412863974
144.61226377614446,0.08497414278224646
143.79007805003732,0.08450107929060874
145.43095825860732,0.08610560898595217
130.11260920253906,0.09473188111080384
130.24795493864306,0.09820471271506104
135.85764551551338,0.09277452725664678
133.33003084177062,0.09636514109385633
135.4617464229399,0.09385428235276988
135.84269955941593,0.0971973818731753
133.90867576586285,0.09617823397899632
137.3975098417591,0.08690643354993342
141.89438906431815,0.07774995187605542
138.361047846615,0.09217725530292002
142.91813539356596,0.08652966404630896
143.6574609608659,0.07699293789082885
147.40696585179913,0.07350625778959985
160.08575053033962,0.07489155812132749
123.52878223682748,0.09986322862006682
130.8534097500177,0.08556756651969015
140.1014518898866,0.07741189716223149
136.06422808525494,0.07565388327713324
136.9797686492414,0.08392974620943147
132.685705278583,0.08261231022411886
147.25748600199228,0.08617958232255353
147.21486476415143,0.08793764557292011
134.73792817609262,0.09259654438771535
133.89859251465583,0.09233356877976186
136.88488830843977,0.09238923046988959
141.02920284607146,0.08228092174481964
140.5753177961485,0.08564431363247674
134.13989226784935,0.0970953994921042
139.53016216333327,0.08489353182647716
137.5703331127137,0.09104425676152067
144.86402847396482,0.08047048764215216
141.52807734293123,0.09530235661222052
138.37464361955358,0.08534645121913081
139.98047150307283,0.0874678027263031
142.51315112034538,0.08075127020149608
148.22273918677737,0.08253193916398173
124.86837241849607,0.09165519935301891
124.19473651950176,0.0906834082451665
129.16691675531501,0.0922454724415311
129.3757535895065,0.09405462421220771
143.66610410171327,0.08938633345217853
135.74589962593745,0.08417517314859231
134.41893139492763,0.08173783421015578
143.7230253600541,0.09372289369796502
144.3940570538162,0.09295982998230588
134.12587435287543,0.09118352614295548
138.33811634942276,0.09635698776756035
137.266791731576,0.0975640565373151
133.0971744423888,0.09891935591399775
130.2149257068051,0.09018050041012407
142.37211462988898,0.08610974899859702
137.05603520102312,0.08839715015508266
130.2433559182117,0.09244739095405266
129.6268509104105,0.0908568162980605
142.76524383300392,0.08990107731439508
137.05194755114107,0.08785505578557525
135.71169171728909,0.08552360437999659
132.84484758175935,0.08675143429827918
131.73755699444652,0.09165852274476417
137.63228136749112,0.08891496287270961
140.9696433446613,0.09047387792577095
126.10934048124142,0.08807841865593553
144.37272482350977,0.08966110531612512
137.41179934092705,0.07902129642612339
145.81094217791656,0.08212959067192377
142.24577264133438,0.08974768995435112
137.98136415152055,0.08571129420801112
141.0567003052073,0.0903838687441066
140.88967432469113,0.08719341357898155
139.50874460602196,0.08113368935675952
128.68643055607484,0.09027225670719814
142.40973131155596,0.08216264607594025
141.4975377921308,0.07909215301130801
140.97465812008363,0.0787837822768577
147.80777894573268,0.08692896336691036
142.49394335212028,0.08572116887065373
147.20430659699144,0.08200440504196732
130.43474979220014,0.09276250419581493
130.79982027489012,0.09237618997567669
139.5208468278036,0.09551425298859757
138.18780128344056,0.0961953427402135
143.12859581193132,0.08013558170251557
140.8325267689218,0.08394877653361771
138.55170525350994,0.08687169204371352
142.2733217752355,0.07907590219460395
134.89864976408785,0.08018388599642748
140.99842850129312,0.08225243557999826
135.312980800454,0.08885077729003471
142.66332917190365,0.08784035358627283
135.02044888663798,0.09231711067205303
138.10016283726532,0.0759532831324225
134.45019016399982,0.08158781045735386
137.2616737276036,0.08601132428997581
137.51907254990988,0.08454426085960336
137.58778892986817,0.08350683330328638
135.0883048572587,0.09455170362212588
137.06260068322234,0.08639191486574499
136.50125849460667,0.08743778816773601
136.69838785736084,0.08697244633668322
129.69252830089442,0.09574229523980382
130.60463973932312,0.09498063548911617
145.47058534427632,0.08599661133449191
139.6330966359579,0.08948097706342718
135.31861374273848,0.08776251183397665
139.5627967639376,0.09305463022354704
141.20926445390393,0.08783248282197724
141.40761035748963,0.08703109011762424
135.81554117274294,0.09022741930901915
133.3903436590077,0.0893496152643095
143.2664873077582,0.08206874461875739
144.18698007572783,0.08240179454417852
130.96478718403972,0.09478165520807903
131.9062977182047,0.09082748588897026
133.53084470744997,0.09003532345807383
137.17668828358228,0.08644781610667347
136.23455983529237,0.08576247569990327
132.549203949667,0.0993285877953926
144.97583161242267,0.08428597124778493
140.4949551142928,0.08050602736262942
143.72599304557116,0.08346535162362267
145.610595296632,0.09140409370560666
144.87975523047092,0.08902502308356831
130.89609569662124,0.08648652706083856
130.73352401933835,0.09098845652787715
136.41636026265607,0.09903043522592629
139.76948626197247,0.10297122653089974
146.33680569160015,0.08016624357422913
138.01401663748794,0.08341868026916507
137.46099463824433,0.08867065857285683
136.95385055989522,0.08494410969995259
142.69682049331104,0.08638507589991037
141.50466857416302,0.08398458318726976
135.10908403800033,0.09342658253022046
146.91291049922611,0.08805216863975086
132.11616329588713,0.0851130272603205
133.25349462227598,0.08516798720839637
142.32885548828594,0.08108164127596201
132.36000619971819,0.09174401318881391
136.09654475774323,0.09880558013436255
136.52311534731865,0.0990995364199138
134.50410767785712,0.08361138279027674
135.071872237545,0.09592239336606789
142.03598274845118,0.09098698068765436
140.21747321803664,0.08916788197679419
136.71045224578504,0.09305714554185339
138.83854878156114,0.08233971378983126
132.22421329131643,0.08706723204801368
143.01092045228515,0.08036369823078199
142.39030487989396,0.08568510353436945
132.42995355706861,0.09547278566453701
131.01367053770448,0.09352017659901421
138.00649634197788,0.09969261072225913
131.50718556528975,0.09178921322194625
142.7822872407079,0.0758705831152811
149.23326843553716,0.06885292329424736
130.14845512871457,0.11043911280408991
135.69197026763396,0.1065721264387696
134.55272978057016,0.10266749395982047
141.80681889369896,0.07828978141770077
142.9228438901527,0.07972489257005314
135.01429796452388,0.09182886478923655
136.2358788196824,0.09416357951881725
140.67212621405437,0.09131269302187568
133.73656976367155,0.08984051588204381
139.56277992892726,0.08856037280171163
134.57097506470924,0.08791487504602072
136.9659525545144,0.08926093382455373
138.72896619165013,0.08493015357313145
137.13751984493754,0.08408373856608597
137.19456935656484,0.08154649715126659
134.67071977587293,0.09313168393457354
137.63974605619813,0.0910324123396152
138.22533913776357,0.09187135882658214
143.19122455022463,0.08253343346171362
133.30348283257595,0.09868457981258459
136.3878627175916,0.08241406074721136
137.74260278665605,0.09503440434446771
138.13938997449293,0.08845057973422489
135.96804510868014,0.08970483470384576
139.14776673983062,0.084963020865123
133.21372855795533,0.09324293838344974
138.93670373806657,0.08702538189029262
140.309158270891,0.09168704389780526
127.76125885946648,0.0904337082546905
138.14178280685925,0.0811775117500311
135.38606724078562,0.095869131062516
137.57042843101186,0.08949542341511561
138.37105421114475,0.08511334587119637
135.4328779249756,0.09599194133959676
134.15418273350207,0.09612051456780364
142.26419366025647,0.09665457150733689
143.64285528039383,0.07925872008270217
134.64880992121402,0.08820043856683236
126.7004012697958,0.0985569814245458
144.19814328805842,0.0871362697651812
138.99467735167815,0.0854189048263261
138.50260387284627,0.08502401345830968
129.79470518255374,0.0919674440799026
128.91659277513727,0.09263028933951863
131.26441797280503,0.08647128654630051
147.24076861193274,0.07471732877793198
150.1686461736233,0.06748509406059772
147.84249794118674,0.0740730219816364
137.4498322531206,0.0786165600881247
130.3933515986592,0.10768690307633023
138.6610713960905,0.083645847846733
138.2728111137986,0.08417283459803486
137.89132322391498,0.09135248309458356
139.11862483722527,0.09092316752472292
133.5824264512901,0.09358202763150253
140.88311045329937,0.08709493959334937
141.78322661445824,0.08565462248760698
135.22954377636333,0.09086614884321242
139.55097120069604,0.08806410155237822
141.60735233757336,0.08837648463373793
132.4117639662354,0.0950669133631946
128.23469190422364,0.09550924861808453
142.68670474398738,0.07600827698617955
140.17248187326868,0.07531613326649053
138.64550319429074,0.07925897576970219
159.42411527903494,0.07455360084656502
155.22598145677296,0.07366749269383943
157.55362582570092,0.0796977314746359
150.90946232140777,0.07863336368516267
147.94120465764877,0.07753946603690903
136.19906437663263,0.09754014168198351
147.95754946318365,0.07415070110593708
137.09095254948258,0.09391334251459475
138.24395288662964,0.08474134393002569
133.02998709420072,0.08712683376308407
142.27792207463105,0.08817151705414758
148.12678618170787,0.07533096592197615
144.01951675408563,0.07019560271220421
136.97446703626338,0.08819353521098895
147.11209044033447,0.08477388475108891
147.44720483700843,0.08481188591314315
142.96116792756024,0.07791605935555376
144.9372506162088,0.08296232590731166
141.87425061623063,0.07541609406405826
136.9375214037292,0.07973369261021555
141.49104699653907,0.07784207985232718
145.129836645491,0.07436827048245702
138.1820056599693,0.09269250605643055
137.19218791613008,0.08315720897567422
129.80131250450407,0.08773352066727201
133.1884438069368,0.09622096936827938
154.7574649400903,0.07988800563256866
134.2956948364334,0.08397635137024455
137.15773378579573,0.08691985793820223
141.97570894679532,0.09419710601306194
145.0784463119394,0.08468974631920373
134.21696667484144,0.08979149994440543
136.3205221240669,0.08481000917894584
148.40229869481357,0.08423028725591017
139.1999590706727,0.08340612782299581
141.8076367043265,0.0858319877260214
137.3142498208152,0.1003060603236451
133.99839072192745,0.09830182732477204
145.96814078525972,0.07507315751035865
142.26388146182765,0.09347977587159899
135.55796918955954,0.09041136974475776
143.23387220434736,0.0879087923608179
139.87430953756206,0.08126760832333675
135.5334821633405,0.08276554104549373
138.12509503692158,0.09039983224836853
139.493491450265,0.0906227334826886
139.63331686910703,0.08254001571290163
135.56981663928352,0.08413940363487545
134.40293822086127,0.09413332328978495
131.94341230943905,0.10469924110096397
132.04953229618079,0.10831497918963981
135.4192124272968,0.10167145251619879
136.06149207884815,0.10121425803635896
131.8644741778481,0.09628630897749756
144.7099257716882,0.08278461484512062
137.332331731849,0.08555415588701844
143.50383699834032,0.08356723749298647
139.1457192810685,0.09327614952940554
140.22315348165066,0.09002444771445006
127.90140513669355,0.10352927529423525
142.8585345562882,0.0873995771578253
134.59854509401478,0.08865664435502525
144.67292026823367,0.08116620347488376
135.43864509874257,0.08927933888934508
142.08807423029228,0.09185403809043219
137.79958889356107,0.08380864839929923
141.7653235856374,0.08697383275735764
135.29119416300372,0.09365716312364393
141.29943573731276,0.08930013114431758
134.70347091458746,0.09320667078434818
137.3979674790025,0.08936224021940031
130.18788985648672,0.09657909427211164
139.10639927087672,0.08581606011211183
139.99126766902538,0.0855586794029249
140.76864080530456,0.08636118733370184
133.89728972206086,0.09404016679692878
127.98539434149876,0.0931425545042249
138.5288891932396,0.09672353033810753
142.13465238708397,0.0852257951997516
152.89330939824976,0.07461119733061325
155.30533510237743,0.07427494775091897
143.62472116572206,0.08246734944587529
138.70022525973184,0.08066942664882401
141.1994627780053,0.08785973651527912
136.90782345607013,0.08602025164971153
142.7739989420702,0.08599050666605376
143.46964632663318,0.0865214804044911
144.43611208592327,0.08457467019289895
143.99880329396075,0.08621562776912042
141.1508171070128,0.08892418534245705
133.40374139311785,0.0954781023694321
131.11911275015768,0.09134242726657828
137.91871702641345,0.09014270870853337
136.28117896676184,0.09679745543372112
134.65763926756938,0.10016093529161542
140.01622324145407,0.08046806334153882
138.36067073185794,0.08355884924175017
139.16930087397927,0.08488810253911362
144.91733644732696,0.08022726966850176
132.13326198675173,0.09626288215652998
150.24062482632726,0.07929344175003761
146.62251248917687,0.08362903655205131
133.09246847652906,0.08617336978167055
134.80290163604116,0.08724321245503874
143.7578874903631,0.08679298482481804
133.9223767516796,0.08501534654931592
140.18274502716724,0.08099775403082407
137.3198572409611,0.0847947778439465
139.61579513510884,0.08717162816434185
131.83401650680295,0.0987320342388743
133.80523027956812,0.08937715781663508
135.61902001847844,0.09040338445675367
139.7701269079421,0.08458194751300797
145.03620169357148,0.083548005245101
143.12692301377868,0.08915784243300487
148.19269277596058,0.07871518086235356
132.91822923739292,0.08851723852464852
138.09796949275187,0.09436909042195347
134.19424616999817,0.09541366036934242
129.16753230115816,0.09608263220901404
128.20722835232777,0.09503012991412918
136.49061127820778,0.0895566132206569
139.63954362056305,0.08472652256598698
135.41702727885578,0.08651518694259974
139.3484008366156,0.08728578039228128
142.47124381668337,0.0903786716740852
138.35020386307568,0.09349102321988312
132.19934135120315,0.08989797499585464
139.63234661222884,0.08949065321951463
138.79631427685345,0.08814815841548941
137.23699580474283,0.09040465908608425
135.8872558224213,0.08769646445753966
134.3744119991572,0.08057397104127322
149.11397991504586,0.07652741519726383
147.7528925883814,0.0761492856408822
129.18666067757692,0.09616664309391432
138.44678515362907,0.08928617729611679
145.64530893936583,0.08002795783045542
134.06904902559563,0.09533350062560324
135.00065269670225,0.08716973076201703
134.05417340332224,0.09093365468979174
136.28454274177545,0.09496221214504351
134.49958592176992,0.09363125240662622
130.58418338158546,0.09289402469033477
139.49258226273,0.09298085118497254
136.76857691408296,0.08774703713640213
137.9613950237564,0.08851951621834717
140.27813408386587,0.0834563022664794
144.34106670950501,0.07899091424890026
139.6881452185373,0.07862871586088194
137.51809743956562,0.0965639646827295
137.61604375659462,0.08994313306155659
148.03419122508677,0.08145771926547958
150.45242491130284,0.08174575825075646
128.14332191518366,0.09562227590719953
129.42773898366988,0.09564638215316362
138.15118366803623,0.08455796320387461
147.33431922651127,0.07524244539987263
141.10259922407346,0.07663715793933265
135.71270344523182,0.0911306658846153
133.95427398640467,0.09175754922623308
139.72107345313165,0.08338454219726099
138.80691570677692,0.08679953981940694
132.22374435572138,0.09731214538185969
128.807728082209,0.09397288522448886
143.76912335408,0.08106084858853774
126.83271999604604,0.10040117174910004
129.5719020592198,0.0891442880394429
129.5471972709048,0.09367388558098977
129.91601389193795,0.09388225659593019
135.95424309591692,0.08783609696376506
142.98688662481808,0.08758660383096574
142.31275112051534,0.08754704325469276
142.02019995392695,0.08833788784666695
132.91938541512357,0.0930786750341858
136.7007152098677,0.08474552852963416
137.78707368666454,0.09351461586059807
132.687723721712,0.0889601197227772
134.42032813178284,0.08956375365270319
137.1193882693608,0.08959951862444487
134.8502639991643,0.08271479680318557
136.43328855443337,0.08767217915347364
142.17082229940934,0.08999876445962464
146.1278707169422,0.08723463335596712
143.22256439263293,0.08777433946503312
137.75204457855367,0.07676440231721963
136.72273756112605,0.08292178693112992
132.27358856042127,0.09757740782584906
137.03223967459843,0.09051031011417994
138.67688016671423,0.0915459589880659
139.37397216429648,0.09708054324428969
149.6768654810876,0.0807809182033116
148.8863740958424,0.08029663101711097
135.4318873538156,0.09915383828886946
144.74239441434293,0.0867673076402497
131.4164017087374,0.09311854271660756
143.1555003123389,0.08881329045338004
134.53742686323406,0.08468711278762013
132.9109683860718,0.08600946136202157
134.0685920967216,0.08788897132239257
132.18246437623236,0.08570852163519249
135.61718363641916,0.0994403111719469
134.01829282781273,0.10082278331541528
144.69556753598994,0.08549524882493198
141.87843823608327,0.0774108523579945
141.87843823608327,0.0774108523579945
147.1122123049776,0.07949154196697766
145.13708839193492,0.07838780758614973
136.95021988951467,0.09087154524486588
135.14846842490886,0.0925554734476062
136.67382005028983,0.09076284415926267
145.31641898530026,0.08784540558503046
142.93892594614525,0.07821787717919974
140.04263109994955,0.09318222481628698
145.4802162027244,0.09395099465004678
141.07454868154153,0.09211337303632945
148.67417250350036,0.08367145914190502
141.05511840196175,0.0915847760518751
136.7513394298463,0.08755621757671211
130.99171014877967,0.09584524509806343
131.8297650824541,0.09804811744061319
143.2905362894836,0.0869152136214079
149.14647673262672,0.08739625610336284
127.82739670407216,0.0916497232247725
145.4598517245618,0.08624051095384719
144.55830220610864,0.08861894393304548
132.72377499176184,0.08981786027911927
136.0347105406507,0.09271970546911781
139.04122003967314,0.09331147276161035
142.59468259373074,0.09265641623426905
138.67308142750286,0.09445155320896333
141.97331326470007,0.09623225723810286
148.4536147142079,0.08982413163789436
147.59011719240476,0.09201334722953972
138.50621323575731,0.0937041942505828
143.75887363508713,0.08461260697869367
140.57918491927586,0.08373587487393144
141.2426236110141,0.0928867466845257
139.6193012075969,0.08797224634551076
136.35879104452408,0.09221462006666041
131.5673228551159,0.09170175949444355
129.00663752545097,0.09150653827244233
129.15871185558345,0.09876547482752147
140.31295255290823,0.07955540757278198
139.71622813517791,0.07617126452016171
138.84895208419377,0.075246267505804
155.11845767094536,0.08003599858916607
138.52485740527507,0.0779626575179471
130.80028564812037,0.0984679553822799
141.40376565513816,0.08760003091990773
138.28676309261536,0.08514204002487516
146.47769494211002,0.07931037861332527
148.1688827659476,0.08070082157584067
151.35282667768547,0.07929747693112914
136.59234578008537,0.0762424537958027
135.83082099657193,0.07616224083571534
135.27454970261059,0.07383650078473228
135.15138003646635,0.07447674648865381
150.54088128151835,0.08194294259778222
148.72958139653286,0.0814126960375112
145.51890170636213,0.07827096448547875
143.98133638780192,0.0797355927607451
136.4627794303924,0.09065013317633915
133.13429569055327,0.0889419242791296
135.14205343430882,0.09462068090506964
136.05645223575004,0.08921164143249355
141.90148734990154,0.08955862549572347
139.07157858155304,0.09222908080407524
137.32717593602638,0.08097780694649949
138.283395659282,0.08516050661862055
137.35861744454857,0.0850018872767683
127.20085948272582,0.09397884988782067
126.97367090976199,0.09269325860959372
139.23851965324891,0.09098178107215905
133.31341603416007,0.08225681405730025
144.04305017702143,0.0806562658213198
135.10717325862154,0.08368791731257533
141.0580256175002,0.08989796731044958
134.21150477678603,0.09131511324956532
140.47347344875553,0.08779252069761276
138.17751863826447,0.08595130130202215
143.75559882916727,0.08384948944305443
140.27424799609076,0.08521855705673649
131.23679035826947,0.09431023940142765
146.1757722415427,0.08315596921952037
141.3983785474514,0.08638969224825001
132.84089131847227,0.09460028095631534
133.97881406610043,0.09457296589386471
131.60482008565333,0.09452492018216227
135.8454102190352,0.0926583860707236
139.81024408807818,0.08633922879431283
144.58168392694395,0.07833532314961013
148.11949928052763,0.07767440779101305
127.19444133269971,0.10097838082528349
128.46360452650944,0.10281552386434235
130.98901095105825,0.09511697456643152
129.85340617774503,0.09425140254223226
134.97121393892098,0.08836595775771283
134.03925736681936,0.09311547672579229
133.633743679003,0.09101152105679666
132.78626800142973,0.09155893518973666
136.21072916025594,0.0888949214042313
133.78921689358748,0.0859017738724499
129.57757960990747,0.0851872505220985
130.95005644025582,0.08780802530506701
134.62890935418866,0.08992078501805385
137.615983081989,0.08397654607623047
129.38284335463183,0.09119916761677144
134.08412947873057,0.08523544082472218
134.75512228330894,0.08787178026813447
135.83101636420375,0.08854747733296651
146.37698090897078,0.07874013458492826
149.82577607393415,0.0798931288045734
155.67988426114752,0.075751513626920855
128.81984165840572,0.09244614639219498
136.7439179171452,0.09079781484404129
140.31369670999356,0.0925398265245067
136.94427939666633,0.07909291811422821
143.34413601420152,0.07631246586029652
139.83841807607064,0.08039490041887015
137.45543835963213,0.08199190189076365
136.68952357115273,0.09168309137254907
140.64063657047308,0.08805575550732042
134.70181786058214,0.09096016897533409
138.01845024015276,0.09089807138758835
144.59745625309054,0.08895394127642171
137.61181807815544,0.08508111324002815
140.01467889547615,0.07566928629319268
133.3352704568585,0.09150322041319231
133.6709962584105,0.08992301984002882
136.42424832199836,0.09275253367074361
141.1704540559997,0.08119274085082104
139.91823531573544,0.0901779398746558
137.56635525304856,0.08814044371159346
136.32136055974544,0.08934627582038618
134.83567326135122,0.09376724914064623
134.48332961259317,0.09362758352704854
131.7755522164669,0.08101148360853251
132.81766829671983,0.08622341380863584
133.6941015800128,0.07840847623909517
142.62549656761848,0.08762633978182936
149.57675880360802,0.07951700670238303
149.91818032133253,0.07848549588537446
123.73256041383911,0.0997067166488874
122.39703192455178,0.10231733658775723
123.34119258739408,0.10483114272697154
122.22572770634633,0.10302245741405372
137.95899516364065,0.07531483158188995
142.40227169230832,0.08068590172301113
141.1120163849319,0.0807913245208468
138.54008152082926,0.09032410389904097
138.85150517669925,0.09214867250006636
134.9758982271377,0.08866529987275877
146.8748341525343,0.08082297227814866
144.94839409014463,0.0817088871272476
125.78705918459461,0.09639209938291186
146.02657634405534,0.08582943781401703
144.02934558849228,0.08572579544981267
136.26448763716436,0.08898981086301283
137.64362495360842,0.08566349317108363
134.11742863849017,0.09438514918343491
133.05810912778068,0.09617504266307778
141.9501107663382,0.08329989141353521
143.49147088723606,0.08413940510244662
131.76148600890983,0.09622043874155785
145.91487272337622,0.08070206612761605
132.26441947760054,0.09094837471409797
146.10143594566603,0.07610162352158376
141.11724072753248,0.0978398105245501
141.25640673177065,0.099241750641602
132.5624121274593,0.08859161307652327
131.5121768078936,0.09219772905412396
134.869818444857,0.09377934130263058
132.37064804284006,0.09587621580254817
135.86267116803418,0.09175145599481284
142.0429744194021,0.08926862580022978
139.18748705602826,0.08827106538354139
141.2091788624053,0.08634641890457807
142.26251830364393,0.09262122348250301
130.9367783080713,0.09715642211090847
146.92621384977483,0.08469062056841918
147.30062375868948,0.08502992542495826
147.21385545256112,0.08561703265321607
142.04144384014904,0.08910322618525572
143.3054264519886,0.0850102396284864
133.31901223572828,0.09022561359028672
134.51531153941684,0.09302481161615317
145.13917386529693,0.07944345878696357
143.59422946767322,0.0781579693257716
150.0473173275119,0.07487897072437144
130.88935145416008,0.09414750179909895
137.04881580013648,0.08933684539529874
142.1414407562507,0.08627750863096621
129.3590805255226,0.09796422452139195
136.21507708511464,0.08927026840982506
135.35892989292765,0.09808227417529798
138.42978968619022,0.09677483336616663
136.15214857904476,0.09187048552082219
144.8856745028798,0.08223557589429122
146.6009551434278,0.08017549961111108
140.25452864582226,0.0819863135609462
132.82845909594778,0.0931839947655812
133.46155500214752,0.09517958992947641
133.16616750164542,0.09562243595973713
139.44633177273892,0.08651306123721306
136.37993366054414,0.09278723133137143
134.81061830709638,0.09344267327631368
136.67922269569004,0.09793745278106304
124.81060369322289,0.09250863974947665
129.90797772015415,0.08405456452008678
143.24986301517455,0.07746026021833738
143.24986301517455,0.07746026021833738
137.37463201567934,0.0877645140100574
137.06704440692926,0.08646065858018173
135.1355140561762,0.09627932090320979
135.34645454488415,0.0991219889057838
134.2490582748253,0.09580628082320244
142.100827063312,0.08277418641404845
139.00022810248785,0.08725918117486436
141.87681117502012,0.09041763492840388
140.55451199190355,0.09122587365745398
138.03133742186452,0.07663455398236711
141.88214983556242,0.0795553846009277
136.19053014706822,0.0876478962733074
139.05876319042542,0.08343357535788662
135.80437499086887,0.08518065629864438
142.35140384314232,0.08992741717066273
147.99121242507331,0.0725888639518336
146.08974856649397,0.07259546519332741
135.93467483901762,0.08188242872782754
132.23644068734347,0.08507172453502819
130.51122608243728,0.08697094534565984
134.85138142280084,0.08155769154541913
145.11399116198967,0.09009894353151761
146.46207037023058,0.09170008955221037
142.85637683503336,0.09185336524969026
135.53452320272993,0.09384912974618455
130.61746751660152,0.09366865723953344
143.23922482918292,0.0869467827316834
138.55552632028198,0.08120799697173767
138.23186522860004,0.09202504167255683
137.7104804295554,0.09508118799900828
137.96206550840762,0.08709508833886838
133.63335939782826,0.08988658397817799
136.21502797118174,0.08703745620489771
142.83515253949776,0.07961864915742882
137.83935965546814,0.09075854205839991
140.70898101791815,0.0876820613621406
139.66116285288325,0.09428872566885545
135.25225697189336,0.08825473328247042
136.416707255135,0.09143471052720992
140.8942271364599,0.08988572909723437
139.12677192081165,0.08196654453406078
131.3658693919143,0.09352147142908981
128.60491364172316,0.094491155847007
136.37680251407136,0.0893775056741023
139.07556547990652,0.09177991099177672
136.64868583362167,0.08706947051634996
139.995099006214,0.07877085187722865
134.48384370766757,0.09675909725505114
143.55916439408912,0.08012098426016981
136.2774132723106,0.09406038120677636
140.79891452892673,0.08622714660858598
142.74106371065602,0.08579909320519415
144.61798057631518,0.07776737373187707
131.16732231225282,0.09879032777466705
133.81258456597925,0.09236271074303391
133.77010940628486,0.09245423355962208
137.26772004073084,0.09715700286965656
142.43316767821293,0.07902964028128322
140.05132937519718,0.07547218733413391
143.09643012523097,0.07732712800269266
144.71843131910893,0.0850329565382345
142.43981458792047,0.0833737996781009
142.18676126377454,0.08325349654139735
143.40115497028563,0.08360820714836835
143.50179292390743,0.0855815335735825
141.94728939100764,0.09503108100461828
139.66857045970133,0.09189518677310353
126.07852759426369,0.0974385939470184
125.16125671958201,0.09485369896259746
130.34014798145884,0.09193376237613797
144.37017714711902,0.08684890771034279
144.1763404141623,0.08565575910154168
143.59211346243703,0.08795450827833194
136.5151442225405,0.09105517900087924
136.2207631575695,0.08627535353000876
142.3300670538813,0.08465447015384342
142.44906891609526,0.08163694368630621
136.19467473451292,0.09111213596231164
138.15181630799586,0.08560719849216325
136.18087258217088,0.09304135506244869
143.8286964719875,0.07327588878483927
140.7894833169982,0.07902270023105776
144.1773877763175,0.08470184319722729
137.21607114032287,0.08477297633694397
137.87775818460423,0.09031466042433825
146.16911112128395,0.09226887472582992
146.87107683941548,0.08921861046703976
130.18976980842223,0.09098482621732526
132.45680976727942,0.09200354921787178
136.52264842961273,0.08377553431648058
127.99078774279124,0.09450953163413654
140.14402812750959,0.07881749463401898
140.7192287234646,0.0791865937163988
139.18572886236552,0.09056940630932704
138.62648215327852,0.09433378648937399
142.1199373434396,0.077025132816785
136.80638972707072,0.09548503393120741
136.93039784191492,0.08406486058033642
140.344408131443,0.0906961697281016
137.35441371784174,0.08913173950785576
133.92798655206704,0.09309681072782539
129.6989068715964,0.08875868873838759
137.79119782998927,0.09352161021430636
138.1723774593014,0.09803597757117491
138.74153248419822,0.08465581718065167
132.86214101965678,0.08070043934971706
143.47072626784632,0.08779474166653341
139.38113185650565,0.09334067078820339
139.48441399675943,0.08220600515514948
137.40883389101464,0.08939127090018864
139.16928738558522,0.08486838463597632
135.12721942943318,0.08406885041355337
134.80431589346114,0.09909604471730142
138.49123284411206,0.08164571144624148
139.10706615642155,0.08256872470688705
140.43003042510475,0.08087391439448638
142.99029919447113,0.07692480382725515
151.18196339724665,0.08357182087168097
149.99681720212888,0.08382370280919156
149.82683101469337,0.08496222810339481
134.72031660019874,0.0890487003673474
133.42116927270726,0.09715234770657488
142.38665396897127,0.07776562364819822
141.2226868540758,0.08792431341704181
143.1916540196118,0.08938298346709159
138.1485953901823,0.07859971952651416
141.63320032287893,0.08316753744994577
145.7296011543615,0.08008143168479812
142.1290411688359,0.07573918036344857
129.54325266504236,0.10040314988931046
133.06304734068155,0.10128416764556013
133.17436594269,0.0868356942895751
135.10461679753584,0.08805721464796397
139.86617300480347,0.08581934738053926
146.42895298696712,0.08068122244566023
130.37780826653196,0.09840141361472882
142.2467046806392,0.08263957158699066
141.88228770929365,0.0840981269094654
135.25298970042704,0.08755304846326746
137.0224524558894,0.08583957498813004
131.42143106741102,0.09045415257876568
132.7401523140585,0.09898809590238529
130.74047540171702,0.0992168243155263
131.46049340355407,0.10996758553226384
130.43878792969318,0.10231486072907002
144.2733082123959,0.07175751334207157
139.56792331894007,0.0755015352204887
147.33582705750314,0.07625429026847737
134.43935003820388,0.09688055787190537
143.4277524318036,0.08178248393139712
143.7507184717365,0.08430506303139663
146.429555212256,0.08053670379903703
150.45481799069782,0.08267276790186867
144.6495961718264,0.08798553562560714
144.24873716213148,0.07635058405062717
146.32250092816204,0.07402695871072142
142.54043223319493,0.08105317790569809
140.58864506848943,0.08916877635978604
147.383916565259,0.07259045467844531
138.45879693707556,0.0883656087218888
128.10277121316335,0.09258793748315135
134.5711177598605,0.09343424269138324
140.56390477061754,0.08106503614971523
139.66395034483867,0.0852126692157273
135.8218751797893,0.08299300333932523
145.2600572614476,0.07346873412642217
145.6588938953584,0.07132376107535333
139.88383423892682,0.09169868831072302
133.93130722974638,0.08699449713019151
140.1273244300493,0.08619186477915323
134.57250995334428,0.08591020687780004
137.2025454284837,0.09924302876870524
129.13669369808807,0.09001862802691626
144.8314866647693,0.0910932877368073
137.27711334126099,0.0844878093275653
144.05383542799214,0.08520806148157378
135.41920982005206,0.09257437417408805
133.84799187912512,0.0951640241619628
141.96298812381366,0.08321793487547872
143.75188507567754,0.08242438244764462
141.12386808283816,0.09219121131902248
137.7813293606629,0.0916376773895259
141.1434857176783,0.09423199628034083
137.62542404223524,0.08237960813574581
140.70231878760777,0.08261918123779156
147.25935502057533,0.08315909685243313
145.12027225516078,0.08434022223929932
136.31615695053205,0.0918016604698657
139.81548231718202,0.08527464137678728
132.7010652833455,0.09091409607484577
134.16932838947682,0.09356660906926718
138.53454447904144,0.08441042565116974
132.36506244865652,0.0842977570189073
143.78743470481876,0.08185920124069769
150.82211574675557,0.08100373239535391
131.5986023886603,0.0902188672187668
140.28901656142568,0.0837010930823141
131.27976516881233,0.09800990504958847
132.01195285096173,0.09693882952465983
129.48824614978898,0.09964790082728331
130.92476495777592,0.0920160807179915
130.28835253323905,0.09138031422673139
136.87620300771889,0.09841665222474316
139.9378095718807,0.10146587162546859
140.62967150244987,0.09886316179767107
142.2168782276417,0.09586318027198762
141.44829575992347,0.08665749643553614
139.26288677293235,0.08820254618971815
140.42969251896002,0.08812888425127545
135.67064654161285,0.09564599612117068
142.6904046207588,0.07645981507340421
134.03057623294615,0.09423793780816102
136.47564791679534,0.09294400162750241
143.74772980380698,0.08067355597694999
133.8258888120197,0.08668083449049498
147.106597985477,0.08323701231137969
145.96602694035664,0.08192570943552338
141.80989202621979,0.08609032789646696
143.98562417670033,0.08714180955275236
151.4798947056768,0.0831128771748168
152.95579112994844,0.08328188295381782
148.88053148962413,0.0850294479562065
150.10561810695427,0.07212309452968077
138.95240230743192,0.08456419268063897
138.62230440768874,0.08627301352930725
137.62098604292436,0.08783396385765897
137.141460809281,0.09205223515670785
137.80980870144674,0.09474112514040735
143.16889580770038,0.08880048978964966
143.54997895587212,0.0819722348121439
146.85756182031963,0.0806198400384292
145.83155933686191,0.08068422664853737
134.5526291953333,0.08911577123826679
134.5526291953333,0.08911577123826679
139.68397917913396,0.07699562160136315
142.0605688125489,0.07854705406705968
140.5225214261027,0.08681934856388378
136.41379338642085,0.0893997895962818
134.10427809575916,0.0903388868472874
142.87413350518844,0.08764902845907101
134.5845272245383,0.08159974182645119
133.61277772190246,0.08915691790909759
132.48921908499608,0.0881529292373504
134.31265643181789,0.08962587600788614
141.54531941675972,0.0893025872859958
131.41622323493263,0.09432673543417767
133.02465734263265,0.09208642562004288
132.8058360714491,0.08579518792378017
140.69292512267538,0.09009167515622941
141.19633822583026,0.0914661141363371
135.01705984663312,0.0942739601994005
135.01705984663312,0.0942739601994005
134.83104013143074,0.10060593500389849
143.96676002306793,0.08437006746780792
135.5428155194799,0.09348285827662076
137.8063542569891,0.09189691699652448
138.83060293819753,0.09096538617773033
139.80144652156744,0.09468105277139617
136.96077079547712,0.08976696107895996
141.52998353104465,0.09290836140617019
140.55614447372074,0.08450738252513126
141.51938024310104,0.08572159458731267
137.19013374744546,0.08876717381826427
138.96429939214326,0.08763303550901268
140.64621024942363,0.08502063037215553
137.52318366310155,0.08844691032500822
136.32063052541093,0.08975823053413672
131.8165291721812,0.0909728634622567
132.014341276664,0.09047659235976406
129.70774638586263,0.0926465881571866
139.95745595111848,0.09342458051181134
137.27944471571206,0.0931419524269792
137.62775062299906,0.09233913051515566
143.8374246269122,0.09257748896163366
142.79550956830786,0.09184892273273215
141.22922061407732,0.07871772284479367
140.17016112318908,0.08252331881771932
135.73002713417478,0.07941792178243602
139.1791658483976,0.09388091234070375
137.9799765077504,0.08730660769081662
143.40522891036403,0.0827771564313503
136.52760446130188,0.08598991806039714
137.30552992288122,0.08877409550409009
134.726611986813,0.0908854368403625
148.74723891388447,0.08590468907810264
148.43302911854576,0.08492054693726785
143.21970697427707,0.08385209067490193
139.95730184584397,0.07979249485957016
136.34713399615183,0.09595194220502419
143.64347907850407,0.08308975037344345
140.67914475398297,0.09081950743955519
128.88350951327882,0.09806909414926183
146.41790920389667,0.07871560971918723
146.15260328769642,0.07921942464992218
147.41362263586308,0.07995507353260052
136.087551719372,0.08021825449315945
143.68486963384785,0.08117696994126086
137.42870317706883,0.09359232082571416
140.51815779951488,0.09315144237413886
136.69837288222567,0.09143458076056203
137.08633185179886,0.08763293111025952
143.81799218776732,0.08453159099633888
142.48831918478396,0.08680932181844117
144.3000030774921,0.08530173803537142
142.08181077824952,0.08011877266531353
135.8806935160212,0.08098994323468378
130.68856055818208,0.08645063238357148
135.10579985269834,0.08952072598185516
135.55916094040325,0.08895009174489157
136.39886387893256,0.08955939869650455
140.42550175121812,0.08306113768067681
139.31954835598623,0.09297760562442335
138.3109643776996,0.09238575279295616
138.5935161624101,0.08697067349428651
137.55108265451287,0.08839785450720061
137.1493998595215,0.08775150947383223
133.78529615907723,0.0852594371053723
139.9652764495797,0.0937371729454777
138.27802351992244,0.09686963632992737
136.25099043161356,0.09335613616077501
131.4740187834526,0.09296606935263836
148.79524121326432,0.08316592200354544
144.5050347578878,0.09145298489554131
140.88775065512408,0.08987395961268627
132.3143888038728,0.09837905916160535
144.24158374211154,0.079305429702655
134.89126968495643,0.07977193189810006
128.14043499599086,0.10537136135739637
128.36234615773532,0.10014761135358999
134.5852261665622,0.09447842102709053
134.4347656778086,0.0912511450822215
137.23531711141234,0.08985959677206716
137.27058114846196,0.09029121749333037
128.47286371243712,0.09423767221152549
142.3099146365523,0.0884046555575893
134.820464332598,0.1023193108006191
139.9994763742968,0.08955683613476238
137.40808710540978,0.0869727014834275
146.08812904652,0.08594210092054279
137.13831069436247,0.0891338763254403
133.04774611419933,0.09075561063431209
140.87286244532436,0.07685146282583238
138.0322092832769,0.09184717228500189
140.42704914129405,0.08397923161894934
134.14708967167448,0.08633992603986236
146.35178680527807,0.08188875687962624
147.55502687561992,0.08372246545320967
138.56642512482247,0.08560367382979886
140.71161750233185,0.08847676138272045
138.46844394421998,0.08423509267197457
137.47882596588096,0.08202020524085744
140.17279419364425,0.07365523747752378
138.15025539082157,0.09728804441851888
137.54435717429453,0.09636326930753379
137.54435717429453,0.09636326930753379
138.931623048651,0.08560217959906023
136.59033545349376,0.08465524988270168
133.40956708393472,0.08626788083126512
139.5571809914049,0.0819144575528789
139.6841333184365,0.09189658821516573
132.22616299274432,0.0840183660706257
121.28672487221642,0.0950446503838853
135.64043066293385,0.09521310438101392
136.26357752347963,0.09794464342857855
138.724139427653,0.09852129515472607
132.9129007137339,0.08744637179059515
137.2350276127427,0.08050849231252383
140.35739929233944,0.07974568138408156
131.6537351217098,0.08727157090051713
134.64916911929683,0.08657053568052107
136.23409941494177,0.08556248007401117
137.88582980114145,0.09497500306133343
130.7884627426787,0.09692793817213519
134.64641325136535,0.09551719509364288
139.30127784970233,0.08137761169190678
138.30866553221722,0.09557622849977457
144.09493358739329,0.08598793872109871
140.2375601954073,0.08477642672906656
131.47448688955774,0.10242707679410264
130.54659847327412,0.10621465055283333
134.82765525691002,0.09221701431492703
137.8392564501796,0.08695672544328195
137.11254818491443,0.08811406066197082
134.10173504590617,0.08920275646276378
137.62986406543956,0.0855744303616121
138.96454075673861,0.08809729008076757
139.8175140991392,0.08851286779411728
137.04504477744328,0.08707831419206323
137.966344718,0.0865973976585532
138.05595433608943,0.09106593513038798
133.4178824818237,0.09841573477081239
139.66863469372717,0.09179028700807654
135.82929609115797,0.09430504810494754
137.64845226265248,0.09548060867653049
136.70654702231388,0.09087758776939255
136.86504771986145,0.08457390447895118
138.04224464780063,0.08233058749926427
134.5602823526541,0.09415316368057534
132.72179458213523,0.09508519204240501
136.2205824905913,0.10061223052366831
137.67986044697992,0.08531768077324871
136.60237843395788,0.09206360977742982
136.5712338951672,0.0897907302227974
142.09252398135172,0.08578475183701605
140.35801119769684,0.08655449005528196
131.86003959733128,0.08632953708464389
131.8075047723499,0.1002474569459721
132.47667565442492,0.09714217573831063
133.30263271797165,0.09680343910493844
140.52394995598397,0.08481743051474042
